stock_code,product_description,stock_line_type,total_quantity,total_revenue,order_count,customer_count,average_selling_price,active_months,first_sale_date,last_sale_date,quantity_rank,revenue_rank
22423,REGENCY CAKESTAND 3 TIER,merchandise,24858,285992.35,3317,1314,11.51,22,2010-03-15,2011-12-09,50,1
85123A,WHITE HANGING HEART T-LIGHT HOLDER,merchandise,93577,251886.61,4895,1490,2.69,25,2009-12-01,2011-12-09,3,2
85099B,RED RETROSPOT JUMBO BAG,merchandise,94809,170297.99,3260,978,1.8,25,2009-12-01,2011-12-09,2,3
23843,"PAPER CRAFT , LITTLE BIRDIE",merchandise,80995,168469.6,1,1,2.08,1,2011-12-09,2011-12-09,5,4
M,Manual,service_or_admin_line,9501,151951.92,620,438,15.99,25,2009-12-04,2011-12-08,246,5
84879,ASSORTED COLOUR BIRD ORNAMENT,merchandise,79694,126704.06,2652,1010,1.59,25,2009-12-01,2011-12-09,6,6
POST,POSTAGE,service_or_admin_line,5333,126563.04,1803,405,23.73,25,2009-12-01,2011-12-09,500,7
47566,PARTY BUNTING,merchandise,23591,103802.53,2077,894,4.4,25,2009-12-01,2011-12-08,56,8
23166,MEDIUM CERAMIC TOP STORAGE JAR,merchandise,77916,81416.73,195,138,1.04,9,2011-01-18,2011-12-09,8,9
22086,PAPER CHAIN KIT 50'S CHRISTMAS,merchandise,29430,79455.68,1691,896,2.7,23,2009-12-01,2011-12-09,34,10
79321,CHILLI LIGHTS,merchandise,15658,72527.79,922,304,4.63,25,2009-12-02,2011-12-09,115,11
22386,JUMBO BAG PINK WITH WHITE SPOTS,merchandise,37680,68376.66,1767,601,1.81,24,2010-01-29,2011-12-09,18,12
21137,BLACK RECORD COVER FRAME,merchandise,19620,67175.69,539,198,3.42,25,2009-12-01,2011-12-09,73,13
48138,DOORMAT UNION FLAG,merchandise,9956,64846.1,1511,678,6.51,25,2009-12-15,2011-12-09,230,14
85099F,JUMBO BAG STRAWBERRY,merchandise,36046,64495.57,1514,549,1.79,25,2009-12-01,2011-12-08,21,15
20685,RED SPOTTY COIR DOORMAT,merchandise,9539,61781.89,1478,626,6.48,25,2009-12-01,2011-12-09,245,16
82484,WOOD BLACK BOARD ANT WHITE FINISH,merchandise,10885,60449.79,1048,451,5.55,21,2010-04-11,2011-12-08,206,17
20725,LUNCH BAG RED SPOTTY,merchandise,38124,59980.2,2579,845,1.57,25,2009-12-01,2011-12-09,16,18
21843,RETRO SPOT CAKE STAND,merchandise,5864,59376.44,1279,599,10.13,25,2009-12-01,2011-12-08,441,19
22197,SMALL POPCORN HOLDER,merchandise,77933,59069.39,1752,601,0.76,25,2009-12-01,2011-12-09,7,20
84347,ROTATING SILVER ANGELS T-LIGHT HLDR,merchandise,29471,57710.32,525,300,1.96,19,2009-12-01,2011-12-09,33,21
22502,PICNIC BASKET WICKER SMALL,merchandise,3120,54973.4,568,335,17.62,17,2010-05-23,2011-09-25,819,22
15056N,EDWARDIAN PARASOL NATURAL,merchandise,11023,54717.66,863,347,4.96,25,2009-12-01,2011-12-09,202,23
21621,VINTAGE UNION JACK BUNTING,merchandise,6528,54696.12,1121,583,8.38,24,2009-12-01,2011-12-06,387,24
85099C,JUMBO  BAG BAROQUE BLACK WHITE,merchandise,29351,52979.58,1449,506,1.81,25,2009-12-01,2011-12-09,35,25
22189,CREAM HEART CARD HOLDER,merchandise,18100,52575.94,1129,536,2.9,24,2009-12-01,2011-12-08,83,26
22470,HEART OF WICKER LARGE,merchandise,17823,52030.83,1743,827,2.92,21,2010-04-22,2011-12-08,85,27
21623,VINTAGE UNION JACK MEMOBOARD,merchandise,7154,51425.82,499,311,7.19,23,2010-02-28,2011-12-08,349,28
23084,RABBIT NIGHT LIGHT,merchandise,27153,51251.24,801,450,1.89,8,2011-05-10,2011-12-09,39,29
20914,SET/5 RED SPOTTY LID GLASS BOWLS,merchandise,18497,50904.23,1790,647,2.75,25,2009-12-01,2011-12-08,80,30
21733,RED HANGING HEART T-LIGHT HOLDER,merchandise,17604,49895.8,1631,744,2.83,25,2009-12-01,2011-12-08,86,31
21181,PLEASE ONE PERSON METAL SIGN,merchandise,24424,48377.1,1549,598,1.98,21,2009-12-01,2011-12-09,53,32
21931,JUMBO STORAGE BAG SUKI,merchandise,26225,48228.24,1714,546,1.84,25,2009-12-01,2011-12-09,41,33
22139,RETROSPOT TEA SET CERAMIC 11 PC,merchandise,10081,47658.9,1838,941,4.73,25,2009-12-01,2011-12-09,225,34
22112,CHOCOLATE HOT WATER BOTTLE,merchandise,10302,47437.04,1447,631,4.6,25,2009-12-01,2011-12-09,219,35
22910,PAPER CHAIN KIT VINTAGE CHRISTMAS,merchandise,17277,47189.87,1233,701,2.73,16,2010-09-19,2011-12-09,92,36
15056BL,EDWARDIAN PARASOL BLACK,merchandise,9442,46402.52,788,321,4.91,25,2009-12-01,2011-12-09,247,37
22178,VICTORIAN GLASS HANGING T-LIGHT,merchandise,37675,46216.01,1442,593,1.23,25,2009-12-01,2011-12-09,19,38
22411,JUMBO SHOPPER VINTAGE RED PAISLEY,merchandise,24627,45658.53,1680,658,1.85,24,2010-01-29,2011-12-09,52,39
48194,DOORMAT HEARTS,merchandise,7544,45499.36,1138,516,6.03,25,2009-12-01,2011-12-08,328,40
71477,COLOURED GLASS STAR T-LIGHT HOLDER,merchandise,15481,45006.97,686,302,2.91,24,2009-12-01,2011-12-08,118,41
22469,HEART OF WICKER SMALL,merchandise,27159,44983.0,1779,886,1.66,21,2010-04-22,2011-12-09,38,42
48187,DOORMAT NEW ENGLAND,merchandise,7175,44526.49,1151,525,6.21,25,2009-12-01,2011-12-09,346,43
22111,SCOTTIE DOG HOT WATER BOTTLE,merchandise,9432,44112.6,1457,717,4.68,25,2009-12-01,2011-12-09,248,44
21212,PACK OF 72 RETROSPOT CAKE CASES,merchandise,91175,44018.94,2508,1115,0.48,25,2009-12-01,2011-12-08,4,45
21929,JUMBO BAG PINK VINTAGE PAISLEY,merchandise,24414,43850.6,1228,504,1.8,24,2009-12-01,2011-12-09,54,46
21754,HOME BUILDING BLOCK WORD,merchandise,7417,43532.81,1831,682,5.87,25,2009-12-01,2011-12-08,339,47
22138,BAKING SET 9 PIECE RETROSPOT,merchandise,9035,43070.91,1742,1137,4.77,25,2009-12-01,2011-12-09,263,48
21731,RED TOADSTOOL LED NIGHT LIGHT,merchandise,27848,42882.36,1043,415,1.54,25,2009-12-01,2011-12-09,36,49
21175,GIN AND TONIC DIET METAL SIGN,merchandise,20383,42382.64,1422,553,2.08,25,2009-12-01,2011-12-09,67,50
21928,JUMBO BAG SCANDINAVIAN PAISLEY,merchandise,23581,42268.38,1172,450,1.79,25,2009-12-01,2011-12-07,57,51
22090,PAPER BUNTING RETROSPOT,merchandise,15323,41923.69,1265,631,2.74,25,2009-12-01,2011-12-08,121,52
21232,STRAWBERRY CERAMIC TRINKET POT,merchandise,35684,41889.92,1893,689,1.17,25,2009-12-01,2011-12-08,22,53
21915,RED  HARMONICA IN BOX,merchandise,36994,41810.9,884,467,1.13,23,2009-12-04,2011-12-07,20,54
21523,FANCY FONT HOME SWEET HOME DOORMAT,merchandise,6665,41660.79,893,357,6.25,25,2009-12-01,2011-12-09,375,55
22326,ROUND SNACK BOXES SET OF4 WOODLAND,merchandise,14886,40975.02,1147,439,2.75,23,2010-01-07,2011-12-09,125,56
22457,NATURAL SLATE HEART CHALKBOARD,merchandise,14424,40956.12,1637,874,2.84,22,2010-03-04,2011-12-09,136,57
82494L,WOODEN FRAME ANTIQUE WHITE,merchandise,14663,40741.02,1773,631,2.78,25,2009-12-01,2011-12-08,129,58
20727,LUNCH BAG  BLACK SKULL.,merchandise,25738,40450.9,1997,705,1.57,25,2009-12-01,2011-12-09,44,59
48185,DOORMAT FAIRY CAKE,merchandise,6423,39647.53,736,317,6.17,25,2009-12-01,2011-12-08,390,60
22383,LUNCHBAG SUKI  DESIGN,merchandise,24204,38537.0,2004,664,1.59,24,2010-01-22,2011-12-08,55,61
84997D,PINK 3 PIECE POLKADOT CUTLERY SET,merchandise,10370,38405.32,992,431,3.7,24,2009-12-01,2011-12-09,215,62
22328,ROUND SNACK BOXES SET OF 4 FRUITS,merchandise,14074,38114.34,990,401,2.71,24,2010-01-07,2011-12-09,140,63
23203,JUMBO BAG VINTAGE DOILY,merchandise,19498,37646.94,1080,505,1.93,8,2011-05-08,2011-12-09,76,64
84946,ANTIQUE SILVER TEA GLASS ETCHED,merchandise,32336,37613.53,1323,641,1.16,25,2009-12-01,2011-12-09,25,65
82482,WOODEN PICTURE FRAME WHITE FINISH,merchandise,15862,37529.05,1658,601,2.37,23,2009-12-01,2011-12-08,111,66
82486,WOOD S/3 CABINET ANT WHITE FINISH,merchandise,4741,37375.83,1188,365,7.88,25,2009-12-01,2011-12-09,563,67
21166,COOK WITH WINE METAL SIGN,merchandise,19768,37255.54,1225,475,1.88,24,2009-12-01,2011-12-08,70,68
20728,LUNCH BAG CARS BLUE,merchandise,23521,36982.33,1797,702,1.57,25,2009-12-01,2011-12-07,58,69
22629,SPACEBOY LUNCH BOX,merchandise,20631,36803.79,1108,456,1.78,18,2010-07-01,2011-12-09,65,70
84078A,SET/4 WHITE RETRO STORAGE CUBES,merchandise,1007,36259.65,234,151,36.01,25,2009-12-02,2011-12-04,1868,71
23298,SPOTTY BUNTING,merchandise,7779,36144.25,1009,573,4.65,8,2011-05-04,2011-12-09,315,72
22114,HOT WATER BOTTLE TEA AND SYMPATHY,merchandise,9283,36113.87,1298,626,3.89,20,2009-12-01,2011-12-09,256,73
23284,DOORMAT KEEP CALM AND COME IN,merchandise,5338,35880.85,648,378,6.72,9,2011-04-27,2011-12-08,499,74
22083,PAPER CHAIN KIT RETROSPOT,merchandise,13069,35802.21,1075,589,2.74,25,2009-12-01,2011-12-09,154,75
20713,JUMBO BAG OWLS,merchandise,19803,35765.42,920,371,1.81,23,2009-12-01,2011-12-09,69,76
85066,CREAM SWEETHEART MINI CHEST,merchandise,2977,35634.48,809,471,11.97,25,2009-12-01,2011-12-09,850,77
21485,RETROSPOT HEART HOT WATER BOTTLE,merchandise,7507,35303.73,1225,657,4.7,25,2009-12-01,2011-12-09,333,78
84029E,RED WOOLLY HOTTIE WHITE HEART.,merchandise,10226,35003.52,956,500,3.42,22,2009-12-01,2011-12-09,221,79
22960,JAM MAKING SET WITH JARS,merchandise,8689,34796.47,903,583,4.0,14,2010-11-28,2011-12-08,278,80
22699,TEACUP AND SAUCER REGENCY ROSES,merchandise,12349,33588.95,1070,524,2.72,17,2010-08-12,2011-12-09,175,81
21524,SPOTTY  HOME SWEET HOME DOORMAT,merchandise,5117,33563.54,1000,474,6.56,25,2009-12-01,2011-12-08,518,82
22720,SET OF 3 CAKE TINS PANTRY DESIGN,merchandise,7010,33298.3,1146,640,4.75,13,2010-12-13,2011-12-09,360,83
20726,LUNCH BAG WOODLAND,merchandise,21075,33267.11,1585,585,1.58,25,2009-12-01,2011-12-08,62,84
84997B,RED 3 PIECE RETROSPOT CUTLERY SET,merchandise,9024,33234.38,932,433,3.68,25,2009-12-01,2011-12-09,264,85
22384,LUNCHBAG PINK RETROSPOT,merchandise,20445,32600.65,1845,681,1.59,24,2010-01-25,2011-12-08,66,86
22188,BLACK HEART CARD HOLDER,merchandise,12381,32375.59,487,292,2.61,24,2009-12-17,2011-12-08,173,87
21755,LOVE BUILDING BLOCK WORD,merchandise,5444,32039.56,1485,661,5.89,25,2009-12-01,2011-12-09,481,88
22727,ALARM CLOCK BAKELIKE RED,merchandise,8826,31880.59,1144,473,3.61,16,2010-09-24,2011-12-09,273,89
84997C,CHILDRENS CUTLERY POLKADOT BLUE,merchandise,8585,31724.27,883,426,3.7,25,2009-12-01,2011-12-09,280,90
22630,DOLLY GIRL LUNCH BOX,merchandise,17594,31386.94,998,423,1.78,18,2010-07-01,2011-12-08,88,91
22382,LUNCHBAG SPACEBOY DESIGN,merchandise,19607,31367.15,1919,790,1.6,24,2010-01-22,2011-12-08,74,92
85152,HAND OVER THE CHOCOLATE   SIGN,merchandise,16362,31049.85,1300,486,1.9,25,2009-12-01,2011-12-09,105,93
22385,JUMBO BAG SPACEBOY DESIGN,merchandise,16538,30082.4,971,412,1.82,24,2010-01-29,2011-12-08,102,94
48184,DOORMAT ENGLISH ROSE,merchandise,4645,29940.13,755,374,6.45,25,2009-12-01,2011-12-08,575,95
22622,BOX OF VINTAGE ALPHABET BLOCKS,merchandise,3117,29711.66,511,346,9.53,20,2010-05-07,2011-12-09,821,96
20712,JUMBO BAG WOODLAND ANIMALS,merchandise,15908,29463.55,915,387,1.85,24,2009-12-01,2011-12-08,110,97
85014B,RED/WHITE DOTS RUFFLED UMBRELLA,merchandise,6049,29419.72,794,437,4.86,25,2009-12-01,2011-12-08,424,98
22865,HAND WARMER OWL DESIGN,merchandise,14537,29252.83,1058,566,2.01,15,2010-09-10,2011-12-09,132,99
20679,EDWARDIAN PARASOL RED,merchandise,6131,29122.82,622,271,4.75,25,2009-12-01,2011-12-08,413,100
82483,WOOD 2 DRAWER CABINET WHITE FINISH,merchandise,4967,28950.57,1053,361,5.83,24,2009-12-01,2011-12-08,532,101
15036,ASSORTED COLOURS SILK FAN,merchandise,41078,28829.32,634,303,0.7,25,2009-12-01,2011-12-02,13,102
47590B,PINK HAPPY BIRTHDAY BUNTING,merchandise,5681,28739.45,810,428,5.06,25,2009-12-07,2011-12-07,458,103
22379,RECYCLING BAG RETROSPOT,merchandise,14485,28330.88,1013,423,1.96,24,2010-01-25,2011-12-08,135,104
22659,LUNCHBOX I LOVE LONDON,merchandise,16016,28061.32,764,294,1.75,19,2010-03-14,2011-12-08,109,105
22752,SET 7 BABUSHKA NESTING BOXES,merchandise,3571,27955.09,577,323,7.83,17,2010-08-08,2011-12-08,722,106
22492,MINI PAINT SET VINTAGE  BOY+ GIRL,merchandise,44737,27788.29,635,363,0.62,20,2010-05-06,2011-12-08,12,107
22666,RECIPE BOX PANTRY YELLOW DESIGN,merchandise,9784,27736.52,1277,701,2.83,18,2010-07-09,2011-12-09,236,108
22077,6 RIBBONS RUSTIC CHARM,merchandise,16241,27385.79,1361,685,1.69,24,2009-12-01,2011-12-09,106,109
48188,DOORMAT WELCOME PUPPIES,merchandise,4774,27121.02,597,309,5.68,25,2009-12-01,2011-12-06,558,110
22467,GUMBALL COAT RACK,merchandise,11766,26832.23,928,398,2.28,21,2010-03-04,2011-12-09,190,111
21977,PACK OF 60 PINK PAISLEY CAKE CASES,merchandise,55101,26656.1,1578,767,0.48,25,2009-12-01,2011-12-08,10,112
23245,SET OF 3 REGENCY CAKE TINS,merchandise,5844,26566.28,718,472,4.55,7,2011-06-08,2011-12-09,445,113
20750,RED/WHITE DOT MINI CASES,merchandise,3689,26542.03,867,471,7.19,25,2009-12-01,2011-12-09,707,114
23199,JUMBO BAG APPLES,merchandise,13875,26426.3,718,344,1.9,9,2011-04-11,2011-12-09,142,115
72741,GRAND CHOCOLATECANDLE,merchandise,19664,26417.6,823,510,1.34,25,2009-12-01,2011-12-08,72,116
84991,60 TEATIME FAIRY CAKE CASES,merchandise,53320,26040.92,1765,822,0.49,25,2009-12-01,2011-12-08,11,117
22726,ALARM CLOCK BAKELIKE GREEN,merchandise,6961,25828.96,1041,404,3.71,15,2010-09-24,2011-12-09,362,118
21217,RED SPOTTY ROUND CAKE TINS,merchandise,2718,25790.1,768,423,9.49,25,2009-12-01,2011-12-09,915,119
22866,HAND WARMER SCOTTY DOG DESIGN,merchandise,12505,25148.46,939,530,2.01,13,2010-09-10,2011-12-08,167,120
22867,HAND WARMER BIRD DESIGN,merchandise,12431,25014.43,907,521,2.01,12,2010-09-10,2011-12-08,172,121
71459,HANGING JAM JAR T-LIGHT HOLDERS,merchandise,32124,25004.76,884,445,0.78,25,2009-12-02,2011-12-09,26,122
82600,NO SINGING METAL SIGN,merchandise,12588,24990.24,1005,385,1.99,25,2009-12-01,2011-12-09,163,123
84077,WORLD WAR 2 GLIDERS ASSTD DESIGNS,merchandise,108929,24843.95,920,482,0.23,25,2009-12-01,2011-12-09,1,124
22624,IVORY KITCHEN SCALES,merchandise,2988,24729.08,1065,579,8.28,20,2010-05-04,2011-12-09,849,125
22149,FELTCRAFT 6 FLOWER FRIENDS,merchandise,12339,24584.79,1189,684,1.99,24,2009-12-02,2011-11-10,176,126
22697,TEACUP AND SAUCER REGENCY GREEN,merchandise,8884,24560.84,946,480,2.76,17,2010-08-12,2011-12-09,269,127
47566B,TEA TIME PARTY BUNTING,merchandise,5639,24380.85,655,350,4.32,24,2009-12-01,2011-12-04,463,128
23355,HOT WATER BOTTLE KEEP CALM,merchandise,5313,24302.55,719,474,4.57,5,2011-08-22,2011-12-09,503,129
23201,JUMBO BAG ALPHABET,merchandise,12533,24160.44,752,396,1.93,9,2011-04-11,2011-12-09,164,130
20972,PINK CREAM FELT CRAFT TRINKET BOX,merchandise,20244,24037.52,1224,568,1.19,25,2009-12-01,2011-12-08,68,131
22507,MEMO BOARD RETROSPOT  DESIGN,merchandise,5436,23985.32,737,445,4.41,22,2010-03-11,2011-12-08,482,132
20971,PINK BLUE FELT CRAFT TRINKET BOX,merchandise,20810,23914.44,1003,490,1.15,25,2009-12-01,2011-12-08,64,133
47590A,BLUE HAPPY BIRTHDAY BUNTING,merchandise,4754,23889.32,633,355,5.03,23,2009-12-02,2011-12-02,561,134
37503,TEA TIME CAKE STAND IN GIFT BOX,merchandise,2384,23784.8,465,256,9.98,9,2009-12-01,2010-08-01,1022,135
84755,COLOUR GLASS T-LIGHT HOLDER HANGING,merchandise,39507,23759.71,1100,524,0.6,25,2009-12-01,2011-12-08,14,136
22551,PLASTERS IN TIN SPACEBOY,merchandise,14912,23671.8,1156,616,1.59,22,2010-03-25,2011-12-09,124,137
48111,DOORMAT 3 SMILEY CATS,merchandise,4098,23668.72,572,244,5.78,25,2009-12-01,2011-12-09,647,138
84836,ZINC METAL HEART DECORATION,merchandise,19521,23572.68,1244,662,1.21,25,2009-12-01,2011-12-08,75,139
21527,RETRO SPOT TRADITIONAL TEAPOT,merchandise,3295,23566.29,729,352,7.15,18,2009-12-01,2011-05-15,783,140
21108,FAIRY CAKE FLANNEL ASSORTED COLOUR,merchandise,12604,23506.22,408,325,1.86,25,2009-12-01,2011-12-09,162,141
22158,3 HEARTS HANGING DECORATION RUSTIC,merchandise,8337,23467.91,646,374,2.81,20,2009-12-03,2011-12-07,287,142
22961,JAM MAKING SET PRINTED,merchandise,16600,23391.8,903,558,1.41,15,2010-07-23,2011-12-08,100,143
82583,HOT BATHS METAL SIGN,merchandise,11896,23218.02,820,323,1.95,25,2009-12-01,2011-12-08,186,144
21930,JUMBO STORAGE BAG SKULLS,merchandise,12527,23198.18,997,386,1.85,25,2009-12-01,2011-12-08,165,145
22084,PAPER CHAIN KIT EMPIRE,merchandise,8473,23156.15,704,464,2.73,23,2009-12-02,2011-12-08,284,146
21080,SET/20 RED SPOTTY PAPER NAPKINS,merchandise,30192,23072.3,1671,798,0.76,25,2009-12-01,2011-12-08,32,147
23173,REGENCY TEAPOT ROSES,merchandise,2662,23033.52,354,248,8.65,8,2011-05-10,2011-12-09,930,148
48173C,DOORMAT BLACK FLOCK,merchandise,4054,22696.21,460,224,5.6,25,2009-12-01,2011-12-06,651,149
21481,FAWN BLUE HOT WATER BOTTLE,merchandise,7812,22594.4,834,439,2.89,25,2009-12-01,2011-12-09,312,150
84978,HANGING HEART JAR T-LIGHT HOLDER,merchandise,19138,22223.56,1087,525,1.16,25,2009-12-04,2011-12-08,78,151
23243,SET OF TEA COFFEE SUGAR TINS PANTRY,merchandise,4658,22109.08,385,275,4.75,7,2011-06-08,2011-12-09,574,152
22835,HOT WATER BOTTLE I AM SO POORLY,merchandise,4786,22067.28,815,451,4.61,16,2010-09-12,2011-12-09,556,153
21231,SWEETHEART CERAMIC TRINKET BOX,merchandise,18680,22033.25,1171,500,1.18,24,2009-12-01,2011-12-08,79,154
84406B,CREAM CUPID HEARTS COAT HANGER,merchandise,6933,21985.75,724,318,3.17,25,2009-12-01,2011-12-05,363,155
84029G,KNITTED UNION FLAG HOT WATER BOTTLE,merchandise,6037,21929.85,758,386,3.63,25,2009-12-01,2011-12-09,425,156
22113,GREY HEART HOT WATER BOTTLE,merchandise,5870,21891.07,913,488,3.73,17,2009-12-01,2011-12-09,440,157
22728,ALARM CLOCK BAKELIKE PINK,merchandise,5966,21868.73,772,357,3.67,16,2010-09-24,2011-12-09,426,158
22632,HAND WARMER RED RETROSPOT,merchandise,11001,21818.82,721,438,1.98,11,2010-09-20,2011-12-09,203,159
20749,ASSORTED COLOUR MINI CASES,merchandise,3053,21775.19,726,426,7.13,25,2009-12-01,2011-12-09,836,160
22171,3 HOOK PHOTO SHELF ANTIQUE WHITE,merchandise,3034,21745.72,544,269,7.17,25,2009-12-01,2011-12-09,844,161
22734,SET OF 6 RIBBONS VINTAGE CHRISTMAS,merchandise,8850,21492.72,599,444,2.43,11,2010-09-16,2011-12-09,270,162
22087,PAPER BUNTING WHITE LACE,merchandise,7788,21442.55,663,314,2.75,20,2009-12-01,2011-12-09,314,163
85014A,BLACK/BLUE POLKADOT UMBRELLA,merchandise,4601,21382.94,640,361,4.65,25,2009-12-01,2011-12-06,579,164
22556,PLASTERS IN TIN CIRCUS PARADE,merchandise,13292,21247.16,1100,591,1.6,22,2010-03-25,2011-12-09,147,165
21955,UNION JACK GUNS & ROSES  DOORMAT,merchandise,3734,21213.38,576,279,5.68,25,2009-12-01,2011-12-07,695,166
22607,WOODEN ROUNDERS GARDEN SET,merchandise,2415,21068.02,643,419,8.72,19,2010-04-08,2011-12-08,1013,167
22969,HOMEMADE JAM SCENTED CANDLES,merchandise,14576,21003.4,577,472,1.44,14,2010-11-21,2011-12-08,131,168
22605,WOODEN CROQUET GARDEN SET,merchandise,1723,20990.56,548,377,12.18,21,2010-04-08,2011-12-08,1350,169
23202,JUMBO BAG VINTAGE LEAF,merchandise,10695,20921.55,772,377,1.96,8,2011-05-08,2011-12-08,209,170
21314,SMALL GLASS HEART TRINKET POT,merchandise,10592,20880.76,711,369,1.97,25,2009-12-01,2011-12-09,212,171
22554,PLASTERS IN TIN WOODLAND ANIMALS,merchandise,13039,20826.43,1097,587,1.6,22,2010-03-25,2011-12-09,155,172
22585,PACK OF 6 BIRDY GIFT TAGS,merchandise,17506,20798.63,950,612,1.19,22,2010-03-10,2011-12-09,90,173
23209,LUNCH BAG VINTAGE DOILY,merchandise,12985,20786.21,1006,469,1.6,8,2011-05-08,2011-12-08,156,174
21210,SET OF 72 RETROSPOT PAPER  DOILIES,merchandise,14853,20754.02,931,508,1.4,24,2009-12-01,2011-12-08,126,175
22698,TEACUP AND SAUCER REGENCY PINK,merchandise,7553,20716.59,755,402,2.74,16,2010-08-12,2011-12-09,327,176
20724,RED SPOTTY CHARLOTTE BAG,merchandise,25955,20621.35,1495,524,0.79,25,2009-12-01,2011-12-09,43,177
20711,JUMBO BAG TOYS,merchandise,11467,20528.73,671,326,1.79,24,2009-12-01,2011-11-28,197,178
22722,SET OF 6 SPICE TINS PANTRY DESIGN,merchandise,5366,20506.3,654,394,3.82,13,2010-11-11,2011-12-08,493,179
37449,CERAMIC CAKE STAND + HANGING CAKES,merchandise,2308,20501.43,410,205,8.88,23,2009-12-01,2011-12-07,1048,180
21936,RED/WHITE SPOT PICNIC BAG,merchandise,7393,20466.91,783,396,2.77,25,2009-12-03,2011-12-07,340,181
21790,VINTAGE SNAP CARDS,merchandise,25727,20426.49,1480,793,0.79,25,2009-12-01,2011-12-09,45,182
22617,BAKING SET SPACEBOY DESIGN,merchandise,4298,20310.36,883,600,4.73,22,2010-03-14,2011-12-09,616,183
22941,CHRISTMAS LIGHTS 10 REINDEER,merchandise,2566,20262.4,406,315,7.9,11,2010-10-21,2011-12-09,968,184
21791,VINTAGE HEADS AND TAILS CARD GAME,merchandise,17090,20138.28,1050,641,1.18,25,2009-12-01,2011-12-08,96,185
84970S,HANGING HEART ZINC T-LIGHT HOLDER,merchandise,25679,20038.22,1141,616,0.78,25,2009-12-01,2011-12-06,47,186
22294,HEART FILIGREE DOVE  SMALL,merchandise,16494,19979.1,707,414,1.21,25,2009-12-01,2011-12-06,104,187
22570,FELTCRAFT CUSHION RABBIT,merchandise,5575,19855.16,677,351,3.56,21,2010-03-10,2011-11-18,468,188
22568,FELTCRAFT CUSHION OWL,merchandise,5502,19814.71,771,389,3.6,22,2010-03-10,2011-12-07,475,189
22625,RED KITCHEN SCALES,merchandise,2431,19732.73,781,440,8.12,20,2010-05-04,2011-12-09,1004,190
22569,FELTCRAFT CUSHION BUTTERFLY,merchandise,5540,19534.18,679,360,3.53,20,2010-03-10,2011-10-25,472,191
22273,FELTCRAFT DOLL MOLLY,merchandise,7238,19436.18,701,423,2.69,25,2009-12-01,2011-12-08,343,192
85150,LADIES & GENTLEMEN METAL SIGN,merchandise,8218,19204.98,889,369,2.34,23,2009-12-01,2011-12-08,293,193
84997A,GREEN 3 PIECE POLKADOT CUTLERY SET,merchandise,5169,19119.65,544,278,3.7,24,2009-12-01,2011-12-08,512,194
85048,15CM CHRISTMAS GLASS BALL 20 LIGHTS,merchandise,2580,19044.0,432,309,7.38,19,2009-12-01,2011-12-07,962,195
22413,METAL SIGN TAKE IT OR LEAVE IT,merchandise,6865,19013.47,766,446,2.77,24,2010-01-29,2011-12-08,364,196
22558,CLOTHES PEGS RETROSPOT PACK 24,merchandise,13851,19002.59,1017,541,1.37,19,2010-04-14,2011-12-08,143,197
22501,PICNIC BASKET WICKER LARGE,merchandise,2064,18883.8,497,346,9.15,19,2010-05-21,2011-11-06,1176,198
48129,DOORMAT TOPIARY,merchandise,3084,18867.96,488,251,6.12,25,2009-12-01,2011-12-08,828,199
48116,DOORMAT MULTICOLOUR STRIPE,merchandise,3314,18843.71,385,186,5.69,25,2009-12-01,2011-12-08,781,200
22693,GROW A FLYTRAP OR SUNFLOWER IN TIN,merchandise,17266,18828.98,281,197,1.09,17,2010-08-05,2011-12-09,93,201
22633,HAND WARMER UNION JACK,merchandise,9294,18711.36,790,473,2.01,11,2010-10-07,2011-12-09,255,202
21622,VINTAGE UNION JACK CUSHION COVER,merchandise,3546,18639.02,550,329,5.26,25,2009-12-01,2011-12-07,725,203
21559,STRAWBERRY LUNCHBOX WITH CUTLERY,merchandise,7881,18624.59,951,396,2.36,25,2009-12-02,2011-12-09,308,204
22555,PLASTERS IN TIN STRONGMAN,merchandise,11604,18562.64,867,521,1.6,22,2010-03-25,2011-12-09,193,205
21121,SET/10 RED SPOTTY PARTY CANDLES,merchandise,15450,18528.18,788,466,1.2,25,2009-12-01,2011-12-09,119,206
21213,PACK OF 72 SKULL CAKE CASES,merchandise,38757,18444.03,1156,528,0.48,25,2009-12-01,2011-12-07,15,207
84949,SILVER HANGING T-LIGHT HOLDER,merchandise,11911,18427.95,612,330,1.55,25,2009-12-01,2011-12-08,185,208
21908,CHOCOLATE THIS WAY METAL SIGN,merchandise,9544,18340.04,801,382,1.92,25,2009-12-01,2011-12-09,243,209
22499,WOODEN UNION JACK BUNTING,merchandise,3175,18310.78,632,452,5.77,23,2010-02-02,2011-12-06,809,210
21479,WHITE SKULL HOT WATER BOTTLE,merchandise,4916,18265.7,738,410,3.72,17,2009-12-01,2011-12-09,537,211
23206,LUNCH BAG APPLE DESIGN,merchandise,11530,18220.5,866,401,1.58,9,2011-04-11,2011-12-08,194,212
22561,WOODEN SCHOOL COLOURING SET,merchandise,11285,18070.77,838,556,1.6,22,2010-03-25,2011-12-09,199,213
21340,CLASSIC METAL BIRDCAGE PLANT HOLDER,merchandise,1714,18041.71,383,249,10.53,22,2009-12-02,2011-12-07,1356,214
21174,POTTERING IN THE SHED METAL SIGN,merchandise,9325,17952.21,855,402,1.93,25,2009-12-01,2011-12-08,252,215
22456,NATURAL SLATE CHALKBOARD LARGE,merchandise,4043,17770.81,595,385,4.4,22,2010-03-04,2011-12-06,655,216
23344,JUMBO BAG 50'S CHRISTMAS,merchandise,8933,17636.04,586,391,1.97,7,2011-06-15,2011-12-09,267,217
22147,FELTCRAFT BUTTERFLY HEARTS,merchandise,12884,17622.6,1026,582,1.37,25,2009-12-01,2011-12-01,158,218
22427,ENAMEL FLOWER JUG CREAM,merchandise,3063,17614.03,702,460,5.75,19,2010-05-14,2011-11-28,830,219
84945,MULTI COLOUR SILVER T-LIGHT HOLDER,merchandise,22109,17594.87,585,344,0.8,23,2009-12-04,2011-12-09,60,220
22847,"BREAD BIN, DINER STYLE, IVORY",merchandise,1127,17521.89,445,264,15.55,14,2010-10-14,2011-12-08,1755,221
22061,LARGE CAKE STAND  HANGING STRAWBERY,merchandise,2100,17494.15,443,219,8.33,25,2009-12-02,2011-12-09,1155,222
79323W,WHITE CHERRY LIGHTS,merchandise,2948,17384.8,313,174,5.9,9,2009-12-01,2010-09-16,858,223
84947,ANTIQUE SILVER TEA GLASS ENGRAVED,merchandise,15209,17375.5,559,312,1.14,25,2009-12-02,2011-12-09,122,224
22381,TOY TIDY PINK RETROSPOT,merchandise,8831,17308.48,791,349,1.96,24,2010-01-24,2011-12-05,272,225
22560,TRADITIONAL MODELLING CLAY,merchandise,14739,17236.64,655,420,1.17,22,2010-03-25,2011-12-09,128,226
21136,PAINTED METAL PEARS ASSORTED,merchandise,10364,17091.72,714,449,1.65,25,2009-12-01,2011-12-08,216,227
22169,FAMILY ALBUM WHITE PICTURE FRAME,merchandise,2137,17015.24,570,276,7.96,24,2009-12-01,2011-12-08,1136,228
47591D,PINK FAIRY CAKE CHILDRENS APRON,merchandise,9278,16943.82,1034,526,1.83,25,2009-12-01,2011-12-08,257,229
22505,MEMO BOARD COTTAGE DESIGN,merchandise,3640,16773.14,655,397,4.61,22,2010-03-10,2011-12-09,715,230
21218,RED SPOTTY BISCUIT TIN,merchandise,4731,16491.45,588,313,3.49,25,2009-12-01,2011-12-08,565,231
21156,RETROSPOT CHILDRENS APRON,merchandise,9112,16475.32,797,472,1.81,25,2009-12-01,2011-12-07,261,232
23240,SET OF 4 KNICK KNACK TINS DOILY,merchandise,4094,16394.9,485,323,4.0,7,2011-06-07,2011-12-09,648,233
22837,HOT WATER BOTTLE BABUSHKA LARGE,merchandise,3651,16344.35,368,221,4.48,9,2010-10-06,2011-09-25,710,234
84992,72 SWEETHEART FAIRY CAKE CASES,merchandise,34212,16330.27,1176,614,0.48,25,2009-12-01,2011-12-08,23,235
21216,"SET 3 RETROSPOT TEA,COFFEE,SUGAR",merchandise,3534,16197.62,522,269,4.58,24,2009-12-01,2011-12-09,728,236
71053,WHITE MOROCCAN METAL LANTERN,merchandise,4553,16197.61,595,293,3.56,25,2009-12-02,2011-12-07,587,237
21035,SET/2 RED SPOTTY TEA TOWELS,merchandise,5600,16090.56,619,327,2.87,25,2009-12-01,2011-12-07,466,238
22352,LUNCHBOX WITH CUTLERY RETROSPOT,merchandise,6761,16064.44,836,366,2.38,25,2009-12-01,2011-12-08,370,239
22900,SET 2 TEA TOWELS I LOVE LONDON,merchandise,5623,16053.35,507,252,2.85,16,2010-09-26,2011-12-08,465,240
21164,HOME SWEET HOME METAL SIGN,merchandise,5894,16050.74,630,356,2.72,25,2009-12-01,2011-12-08,438,241
22297,HEART IVORY TRELLIS SMALL,merchandise,13072,16002.84,646,391,1.22,25,2009-12-01,2011-12-07,153,242
22191,IVORY WALL CLOCK,merchandise,1961,16002.1,592,335,8.16,23,2009-12-01,2011-12-08,1228,243
22557,PLASTERS IN TIN VINTAGE PAISLEY,merchandise,10045,15974.29,991,580,1.59,22,2010-03-25,2011-12-08,227,244
22424,ENAMEL BREAD BIN CREAM,merchandise,1325,15926.0,559,310,12.02,20,2010-05-16,2011-12-08,1585,245
21258,VICTORIAN SEWING BOX LARGE,merchandise,1364,15911.88,344,186,11.67,20,2009-12-01,2011-12-09,1555,246
21535,RETRO SPOT SMALL MILK JUG,merchandise,6582,15882.3,956,461,2.41,25,2009-12-01,2011-12-08,381,247
22041,"RECORD FRAME 7"" SINGLE SIZE",merchandise,7162,15789.12,319,101,2.2,25,2009-12-01,2011-12-08,348,248
22355,CHARLOTTE BAG SUKI DESIGN,merchandise,19754,15719.7,1191,393,0.8,25,2009-12-01,2011-12-08,71,249
21877,HOME SWEET HOME MUG,merchandise,13954,15522.06,650,323,1.11,25,2009-12-01,2011-12-09,141,250
22662,LUNCH BAG DOLLY GIRL DESIGN,merchandise,9795,15437.19,872,426,1.58,18,2010-07-19,2011-12-08,235,251
22296,HEART IVORY TRELLIS LARGE,merchandise,9547,15434.23,739,428,1.62,24,2009-12-01,2011-12-05,242,252
22690,DOORMAT HOME SWEET HOME BLUE,merchandise,2502,15401.12,401,278,6.16,19,2010-06-28,2011-12-08,980,253
84970L,SINGLE HEART ZINC T-LIGHT HOLDER,merchandise,16581,15370.71,821,463,0.93,25,2009-12-01,2011-12-09,101,254
21533,RETROSPOT LARGE MILK JUG,merchandise,3237,15353.95,845,425,4.74,25,2009-12-01,2011-12-09,795,255
22952,SET 72 CAKE CASES VINTAGE CHRISTMAS,merchandise,30721,15314.71,904,570,0.5,13,2010-09-17,2011-12-09,30,256
72760B,VINTAGE CREAM 3 BASKET CAKE STAND,merchandise,1646,15311.9,444,301,9.3,23,2009-12-01,2011-12-09,1397,257
22634,CHILDS BREAKFAST SET SPACEBOY,merchandise,1656,15298.35,464,322,9.24,20,2010-05-20,2011-12-07,1393,258
22333,RETROSPOT PARTY BAG + STICKER SET,merchandise,9931,15234.23,597,333,1.53,25,2009-12-01,2011-12-07,232,259
22652,TRAVEL SEWING KIT,merchandise,9566,15211.26,716,440,1.59,17,2010-07-18,2011-11-15,240,260
20719,WOODLAND CHARLOTTE BAG,merchandise,19244,15198.19,1062,365,0.79,25,2009-12-01,2011-12-08,77,261
21430,SET/3 RED GINGHAM ROSE STORAGE BOX,merchandise,4288,15180.96,578,323,3.54,20,2009-12-01,2011-12-08,620,262
22776,SWEETHEART CAKESTAND 3 TIER,merchandise,1610,15172.7,595,420,9.42,15,2010-10-17,2011-12-08,1417,263
84375,SET OF 20 KIDS COOKIE CUTTERS,merchandise,7565,15167.97,626,389,2.01,25,2009-12-01,2011-12-08,325,264
22193,RED WALL CLOCK,merchandise,1856,15164.59,555,265,8.17,20,2009-12-01,2011-12-08,1272,265
21914,BLUE HARMONICA IN BOX,merchandise,12156,15074.97,815,446,1.24,23,2009-12-03,2011-12-09,182,266
22635,CHILDS BREAKFAST SET DOLLY GIRL,merchandise,1626,15066.55,450,325,9.27,20,2010-05-20,2011-12-07,1405,267
22366,DOORMAT AIRMAIL,merchandise,2387,15058.21,434,252,6.31,24,2010-01-04,2011-12-08,1020,268
21122,SET/10 PINK SPOTTY PARTY CANDLES,merchandise,12492,15050.77,739,441,1.2,25,2009-12-01,2011-12-09,169,269
21975,PACK OF 60 DINOSAUR CAKE CASES,merchandise,31012,14890.06,1133,543,0.48,25,2009-12-01,2011-12-08,29,270
21889,WOODEN BOX OF DOMINOES,merchandise,12174,14853.37,869,595,1.22,25,2009-12-01,2011-12-08,181,271
82582,AREA PATROLLED METAL SIGN,merchandise,7478,14840.3,696,258,1.98,24,2009-12-01,2011-12-08,335,272
17003,BROCADE RING PURSE,merchandise,71093,14817.27,387,215,0.21,25,2009-12-01,2011-12-08,9,273
22170,PICTURE FRAME WOOD TRIPLE PORTRAIT,merchandise,2328,14786.9,510,279,6.35,24,2009-12-02,2011-12-09,1038,274
35004C,SET OF 3 COLOURED  FLYING DUCKS,merchandise,3096,14730.0,229,112,4.76,16,2009-12-02,2011-03-07,824,275
21891,TRADITIONAL WOODEN SKIPPING ROPE,merchandise,11800,14701.88,664,483,1.25,25,2009-12-01,2011-12-08,188,276
21484,CHICK GREY HOT WATER BOTTLE,merchandise,4223,14529.37,676,367,3.44,25,2009-12-01,2011-12-08,628,277
22619,SET Of 6 SOLDIER SKITTLES,merchandise,3905,14458.3,577,421,3.7,20,2010-05-07,2011-12-08,669,278
20718,RED SPOTTY SHOPPER BAG,merchandise,12328,14450.51,866,428,1.17,25,2009-12-01,2011-12-09,177,279
21844,RETRO SPOT MUG,merchandise,5231,14435.45,422,252,2.76,25,2009-12-01,2011-12-06,508,280
22367,CHILDS APRON SPACEBOY DESIGN,merchandise,7762,14411.64,1003,593,1.86,24,2010-01-10,2011-12-09,316,281
22487,WHITE WOOD GARDEN PLANT LADDER,merchandise,1527,14330.76,808,611,9.38,22,2010-03-05,2011-12-08,1468,282
22759,SET OF 3 NOTEBOOKS IN PARCEL,merchandise,8960,14303.4,634,472,1.6,16,2010-08-08,2011-11-30,266,283
21165,BEWARE OF THE CAT METAL SIGN,merchandise,9149,14186.69,779,321,1.55,25,2009-12-01,2011-12-06,260,284
22993,SET OF 4 PANTRY JELLY MOULDS,merchandise,11769,14151.42,866,431,1.2,11,2011-02-16,2011-12-09,189,285
84050,PINK HEART SHAPE EGG FRYING PAN,merchandise,10191,14139.23,557,308,1.39,24,2009-12-01,2011-11-01,223,286
22940,FELTCRAFT CHRISTMAS FAIRY,merchandise,3427,14061.43,547,392,4.1,15,2010-09-06,2011-12-08,751,287
85232B,SET/3 RUSSIAN DOLL STACKING TINS,merchandise,2930,14019.1,441,208,4.78,15,2009-12-01,2011-02-11,862,288
84378,SET OF 3 HEART COOKIE CUTTERS,merchandise,11112,13994.09,944,601,1.26,25,2009-12-01,2011-12-08,201,289
22150,3 STRIPEY MICE FELTCRAFT,merchandise,7746,13977.1,829,505,1.8,25,2009-12-01,2011-12-08,317,290
22365,DOORMAT RESPECTABLE HOUSE,merchandise,2244,13933.4,348,193,6.21,24,2010-01-04,2011-12-08,1077,291
21770,OPEN CLOSED METAL SIGN,merchandise,2896,13926.81,580,423,4.81,18,2009-12-01,2011-12-08,867,292
21380,WOODEN HAPPY BIRTHDAY GARLAND,merchandise,4892,13814.4,540,325,2.82,25,2009-12-03,2011-12-02,545,293
22667,RECIPE BOX RETROSPOT,merchandise,4937,13800.95,820,406,2.8,17,2010-07-09,2011-12-09,535,294
22606,WOODEN SKITTLES GARDEN SET,merchandise,1024,13754.64,337,269,13.43,21,2010-04-08,2011-12-08,1853,295
21169,YOU'RE CONFUSING ME METAL SIGN,merchandise,8702,13539.98,621,278,1.56,23,2010-01-29,2011-12-09,277,296
22730,ALARM CLOCK BAKELIKE IVORY,merchandise,3606,13532.75,616,289,3.75,16,2010-09-24,2011-12-09,717,297
21094,SET/6 RED SPOTTY PAPER PLATES,merchandise,18277,13454.33,692,328,0.74,25,2009-12-01,2011-12-06,81,298
22271,FELTCRAFT DOLL ROSIE,merchandise,4816,13437.66,691,400,2.79,24,2009-12-01,2011-11-25,550,299
22295,HEART FILIGREE DOVE LARGE,merchandise,8289,13398.57,620,381,1.62,23,2009-12-01,2011-12-08,290,300
22356,CHARLOTTE BAG PINK WITH WHITE SPOTS,merchandise,16700,13388.74,1108,423,0.8,25,2009-12-01,2011-12-09,98,301
47556B,TEA TIME TEA TOWELS,merchandise,5141,13363.35,408,209,2.6,14,2009-12-01,2011-04-18,515,302
79323P,PINK CHERRY LIGHTS,merchandise,2234,13198.1,229,132,5.91,7,2009-12-01,2011-01-11,1082,303
22804,PINK HANGING HEART T-LIGHT HOLDER,merchandise,5005,13197.43,587,351,2.64,16,2010-09-23,2011-12-08,531,304
22173,METAL 4 HOOK HANGER FRENCH CHATEAU,merchandise,4639,13144.09,714,383,2.83,22,2009-12-01,2011-12-07,577,305
22692,DOORMAT WELCOME TO OUR HOME,merchandise,1935,13103.81,460,293,6.77,19,2010-06-28,2011-12-08,1238,306
22236,CAKE STAND 3 TIER MAGIC GARDEN,merchandise,1087,13096.05,391,251,12.05,24,2009-12-10,2011-11-23,1787,307
22636,CHILDS BREAKFAST SET CIRCUS PARADE,merchandise,1604,13041.08,460,312,8.13,20,2010-05-20,2011-12-08,1421,308
23200,JUMBO BAG PEARS,merchandise,6729,13034.92,470,262,1.94,8,2011-05-08,2011-12-07,373,309
23108,SET OF 10 LED DOLLY LIGHTS,merchandise,2192,12972.73,351,271,5.92,8,2011-05-11,2011-12-08,1100,310
23313,VINTAGE CHRISTMAS BUNTING,merchandise,2748,12960.12,359,254,4.72,6,2011-07-12,2011-12-09,906,311
23356,LOVE HOT WATER BOTTLE,merchandise,2325,12954.75,449,316,5.57,5,2011-08-22,2011-12-09,1040,312
21259,VICTORIAN SEWING BOX SMALL,merchandise,2265,12921.26,553,300,5.7,25,2009-12-02,2011-12-08,1067,313
21390,FILIGRIS HEART WITH BUTTERFLY,merchandise,10652,12886.64,482,280,1.21,25,2009-12-02,2011-12-06,211,314
22655,VINTAGE RED KITCHEN CABINET,merchandise,76,12845.0,52,45,169.01,16,2010-07-12,2011-11-01,3697,315
21704,BAG 250g SWIRLY MARBLES,merchandise,16933,12833.83,464,287,0.76,25,2009-12-02,2011-12-08,97,316
22621,TRADITIONAL KNITTING NANCY,merchandise,8390,12816.82,719,507,1.53,20,2010-05-06,2011-12-09,285,317
35970,ZINC FOLKART SLEIGH BELLS,merchandise,7851,12806.27,545,415,1.63,15,2010-03-19,2011-12-08,309,318
15044A,PINK PAPER PARASOL,merchandise,4894,12803.78,194,116,2.62,25,2009-12-07,2011-12-05,543,319
C2,CARRIAGE,service_or_admin_line,254,12796.0,248,45,50.38,25,2009-12-03,2011-12-05,3015,320
22749,FELTCRAFT PRINCESS CHARLOTTE DOLL,merchandise,3495,12737.83,621,383,3.64,16,2010-09-08,2011-12-09,739,321
22946,WOODEN ADVENT CALENDAR CREAM,merchandise,874,12673.2,208,152,14.5,13,2010-09-16,2011-12-08,2030,322
21871,SAVE THE PLANET MUG,merchandise,11233,12666.98,600,299,1.13,25,2009-12-01,2011-12-09,200,323
22909,SET OF 20 VINTAGE CHRISTMAS NAPKINS,merchandise,15851,12507.71,889,578,0.79,13,2010-09-16,2011-12-09,112,324
23301,GARDENERS KNEELING PAD KEEP CALM,merchandise,7722,12463.78,756,405,1.61,8,2011-05-15,2011-12-09,318,325
22627,MINT KITCHEN SCALES,merchandise,1504,12457.99,558,322,8.28,20,2010-05-04,2011-12-09,1478,326
22766,PHOTO FRAME CORNICE,merchandise,4304,12451.28,580,343,2.89,15,2010-10-10,2011-12-08,614,327
62018,SOMBRERO,merchandise,9551,12419.65,123,70,1.3,25,2009-12-02,2011-12-06,241,328
21672,WHITE SPOT RED CERAMIC DRAWER KNOB,merchandise,10339,12415.47,625,278,1.2,24,2009-12-01,2011-12-07,218,329
22846,"BREAD BIN, DINER STYLE, RED",merchandise,803,12381.46,311,189,15.42,15,2010-10-14,2011-12-08,2108,330
21155,RED SPOTTY PEG BAG,merchandise,5864,12364.57,724,364,2.11,24,2009-12-01,2011-12-08,442,331
22584,PACK OF 6 PANNETONE GIFT BOXES,merchandise,5062,12349.04,512,417,2.44,22,2010-03-10,2011-12-08,524,332
21539,RETRO SPOTS BUTTER DISH,merchandise,2619,12308.85,585,290,4.7,24,2009-12-01,2011-11-01,947,333
21912,VINTAGE SNAKES & LADDERS,merchandise,3426,12304.22,615,447,3.59,25,2009-12-01,2011-12-08,753,334
22485,SET OF 2 WOODEN MARKET CRATES,merchandise,1003,12248.25,341,280,12.21,22,2010-03-05,2011-12-09,1873,335
22553,PLASTERS IN TIN SKULLS,merchandise,7557,12233.85,905,507,1.62,22,2010-03-25,2011-12-08,326,336
21669,BLUE STRIPE CERAMIC DRAWER KNOB,merchandise,9979,12217.71,639,262,1.22,23,2009-12-01,2011-12-09,229,337
22303,COFFEE MUG APPLES DESIGN,merchandise,5310,12179.95,480,266,2.29,25,2009-12-01,2011-12-08,504,338
75049L,LARGE CIRCULAR MIRROR MOBILE,merchandise,13566,12173.5,230,106,0.9,21,2009-12-02,2011-12-07,146,339
22654,DELUXE SEWING KIT,merchandise,2143,12154.37,440,300,5.67,18,2010-07-19,2011-12-07,1133,340
15056P,EDWARDIAN PARASOL PINK,merchandise,2489,12123.36,321,186,4.87,25,2009-12-01,2011-12-08,981,341
21124,SET/10 BLUE SPOTTY PARTY CANDLES,merchandise,10017,12119.97,599,406,1.21,25,2009-12-01,2011-12-09,228,342
85042,ANTIQUE LILY FAIRY LIGHTS,merchandise,2668,12081.0,281,142,4.53,12,2009-12-01,2010-11-16,929,343
21888,BINGO SET,merchandise,3264,12046.2,626,444,3.69,25,2009-12-01,2011-12-04,789,344
23207,LUNCH BAG ALPHABET DESIGN,merchandise,7533,11994.41,647,377,1.59,9,2011-04-11,2011-12-09,330,345
22838,"CAKE TIN, 3 TIER RED/IVORY",merchandise,879,11955.43,228,184,13.6,14,2010-10-14,2011-12-08,2022,346
84380,SET OF 3 BUTTERFLY COOKIE CUTTERS,merchandise,9666,11911.15,814,490,1.23,25,2009-12-01,2011-12-09,238,347
DOT,DOTCOM POSTAGE,service_or_admin_line,16,11906.36,16,1,744.15,5,2011-08-30,2011-12-05,4238,348
22179,SET 10 NIGHT OWL LIGHTS,merchandise,1846,11873.44,401,201,6.43,25,2009-12-01,2011-12-09,1278,349
84212,"ASSORTED FLOWER COLOUR ""LEIS""",merchandise,24666,11760.42,258,140,0.48,25,2009-12-06,2011-12-06,51,350
20723,STRAWBERRY CHARLOTTE BAG,merchandise,14610,11712.6,988,356,0.8,25,2009-12-01,2011-12-07,130,351
22464,HANGING METAL HEART LANTERN,merchandise,7451,11634.51,645,397,1.56,22,2010-03-04,2011-12-09,336,352
23077,DOUGHNUT LIP GLOSS,merchandise,9642,11615.7,308,217,1.2,10,2011-03-24,2011-12-09,239,353
22646,CERAMIC STRAWBERRY CAKE MONEY BANK,merchandise,8834,11608.06,697,404,1.31,20,2010-05-14,2011-12-09,271,354
23174,REGENCY SUGAR BOWL GREEN,merchandise,2954,11567.24,268,190,3.92,8,2011-05-10,2011-12-07,856,355
22243,"HOOK, 5 HANGER ,MAGIC TOADSTOOL RED",merchandise,7604,11562.6,321,181,1.52,22,2009-12-13,2011-11-30,324,356
22207,FRYING PAN UNION FLAG,merchandise,2918,11514.86,324,189,3.95,25,2009-12-01,2011-12-08,865,357
22192,BLUE DINER WALL CLOCK,merchandise,1389,11494.78,511,260,8.28,23,2009-12-01,2011-12-08,1541,358
21668,RED STRIPE CERAMIC DRAWER KNOB,merchandise,9423,11486.75,614,255,1.22,25,2009-12-01,2011-12-09,249,359
20975,12 PENCILS SMALL TUBE RED SPOTTY,merchandise,18000,11441.2,763,460,0.64,22,2009-12-01,2011-12-08,84,360
47567B,TEA TIME KITCHEN APRON,merchandise,2148,11440.32,320,179,5.33,25,2009-12-10,2011-12-05,1128,361
22750,FELTCRAFT PRINCESS LOLA DOLL,merchandise,3123,11409.51,597,362,3.65,16,2010-09-06,2011-12-08,818,362
21787,RAIN PONCHO WITH RED SPOTS,merchandise,14744,11407.28,350,221,0.77,22,2010-03-25,2011-12-06,127,363
22082,RIBBON REEL STRIPES DESIGN,merchandise,7011,11386.23,819,512,1.62,25,2009-12-01,2011-12-07,359,364
22834,MINI HAND WARMER BABUSHKA DESIGN,merchandise,7178,11367.83,484,300,1.58,16,2010-09-12,2011-12-09,345,365
22943,CHRISTMAS LIGHTS 10 VINTAGE BAUBLES,merchandise,2455,11320.43,286,215,4.61,12,2010-10-21,2011-12-05,993,366
20969,RED FLORAL FELTCRAFT SHOULDER BAG,merchandise,3134,11320.41,518,285,3.61,25,2009-12-01,2011-12-08,815,367
22623,BOX OF VINTAGE JIGSAW BLOCKS,merchandise,2231,11307.62,500,334,5.07,20,2010-05-06,2011-12-07,1086,368
22444,GROW YOUR OWN PLANT IN A CAN,merchandise,9200,11258.32,328,249,1.22,14,2010-03-23,2011-04-13,259,369
21673,WHITE SPOT BLUE CERAMIC DRAWER KNOB,merchandise,9335,11227.43,563,263,1.2,25,2009-12-01,2011-12-09,251,370
21906,PHARMACIE FIRST AID TIN,merchandise,1657,11195.15,311,214,6.76,25,2009-12-06,2011-12-05,1391,371
22950,SET OF 36 VINTAGE CHRISTMAS DOILIES,merchandise,8215,11186.95,307,256,1.36,9,2010-09-19,2011-11-07,294,372
22198,"POPCORN HOLDER , LARGE",merchandise,7064,11177.2,478,240,1.58,15,2009-12-02,2011-02-21,354,373
20676,RED SPOTTY BOWL,merchandise,9544,11135.63,720,372,1.17,25,2009-12-01,2011-12-08,244,374
22088,PAPER BUNTING COLOURED LACE,merchandise,4045,11107.55,478,266,2.75,20,2009-12-01,2011-07-06,653,375
22301,COFFEE MUG CAT + BIRD DESIGN,merchandise,4815,11040.39,466,273,2.29,25,2009-12-01,2011-12-08,551,376
84987,SET OF 36 TEATIME PAPER DOILIES,merchandise,7839,11023.03,642,406,1.41,25,2009-12-01,2011-12-05,310,377
47599A,PINK PARTY BAGS,merchandise,5953,10998.98,325,202,1.85,24,2009-12-04,2011-12-02,432,378
22151,PLACE SETTING WHITE HEART,merchandise,27268,10987.17,645,361,0.4,25,2009-12-01,2011-12-09,37,379
21498,RED SPOTS  WRAP,merchandise,27072,10977.24,799,454,0.41,25,2009-12-01,2011-12-08,40,380
21260,FIRST AID TIN,merchandise,3435,10886.85,442,303,3.17,25,2009-12-01,2011-12-08,747,381
21428,SET3 BOOK BOX GREEN GINGHAM FLOWER,merchandise,2801,10880.05,363,228,3.88,22,2009-12-01,2011-12-06,892,382
22631,CIRCUS PARADE LUNCHBOX,merchandise,5916,10879.58,469,271,1.84,19,2010-03-14,2011-12-09,435,383
84988,SET OF 72 PINK HEART PAPER DOILIES,merchandise,7671,10839.6,618,379,1.41,25,2009-12-01,2011-12-05,321,384
21671,RED SPOT CERAMIC DRAWER KNOB,merchandise,8989,10834.97,568,265,1.21,22,2009-12-01,2011-12-07,265,385
72351B,SET/6 PINK  BUTTERFLY T-LIGHTS,merchandise,5707,10834.24,426,208,1.9,25,2009-12-03,2011-12-07,457,386
22616,PACK OF 12 LONDON TISSUES,merchandise,38027,10792.83,633,319,0.28,20,2010-05-06,2011-12-08,17,387
22988,SOLDIERS EGG CUP,merchandise,9325,10780.22,349,207,1.16,13,2010-11-23,2011-12-08,253,388
22649,STRAWBERRY FAIRY CAKE TEAPOT,merchandise,2235,10736.35,414,200,4.8,20,2010-05-14,2011-12-04,1081,389
35400,WOODEN BOX ADVENT CALENDAR,merchandise,1239,10710.1,331,241,8.64,11,2009-12-01,2011-11-23,1660,390
22637,PIGGY BANK RETROSPOT,merchandise,4395,10675.37,496,329,2.43,19,2010-05-20,2011-11-27,604,391
22768,FAMILY PHOTO FRAME CORNICE,merchandise,1148,10648.49,320,243,9.28,15,2010-10-10,2011-12-09,1738,392
22729,ALARM CLOCK BAKELIKE ORANGE,merchandise,2882,10619.19,500,236,3.68,14,2010-09-24,2011-10-24,873,393
21326,AGED GLASS SILVER T-LIGHT HOLDER,merchandise,17446,10611.5,532,307,0.61,25,2009-12-01,2011-12-09,91,394
21937,STRAWBERRY   PICNIC BAG,merchandise,3811,10602.45,499,286,2.78,21,2009-12-02,2011-12-04,684,395
22740,POLKADOT PENS,merchandise,12839,10582.43,205,163,0.82,12,2010-09-30,2011-09-26,159,396
22417,PACK OF 60 SPACEBOY CAKE CASES,merchandise,21033,10541.19,911,521,0.5,24,2010-01-31,2011-12-08,63,397
22109,FULL ENGLISH BREAKFAST PLATE,merchandise,2934,10537.14,389,205,3.59,25,2009-12-01,2011-12-08,860,398
21868,POTTING SHED TEA MUG,merchandise,8914,10520.18,719,377,1.18,24,2009-12-01,2011-12-05,268,399
22468,BABUSHKA LIGHTS STRING OF 10,merchandise,1667,10479.39,335,196,6.29,22,2010-03-08,2011-12-06,1381,400
21172,PARTY METAL SIGN,merchandise,7496,10468.12,804,420,1.4,23,2009-12-01,2011-12-08,334,401
21907,I'M ON HOLIDAY METAL SIGN,merchandise,5068,10457.95,694,381,2.06,24,2010-01-29,2011-12-07,522,402
22508,DOORSTOP RETROSPOT HEART,merchandise,2731,10418.5,577,400,3.81,22,2010-03-11,2011-12-06,910,403
22580,ADVENT CALENDAR GINGHAM SACK,merchandise,1794,10391.78,388,275,5.79,14,2010-07-20,2011-12-05,1307,404
22791,T-LIGHT GLASS FLUTED ANTIQUE,merchandise,9053,10388.34,332,226,1.15,14,2010-10-22,2011-12-09,262,405
21242,RED SPOTTY PLATE,merchandise,6509,10383.89,519,289,1.6,25,2009-12-01,2011-12-07,388,406
22488,NATURAL SLATE RECTANGLE CHALKBOARD,merchandise,6493,10351.61,653,426,1.59,22,2010-03-05,2011-12-08,389,407
22274,FELTCRAFT DOLL EMILY,merchandise,3712,10336.46,578,344,2.78,25,2009-12-01,2011-12-06,701,408
21749,LARGE RED SPOT WINDMILL,merchandise,5454,10331.4,215,153,1.89,24,2009-12-14,2011-11-17,480,409
21833,CAMOUFLAGE LED TORCH,merchandise,6231,10263.51,337,210,1.65,25,2009-12-01,2011-12-07,403,410
22663,JUMBO BAG DOLLY GIRL DESIGN,merchandise,5387,10245.78,526,268,1.9,18,2010-07-19,2011-12-08,490,411
22418,"PEN, 10 COLOURS - SPACEBOY",merchandise,12306,10230.0,473,332,0.83,20,2010-05-06,2011-12-07,178,412
21429,RED GINGHAM ROSE JEWELLERY BOX,merchandise,6106,10197.9,764,418,1.67,22,2009-12-01,2011-12-08,417,413
23170,REGENCY TEA PLATE ROSES,merchandise,6563,10170.99,328,224,1.55,8,2011-05-10,2011-12-08,383,414
22595,GINGHAM HEART DECORATION,merchandise,12504,10162.74,640,481,0.81,18,2010-07-16,2011-12-08,168,415
20828,GLITTER BUTTERFLY CLIPS,merchandise,4262,10058.1,499,261,2.36,25,2009-12-01,2011-12-06,624,416
21624,VINTAGE UNION JACK DOORSTOP,merchandise,1721,10053.43,350,281,5.84,25,2009-12-01,2011-12-04,1352,417
22302,COFFEE MUG PEARS  DESIGN,merchandise,4808,10043.41,352,212,2.09,24,2009-12-01,2011-12-08,552,418
21670,BLUE SPOT CERAMIC DRAWER KNOB,merchandise,8125,9974.93,580,260,1.23,25,2009-12-01,2011-12-09,299,419
23208,LUNCH BAG VINTAGE LEAF DESIGN,merchandise,6191,9950.35,597,305,1.61,9,2011-04-12,2011-12-08,407,420
23300,GARDENERS KNEELING PAD CUP OF TEA,merchandise,6285,9933.69,635,351,1.58,8,2011-05-15,2011-12-09,399,421
22466,FAIRY TALE COTTAGE NIGHTLIGHT,merchandise,5649,9922.35,308,199,1.76,22,2010-03-05,2011-12-09,462,422
22620,4 TRADITIONAL SPINNING TOPS,merchandise,7682,9917.43,654,449,1.29,20,2010-05-09,2011-12-08,320,423
22968,ROSE COTTAGE KEEPSAKE BOX,merchandise,1088,9891.8,243,182,9.09,14,2010-10-29,2011-11-14,1786,424
82001S,VINYL RECORD FRAME SILVER,merchandise,2849,9879.67,196,86,3.47,25,2009-12-01,2011-12-06,878,425
21982,PACK OF 12 SUKI TISSUES,merchandise,31594,9847.94,521,335,0.31,22,2010-03-11,2011-12-08,27,426
16014,SMALL CHINESE STYLE SCISSOR,merchandise,30369,9838.98,92,46,0.32,24,2009-12-03,2011-12-09,31,427
22966,GINGERBREAD MAN COOKIE CUTTER,merchandise,8200,9815.41,610,422,1.2,13,2010-11-09,2011-12-08,295,428
22840,ROUND CAKE TIN VINTAGE RED,merchandise,1312,9791.68,377,281,7.46,15,2010-10-13,2011-12-08,1595,429
22795,SWEETHEART RECIPE BOOK STAND,merchandise,1514,9783.5,402,227,6.46,13,2010-10-17,2011-12-08,1473,430
23343,JUMBO BAG VINTAGE CHRISTMAS,merchandise,4905,9742.1,385,286,1.99,7,2011-06-13,2011-12-09,540,431
22348,TEA BAG PLATE RED SPOTTY,merchandise,11976,9732.66,690,344,0.81,25,2009-12-01,2011-12-08,184,432
21257,VICTORIAN SEWING BOX MEDIUM,merchandise,1285,9693.59,360,206,7.54,25,2009-12-01,2011-12-09,1625,433
21086,SET/6 RED SPOTTY PAPER CUPS,merchandise,16054,9656.3,621,311,0.6,24,2009-12-01,2011-12-06,107,434
21922,UNION STRIPE WITH FRINGE  HAMMOCK,merchandise,1283,9647.89,330,204,7.52,21,2010-04-11,2011-12-06,1629,435
23076,ICE CREAM SUNDAE LIP GLOSS,merchandise,7896,9638.16,248,202,1.22,10,2011-03-24,2011-12-08,307,436
84880,WHITE WIRE EGG HOLDER,merchandise,1740,9596.2,327,185,5.52,25,2009-12-03,2011-12-07,1340,437
22970,LONDON BUS COFFEE MUG,merchandise,4213,9582.15,276,180,2.27,13,2010-12-15,2011-12-08,631,438
22694,WICKER STAR,merchandise,4600,9477.0,720,484,2.06,18,2010-07-29,2011-12-09,580,439
21890,S/6 WOODEN SKITTLES IN COTTON BAG,merchandise,3333,9456.31,411,335,2.84,25,2009-12-01,2011-12-08,776,440
84792,ENCHANTED BIRD COATHANGER 5 HOOK,merchandise,2227,9447.23,437,248,4.24,25,2009-12-01,2011-12-08,1088,441
20754,RETROSPOT RED WASHING UP GLOVES,merchandise,4864,9432.12,679,363,1.94,24,2009-12-01,2011-11-20,547,442
21756,BATH BUILDING BLOCK WORD,merchandise,1583,9406.68,519,327,5.94,21,2009-12-01,2011-12-08,1434,443
20979,36 PENCILS TUBE RED SPOTTY,merchandise,7798,9403.98,518,310,1.21,25,2009-12-01,2011-12-08,313,444
22064,PINK DOUGHNUT TRINKET POT,merchandise,6271,9396.15,479,213,1.5,25,2009-12-01,2011-12-08,400,445
20829,GLITTER HANGING BUTTERFLY STRING,merchandise,4720,9392.39,404,207,1.99,25,2009-12-01,2011-12-06,566,446
21974,SET OF 36 PAISLEY FLOWER DOILIES,merchandise,6655,9379.31,557,355,1.41,25,2009-12-04,2011-12-07,376,447
22120,WELCOME  WOODEN BLOCK LETTERS,merchandise,974,9358.85,316,196,9.61,21,2009-12-01,2011-12-04,1905,448
21531,RETRO SPOT SUGAR JAM BOWL,merchandise,3940,9358.5,612,324,2.38,25,2009-12-01,2011-12-07,664,449
21735,TWO DOOR CURIO CABINET,merchandise,799,9350.4,202,139,11.7,20,2009-12-01,2011-09-16,2115,450
22656,VINTAGE BLUE KITCHEN CABINET,merchandise,45,9290.0,37,30,206.44,13,2010-07-12,2011-10-12,3906,451
21558,SKULL LUNCHBOX WITH CUTLERY,merchandise,3901,9289.65,532,267,2.38,23,2009-12-02,2011-12-05,672,452
20682,RED SPOTTY CHILDS UMBRELLA,merchandise,2936,9277.66,478,296,3.16,25,2009-12-01,2011-12-07,859,453
22942,CHRISTMAS LIGHTS 10 SANTAS,merchandise,1223,9269.95,217,176,7.58,8,2010-10-21,2011-12-09,1675,454
22668,PINK BABY BUNTING,merchandise,3290,9236.86,381,296,2.81,18,2010-07-08,2011-12-08,784,455
22767,TRIPLE PHOTO FRAME CORNICE,merchandise,994,9204.78,279,197,9.26,15,2010-10-10,2011-12-08,1882,456
22300,COFFEE MUG DOG + BALL DESIGN,merchandise,3993,9199.89,411,254,2.3,25,2009-12-01,2011-12-08,658,457
22904,CALENDAR PAPER CUT DESIGN,merchandise,3225,9198.79,398,269,2.85,15,2010-09-19,2011-11-17,799,458
82552,WASHROOM METAL SIGN,merchandise,6826,9196.01,654,346,1.35,25,2009-12-02,2011-12-05,367,459
23171,REGENCY TEA PLATE GREEN,merchandise,5966,9184.9,270,195,1.54,8,2011-05-10,2011-12-08,427,460
22978,PANTRY ROLLING PIN,merchandise,2406,9180.53,197,153,3.82,11,2011-02-17,2011-12-04,1015,461
22180,RETROSPOT LAMP,merchandise,942,9146.7,358,226,9.71,23,2009-12-01,2011-10-26,1943,462
22144,CHRISTMAS CRAFT LITTLE FRIENDS,merchandise,4461,9141.9,535,392,2.05,12,2009-12-02,2011-12-09,599,463
22349,DOG BOWL CHASING BALL DESIGN,merchandise,2396,9101.5,318,226,3.8,25,2009-12-01,2011-12-05,1016,464
21745,GAOLERS KEYS DECORATIVE GARDEN,merchandise,2702,9091.9,460,236,3.36,25,2009-12-01,2011-12-07,919,465
22380,TOY TIDY SPACEBOY,merchandise,4669,9075.5,549,300,1.94,24,2010-01-22,2011-12-09,570,466
51008,AFGHAN SLIPPER SOCK PAIR,merchandise,2828,9051.6,72,44,3.2,17,2009-12-02,2011-11-27,885,467
22429,ENAMEL MEASURING JUG CREAM,merchandise,2186,9024.54,526,364,4.13,21,2010-03-18,2011-12-08,1105,468
22549,PICTURE DOMINOES,merchandise,6359,9012.39,540,403,1.42,22,2010-03-25,2011-12-09,393,469
23175,REGENCY MILK JUG PINK,merchandise,3062,8995.0,272,206,2.94,8,2011-05-10,2011-12-06,833,470
22131,FOOD CONTAINER SET 3 LOVE HEART,merchandise,5021,8955.37,496,276,1.78,25,2009-12-01,2011-12-06,528,471
20970,PINK FLORAL FELTCRAFT SHOULDER BAG,merchandise,2445,8954.27,504,278,3.66,25,2009-12-01,2011-12-08,997,472
22992,REVOLVER WOODEN RULER,merchandise,4914,8944.44,285,217,1.82,11,2011-02-17,2011-12-09,538,473
21892,TRADITIONAL WOODEN CATCH CUP GAME,merchandise,7370,8935.67,601,447,1.21,25,2009-12-01,2011-12-06,341,474
47570B,TEA TIME TABLE CLOTH,merchandise,932,8895.48,188,129,9.54,16,2009-12-01,2011-03-29,1957,475
22089,PAPER BUNTING VINTAGE PAISLEY,merchandise,3203,8862.8,421,290,2.77,25,2009-12-01,2011-12-05,803,476
22741,FUNKY DIVA PEN,merchandise,10345,8712.91,196,132,0.84,16,2010-09-30,2011-12-08,217,477
21781,MA CAMPAGNE CUTLERY BOX,merchandise,601,8698.95,314,150,14.47,20,2009-12-01,2011-07-10,2351,478
22844,VINTAGE DOG FOOD CONTAINER,merchandise,1051,8643.49,366,229,8.22,15,2010-10-17,2011-12-08,1820,479
84030E,ENGLISH ROSE HOT WATER BOTTLE,merchandise,2121,8605.66,408,254,4.06,21,2009-12-03,2011-12-08,1144,480
22121,NOEL WOODEN BLOCK LETTERS,merchandise,1453,8587.09,386,303,5.91,19,2009-12-01,2011-12-08,1503,481
22725,ALARM CLOCK BAKELIKE CHOCOLATE,merchandise,2319,8566.59,419,217,3.69,16,2010-09-24,2011-12-08,1044,482
21769,VINTAGE POST OFFICE CABINET,merchandise,134,8562.52,48,42,63.9,13,2009-12-03,2010-12-07,3398,483
22947,WOODEN ADVENT CALENDAR RED,merchandise,779,8561.65,162,124,10.99,10,2010-09-16,2011-11-29,2134,484
79000,MOROCCAN TEA GLASS,merchandise,11501,8542.01,333,195,0.74,22,2009-12-03,2011-09-12,196,485
21980,PACK OF 12 RED SPOTTY TISSUES,merchandise,31271,8515.73,569,406,0.27,25,2009-12-01,2011-12-08,28,486
23582,VINTAGE DOILY JUMBO BAG RED,merchandise,4434,8508.22,234,186,1.92,3,2011-10-25,2011-12-08,601,487
23581,JUMBO BAG PAISLEY PARK,merchandise,4358,8498.04,302,230,1.95,3,2011-10-25,2011-12-09,607,488
21985,PACK OF 12 HEARTS DESIGN TISSUES,merchandise,24878,8474.12,734,493,0.34,25,2009-12-01,2011-12-08,49,489
21154,RED SPOTTY OVEN GLOVE,merchandise,7164,8471.32,593,327,1.18,25,2009-12-02,2011-12-09,347,490
22812,PACK 3 BOXES CHRISTMAS PANNETONE,merchandise,4451,8407.97,351,270,1.89,11,2010-09-15,2011-12-05,600,491
21385,IVORY HANGING DECORATION  HEART,merchandise,10221,8388.33,505,320,0.82,24,2009-12-01,2011-12-06,222,492
23318,BOX OF 6 MINI VINTAGE CRACKERS,merchandise,3645,8345.43,329,270,2.29,6,2011-07-07,2011-12-09,713,493
79323LP,LIGHT PINK CHERRY LIGHTS,merchandise,1420,8311.0,159,107,5.85,7,2009-12-01,2010-10-25,1522,494
22989,SET 2 PANTRY DESIGN TEA TOWELS,merchandise,2693,8310.17,311,241,3.09,11,2011-02-03,2011-12-08,923,495
22244,"HOOK, 3 HANGER ,MAGIC GARDEN",merchandise,4590,8298.9,281,169,1.81,21,2009-12-09,2011-09-28,582,496
35961,FOLKART ZINC HEART CHRISTMAS DEC,merchandise,10692,8264.52,397,262,0.77,25,2009-12-02,2011-12-08,210,497
21243,PINK POLKADOT PLATE,merchandise,5208,8260.08,395,210,1.59,25,2009-12-01,2011-12-06,510,498
37370,RETRO COFFEE MUGS ASSORTED,merchandise,7257,8238.15,344,184,1.14,22,2009-12-01,2011-11-22,342,499
21135,VICTORIAN  METAL POSTCARD SPRING,merchandise,5818,8231.14,380,251,1.41,25,2009-12-02,2011-12-08,448,500
20974,12 PENCILS SMALL TUBE SKULL,merchandise,12943,8207.75,684,370,0.63,25,2009-12-01,2011-12-09,157,501
84839,SWEETHEART KEY CABINET,merchandise,1478,8201.7,351,219,5.55,11,2009-12-01,2010-10-26,1490,502
22751,FELTCRAFT PRINCESS OLIVIA DOLL,merchandise,2252,8179.04,414,269,3.63,16,2010-09-05,2011-12-08,1074,503
22895,SET OF 2 TEA TOWELS APPLE AND PEARS,merchandise,2781,8177.29,354,232,2.94,16,2010-09-24,2011-12-07,898,504
23319,BOX OF 6 MINI 50'S CRACKERS,merchandise,3520,8169.48,365,300,2.32,6,2011-07-07,2011-12-09,734,505
22771,DRAWER KNOB ACRYLIC EDWARDIAN CLEAR,merchandise,6737,8154.61,383,201,1.21,15,2010-10-17,2011-12-07,372,506
20677,PINK SPOTTY BOWL,merchandise,6996,8151.55,545,268,1.17,25,2009-12-01,2011-12-08,361,507
23322,LARGE WHITE HEART OF WICKER,merchandise,2892,8137.5,511,350,2.81,7,2011-06-12,2011-12-08,868,508
23256,KIDS CUTLERY SPACEBOY,merchandise,2016,8115.48,324,232,4.03,9,2011-04-07,2011-12-09,1196,509
22357,KINGS CHOICE BISCUIT TIN,merchandise,1889,8112.09,316,259,4.29,24,2010-01-07,2011-12-06,1262,510
23082,SET 6 PAPER TABLE LANTERN HEARTS,merchandise,2260,8110.68,263,205,3.59,8,2011-05-11,2011-12-09,1069,511
21777,RECIPE BOX WITH METAL HEART,merchandise,1064,8101.8,312,169,7.61,13,2009-12-01,2010-12-01,1803,512
21933,PINK VINTAGE PAISLEY PICNIC BAG,merchandise,3803,8096.81,469,294,2.13,25,2009-12-02,2011-12-08,687,513
84508A,CAMOUFLAGE DESIGN TEDDY,merchandise,3807,8078.85,104,51,2.12,22,2009-12-01,2011-09-21,686,514
23078,ICE CREAM PEN LIP GLOSS,merchandise,6607,8077.31,213,159,1.22,10,2011-03-24,2011-12-07,380,515
22215,CAKE STAND WHITE TWO TIER LACE,merchandise,1036,8066.8,319,245,7.79,25,2009-12-01,2011-12-09,1838,516
21042,RED SPOTTY APRON,merchandise,1427,8003.15,336,200,5.61,25,2009-12-01,2011-12-06,1515,517
21935,SUKI  SHOULDER BAG,merchandise,5048,7942.62,452,234,1.57,25,2009-12-02,2011-12-08,527,518
21488,RED WHITE SCARF  HOT WATER BOTTLE,merchandise,2160,7926.0,301,216,3.67,12,2009-12-01,2010-12-01,1117,519
23080,RED METAL BOX TOP SECRET,merchandise,998,7920.78,221,148,7.94,8,2011-05-11,2011-12-08,1878,520
21381,MINI WOODEN HAPPY BIRTHDAY GARLAND,merchandise,4926,7901.58,376,234,1.6,25,2009-12-03,2011-12-06,536,521
21588,RETROSPOT GIANT TUBE MATCHES,merchandise,3390,7848.0,284,191,2.32,25,2009-12-01,2011-12-08,763,522
22275,WEEKEND BAG VINTAGE ROSE PAISLEY,merchandise,971,7843.8,280,168,8.08,13,2009-12-01,2010-12-02,1910,523
22078,RIBBON REEL LACE DESIGN,merchandise,3830,7800.5,385,246,2.04,23,2009-12-02,2011-12-09,677,524
21098,CHRISTMAS TOILET ROLL,merchandise,6653,7798.11,412,269,1.17,14,2009-12-01,2011-12-08,378,525
21716,BOYS VINTAGE TIN SEASIDE BUCKET,merchandise,3349,7777.73,306,241,2.32,25,2009-12-13,2011-12-06,770,526
22072,TEA CUP AND SAUCER RETRO SPOT,merchandise,2233,7732.05,402,200,3.46,25,2009-12-01,2011-12-09,1083,527
21186,WHITE DOVE HONEYCOMB PAPER GARLAND,merchandise,5017,7729.05,274,187,1.54,12,2009-12-01,2010-11-26,529,528
22079,RIBBON REEL HEARTS DESIGN,merchandise,4757,7705.29,542,397,1.62,25,2009-12-01,2011-12-07,560,529
21658,GLASS  BEURRE DISH,merchandise,2031,7685.25,345,166,3.78,20,2009-12-02,2011-07-19,1190,530
22195,LARGE HEART MEASURING SPOONS,merchandise,4709,7670.97,520,325,1.63,25,2009-12-01,2011-12-08,568,531
85064,CREAM SWEETHEART LETTER RACK,merchandise,1723,7654.67,239,172,4.44,11,2009-12-01,2011-01-27,1351,532
21874,GIN AND TONIC MUG,merchandise,6235,7651.01,455,211,1.23,25,2009-12-02,2011-12-09,401,533
85049E,SCANDINAVIAN REDS RIBBONS,merchandise,6099,7634.98,681,434,1.25,25,2009-12-01,2011-12-09,418,534
22779,WOODEN OWLS LIGHT GARLAND,merchandise,2015,7628.39,191,112,3.79,15,2010-10-24,2011-12-08,1198,535
22827,RUSTIC  SEVENTEEN DRAWER SIDEBOARD,merchandise,49,7605.0,35,29,155.2,13,2010-10-21,2011-11-17,3866,536
21715,GIRLS VINTAGE TIN SEASIDE BUCKET,merchandise,3239,7592.37,317,255,2.34,25,2009-12-13,2011-12-08,794,537
21244,BLUE POLKADOT PLATE,merchandise,4781,7584.53,363,207,1.59,23,2009-12-01,2011-10-20,557,538
22796,PHOTO FRAME 3 CLASSIC HANGING,merchandise,781,7583.9,293,201,9.71,15,2010-10-10,2011-12-08,2133,539
22354,RETROSPOT PADDED SEAT CUSHION,merchandise,2109,7574.17,237,157,3.59,24,2009-12-02,2011-11-23,1149,540
23439,HAND WARMER RED LOVE HEART,merchandise,3721,7574.1,371,268,2.04,5,2011-08-24,2011-12-09,698,541
22212,FOUR HOOK  WHITE LOVEBIRDS,merchandise,3767,7534.11,608,323,2.0,25,2009-12-01,2011-12-08,691,542
85067,CREAM SWEETHEART WALL CABINET,merchandise,478,7524.96,154,110,15.74,14,2009-12-01,2011-01-13,2516,543
22327,ROUND SNACK BOXES SET OF 4 SKULLS,merchandise,2647,7496.65,464,256,2.83,24,2010-01-10,2011-12-08,931,544
23328,SET 6 SCHOOL MILK BOTTLES IN CRATE,merchandise,2063,7495.29,281,195,3.63,5,2011-08-10,2011-12-09,1178,545
72807C,SET/3 VANILLA SCENTED CANDLE IN BOX,merchandise,1864,7488.16,238,164,4.02,23,2009-12-03,2011-11-23,1269,546
21875,KINGS CHOICE MUG,merchandise,6708,7483.92,326,218,1.12,25,2009-12-01,2011-12-09,374,547
22329,ROUND FOOD CONTAINER S/5 RETROSPOT,merchandise,4792,7469.8,421,261,1.56,24,2010-01-10,2011-12-06,555,548
82551,LAUNDRY 15C METAL SIGN,merchandise,5387,7455.24,550,306,1.38,25,2009-12-01,2011-12-06,491,549
21870,I CAN ONLY PLEASE ONE PERSON MUG,merchandise,6204,7446.06,539,243,1.2,19,2009-12-01,2011-06-06,405,550
22890,NOVELTY BISCUITS CAKE STAND 3 TIER,merchandise,797,7445.57,230,148,9.34,15,2010-10-14,2011-12-08,2119,551
85049A,TRADITIONAL CHRISTMAS RIBBONS,merchandise,5966,7376.83,562,387,1.24,25,2009-12-01,2011-12-09,428,552
22748,POPPY'S PLAYHOUSE KITCHEN,merchandise,3586,7376.81,616,410,2.06,16,2010-09-24,2011-12-08,720,553
22242,"HOOK, 5 HANGER , MAGIC TOADSTOOL",merchandise,4712,7354.8,305,186,1.56,15,2009-12-10,2011-02-16,567,554
21737,SET 3 WICKER LOG BASKETS,merchandise,397,7320.15,163,118,18.44,11,2009-12-01,2010-10-18,2667,555
22665,RECIPE BOX BLUE SKETCHBOOK DESIGN,merchandise,2583,7314.41,507,326,2.83,17,2010-07-11,2011-11-08,961,556
21932,SCANDINAVIAN PAISLEY PICNIC BAG,merchandise,3528,7293.21,494,315,2.07,25,2009-12-02,2011-12-07,731,557
21411,GINGHAM HEART  DOORSTOP RED,merchandise,1966,7244.14,507,358,3.68,25,2009-12-01,2011-12-08,1225,558
22809,SET OF 6 T-LIGHTS SANTA,merchandise,2513,7233.71,327,259,2.88,11,2010-09-20,2011-12-08,976,559
22813,PACK 3 BOXES BIRD PANNETONE,merchandise,3861,7214.73,290,222,1.87,16,2010-09-16,2011-12-07,673,560
22493,PAINT YOUR OWN CANVAS SET,merchandise,4566,7207.98,352,244,1.58,20,2010-05-07,2011-12-08,585,561
22689,DOORMAT MERRY CHRISTMAS RED,merchandise,1006,7187.54,211,182,7.14,12,2010-06-28,2011-11-28,1871,562
21976,PACK OF 60 MUSHROOM CAKE CASES,merchandise,14216,7163.28,713,404,0.5,25,2009-12-01,2011-12-08,139,563
21463,MIRRORED DISCO BALL,merchandise,1341,7160.1,280,169,5.34,25,2009-12-01,2011-12-07,1571,564
22073,RETRO SPOT STORAGE JAR,merchandise,1965,7134.75,360,227,3.63,18,2009-12-01,2011-05-04,1226,565
23238,SET OF 4 KNICK KNACK TINS LONDON,merchandise,1775,7116.65,233,150,4.01,7,2011-06-07,2011-12-09,1320,566
22219,LOVEBIRD HANGING DECORATION WHITE,merchandise,8487,7104.75,726,384,0.84,25,2009-12-01,2011-12-07,283,567
22784,LANTERN CREAM GAZEBO,merchandise,1507,7096.17,323,234,4.71,15,2010-10-22,2011-12-08,1476,568
84692,BOX OF 24 COCKTAIL PARASOLS,merchandise,17600,7085.81,721,348,0.4,25,2009-12-02,2011-12-09,87,569
21238,RED SPOTTY CUP,merchandise,8731,7074.77,700,324,0.81,25,2009-12-01,2011-12-06,276,570
72351A,SET/6 TURQUOISE BUTTERFLY T-LIGHTS,merchandise,3663,7071.29,352,174,1.93,25,2009-12-02,2011-12-08,709,571
22371,AIRLINE BAG VINTAGE TOKYO 78,merchandise,1543,7051.73,505,285,4.57,23,2010-02-14,2011-12-09,1455,572
22628,PICNIC BOXES SET OF 3 RETROSPOT,merchandise,1515,7051.25,250,172,4.65,18,2010-07-01,2011-12-09,1472,573
23007,SPACEBOY BABY GIFT SET,merchandise,449,7048.55,142,110,15.7,10,2011-03-09,2011-12-08,2568,574
48189,DOORMAT FRIENDSHIP,merchandise,1226,7033.74,207,152,5.74,10,2009-12-01,2010-09-20,1673,575
21114,LAVENDER SCENTED FABRIC HEART,merchandise,5657,7002.93,460,359,1.24,25,2009-12-01,2011-12-04,461,576
22745,POPPY'S PLAYHOUSE BEDROOM,merchandise,3415,6998.65,556,377,2.05,16,2010-09-24,2011-12-08,754,577
21497,FANCY FONTS BIRTHDAY WRAP,merchandise,17525,6988.5,483,330,0.4,25,2009-12-01,2011-12-09,89,578
20675,BLUE SPOTTY BOWL,merchandise,5914,6955.95,533,281,1.18,25,2009-12-01,2011-12-08,436,579
23215,JINGLE BELL HEART ANTIQUE SILVER,merchandise,3544,6955.8,197,162,1.96,7,2011-06-01,2011-12-09,726,580
22283,6 EGG HOUSE PAINTED WOOD,merchandise,931,6945.29,297,196,7.46,25,2009-12-01,2011-12-08,1959,581
22489,PACK OF 12 TRADITIONAL CRAYONS,merchandise,17219,6943.95,609,417,0.4,21,2010-03-02,2011-12-09,94,582
22780,LIGHT GARLAND BUTTERFILES PINK,merchandise,1842,6929.38,177,110,3.76,15,2010-10-22,2011-12-08,1283,583
22550,HOLIDAY FUN LUDO,merchandise,1937,6929.0,346,275,3.58,22,2010-03-25,2011-12-08,1237,584
21981,PACK OF 12 WOODLAND TISSUES,merchandise,26068,6915.8,386,282,0.27,23,2009-12-02,2011-12-07,42,585
21984,PACK OF 12 PINK PAISLEY TISSUES,merchandise,25273,6915.67,350,256,0.27,25,2009-12-03,2011-12-08,48,586
23320,GIANT 50'S CHRISTMAS CRACKER,merchandise,2628,6907.52,310,260,2.63,6,2011-07-05,2011-12-09,944,587
85220,SMALL FAIRY CAKE FRIDGE MAGNETS,merchandise,12236,6875.0,5,4,0.56,3,2009-12-02,2010-02-17,179,588
23543,WALL ART KEEP CALM,merchandise,1227,6869.47,94,81,5.6,3,2011-10-03,2011-12-08,1672,589
22839,"CAKE TIN, 3 TIER MINT/IVORY",merchandise,497,6854.91,188,142,13.79,15,2010-10-14,2011-12-06,2496,590
22029,SPACEBOY BIRTHDAY CARD,merchandise,17195,6854.48,861,429,0.4,25,2009-12-01,2011-12-08,95,591
22588,CARDHOLDER GINGHAM HEART,merchandise,2680,6850.52,400,320,2.56,15,2010-07-16,2011-12-06,926,592
21561,DINOSAUR LUNCHBOX WITH CUTLERY,merchandise,2871,6839.58,441,260,2.38,25,2009-12-01,2011-12-08,875,593
22938,CUPCAKE LACE PAPER SET 6,merchandise,3690,6837.68,251,237,1.85,16,2010-09-20,2011-12-08,706,594
22465,HANGING METAL STAR LANTERN,merchandise,4433,6835.03,386,270,1.54,22,2010-03-04,2011-12-09,602,595
22618,COOKING SET RETROSPOT,merchandise,718,6828.74,224,180,9.51,14,2010-03-14,2011-05-06,2209,596
22991,GIRAFFE WOODEN RULER,merchandise,3708,6816.84,234,185,1.84,11,2011-02-17,2011-12-09,702,597
22626,BLACK KITCHEN SCALES,merchandise,825,6814.93,305,200,8.26,21,2010-04-30,2011-12-08,2086,598
22563,HAPPY STENCIL CRAFT,merchandise,5899,6808.9,481,293,1.15,22,2010-03-24,2011-12-08,437,599
21115,ROSE CARAVAN DOORSTOP,merchandise,1168,6801.16,356,266,5.82,25,2009-12-02,2011-12-09,1722,600
23321,SMALL WHITE HEART OF WICKER,merchandise,4262,6798.1,582,378,1.6,7,2011-06-09,2011-12-08,625,601
22592,CARDHOLDER HOLLY WREATH METAL,merchandise,1831,6794.35,251,207,3.71,12,2010-07-27,2011-12-08,1288,602
22567,20 DOLLY PEGS RETROSPOT,merchandise,5567,6787.13,431,287,1.22,21,2010-03-26,2011-12-09,470,603
23236,STORAGE TIN VINTAGE DOILY,merchandise,2443,6782.07,284,203,2.78,7,2011-06-08,2011-12-08,1000,604
10002,INFLATABLE POLITICAL GLOBE,merchandise,8619,6757.27,297,164,0.78,17,2009-12-01,2011-04-18,279,605
82580,BATHROOM METAL SIGN,merchandise,12698,6741.06,927,443,0.53,25,2009-12-01,2011-12-07,161,606
23493,VINTAGE DOILY TRAVEL SEWING KIT,merchandise,3516,6736.2,349,282,1.92,4,2011-09-22,2011-12-09,735,607
23083,SET 6 PAPER TABLE LANTERN STARS,merchandise,1859,6735.88,209,161,3.62,8,2011-05-16,2011-12-08,1270,608
85065,CREAM SWEETHEART TRAYS,merchandise,582,6734.5,232,162,11.57,11,2009-12-02,2010-10-29,2372,609
22055,MINI CAKE STAND  HANGING STRAWBERY,merchandise,4491,6731.23,476,252,1.5,25,2009-12-01,2011-12-08,596,610
22353,LUNCHBOX WITH CUTLERY FAIRY CAKES,merchandise,2800,6713.4,371,200,2.4,14,2009-12-01,2011-05-08,894,611
21746,SMALL RED SPOT  WINDMILL,merchandise,5639,6707.03,381,234,1.19,24,2009-12-02,2011-11-29,464,612
11001,ASSTD DESIGN RACING CAR PEN,merchandise,4322,6691.62,178,118,1.55,25,2009-12-02,2011-12-05,611,613
23297,SET 40 HEART SHAPE PETIT FOUR CASES,merchandise,4260,6677.0,140,123,1.57,5,2011-07-12,2011-11-22,626,614
23254,KIDS CUTLERY DOLLY GIRL,merchandise,1657,6674.95,276,204,4.03,9,2011-04-07,2011-12-09,1392,615
22085,PAPER CHAIN KIT SKULLS,merchandise,2489,6672.55,192,141,2.68,25,2009-12-01,2011-12-07,982,616
21361,LOVE LARGE WOOD LETTERS,merchandise,541,6670.95,250,181,12.33,18,2010-02-11,2011-07-22,2431,617
22738,RIBBON REEL SNOWY VILLAGE,merchandise,4148,6656.08,352,274,1.6,11,2010-09-16,2011-12-08,642,618
21592,RETROSPOT CIGAR BOX MATCHES,merchandise,5956,6652.46,466,312,1.12,25,2009-12-01,2011-12-08,430,619
22645,CERAMIC HEART FAIRY CAKE MONEY BANK,merchandise,4858,6640.64,556,341,1.37,20,2010-05-14,2011-12-09,549,620
47599B,BLUE PARTY BAGS,merchandise,3516,6634.04,262,170,1.89,24,2010-01-11,2011-12-02,736,621
22350,ILLUSTRATED CAT BOWL,merchandise,2603,6626.61,251,169,2.55,25,2009-12-01,2011-12-08,951,622
21903,MAN FLU METAL SIGN,merchandise,3360,6612.18,346,230,1.97,25,2009-12-03,2011-12-08,768,623
85014D,PINK/BROWN DOTS RUFFLED UMBRELLA,merchandise,1912,6607.6,86,73,3.46,4,2009-12-01,2010-03-29,1251,624
23283,DOORMAT VINTAGE LEAVES DESIGN,merchandise,967,6600.27,209,146,6.83,8,2011-04-27,2011-12-08,1916,625
16156S,WRAP PINK FAIRY CAKES,merchandise,16686,6569.12,417,271,0.39,25,2009-12-01,2011-12-08,99,626
21033,JUMBO BAG CHARLIE AND LOLA TOYS,merchandise,3440,6549.22,293,163,1.9,22,2009-12-01,2011-09-08,745,627
23008,DOLLY GIRL BABY GIFT SET,merchandise,419,6534.05,120,99,15.59,10,2011-03-09,2011-12-04,2627,628
22358,KINGS CHOICE TEA CADDY,merchandise,2308,6533.48,384,295,2.83,24,2010-01-06,2011-12-04,1049,629
22798,ANTIQUE GLASS DRESSING TABLE POT,merchandise,2274,6529.26,258,173,2.87,15,2010-10-22,2011-12-09,1064,630
22907,PACK OF 20 NAPKINS PANTRY DESIGN,merchandise,8172,6524.22,675,445,0.8,16,2010-09-16,2011-12-09,297,631
23109,PACK OF SIX LED TEA LIGHTS,merchandise,2310,6484.9,228,178,2.81,8,2011-05-11,2011-12-08,1047,632
21500,PINK SPOTS  WRAP,merchandise,16025,6468.5,489,301,0.4,25,2009-12-01,2011-12-05,108,633
23293,SET OF 12 FAIRY CAKE BAKING CASES,merchandise,8228,6457.0,465,323,0.78,6,2011-07-12,2011-12-09,291,634
37450,CERAMIC CAKE BOWL + HANGING CAKES,merchandise,2355,6451.65,313,138,2.74,25,2009-12-01,2011-12-08,1028,635
23103,JINGLE BELL HEART DECORATION,merchandise,3931,6442.95,316,231,1.64,8,2011-05-11,2011-12-09,665,636
21563,RED HEART SHAPE LOVE BUCKET,merchandise,2712,6441.32,302,180,2.38,25,2009-12-06,2011-12-09,918,637
22661,CHARLOTTE BAG DOLLY GIRL DESIGN,merchandise,8111,6431.29,536,246,0.79,18,2010-07-19,2011-12-07,300,638
22833,HALL CABINET WITH 3 DRAWERS,merchandise,191,6417.22,11,9,33.6,4,2010-11-04,2011-02-03,3225,639
23134,LARGE ZINC HEART WALL ORGANISER,merchandise,1064,6414.48,37,29,6.03,6,2011-04-20,2011-09-18,1804,640
37448,CERAMIC CAKE DESIGN SPOTTED MUG,merchandise,4464,6412.32,433,198,1.44,25,2009-12-01,2011-12-08,598,641
21041,RED SPOTTY OVEN GLOVE DOUBLE,merchandise,2266,6410.7,330,191,2.83,20,2009-12-01,2011-11-23,1066,642
22783,SET 3 WICKER OVAL BASKETS W LIDS,merchandise,488,6404.82,44,38,13.12,8,2010-10-26,2011-06-14,2504,643
22141,CHRISTMAS CRAFT TREE TOP ANGEL,merchandise,3132,6400.48,434,313,2.04,10,2009-12-07,2011-12-09,816,644
84568,GIRLS ALPHABET IRON ON PATCHES,merchandise,33217,6399.57,72,49,0.19,20,2009-12-01,2011-11-30,24,645
20717,STRAWBERRY SHOPPER BAG,merchandise,5366,6392.28,500,283,1.19,25,2009-12-04,2011-12-08,494,646
22199,FRYING PAN RED RETROSPOT,merchandise,1689,6388.71,273,158,3.78,25,2009-12-01,2011-12-09,1371,647
22174,PHOTO CUBE,merchandise,4159,6367.91,303,178,1.53,23,2009-12-01,2011-12-07,640,648
22810,SET OF 6 T-LIGHTS SNOWMEN,merchandise,2165,6341.83,280,213,2.93,12,2010-09-20,2011-12-05,1115,649
22059,CERAMIC STRWBERRY DESIGN MUG,merchandise,4909,6341.05,365,183,1.29,25,2009-12-03,2011-12-09,539,650
22669,RED BABY BUNTING,merchandise,2190,6340.5,334,263,2.9,18,2010-07-06,2011-12-08,1101,651
22221,CAKE STAND LOVEBIRD 2 TIER PINK,merchandise,884,6339.0,138,108,7.17,25,2009-12-17,2011-12-08,2016,652
23229,VINTAGE DONKEY TAIL GAME,merchandise,1804,6336.43,219,186,3.51,7,2011-06-14,2011-12-09,1302,653
22528,GARDENERS KNEELING PAD,merchandise,5363,6329.83,449,284,1.18,9,2010-03-26,2010-11-04,496,654
23534,WALL ART STOP FOR TEA,merchandise,1206,6320.88,194,159,5.24,3,2011-10-02,2011-12-08,1691,655
47502,POLKADOT CUTLERY 24 PCS IN TRAY,merchandise,617,6307.15,58,40,10.22,10,2009-12-15,2010-09-03,2329,656
22414,DOORMAT NEIGHBOURHOOD WITCH,merchandise,1125,6299.05,162,92,5.6,24,2010-01-10,2011-12-06,1757,657
22332,SKULLS PARTY BAG + STICKER SET,merchandise,4084,6295.4,334,233,1.54,25,2009-12-03,2011-12-05,649,658
22360,"GLASS JAR, ENGLISH CONFECTIONERY",merchandise,2298,6290.1,303,209,2.74,23,2009-12-13,2011-12-08,1054,659
21876,POTTERING MUG,merchandise,5339,6267.47,403,239,1.17,25,2009-12-01,2011-12-08,498,660
22644,CERAMIC CHERRY CAKE MONEY BANK,merchandise,4765,6265.93,465,304,1.31,20,2010-05-14,2011-12-09,559,661
22577,WOODEN HEART CHRISTMAS SCANDISPOT,merchandise,13131,6262.55,727,517,0.48,18,2010-07-18,2011-12-08,151,662
23553,LANDMARK FRAME CAMDEN TOWN,merchandise,557,6244.85,62,50,11.21,3,2011-10-20,2011-12-08,2412,663
21107,CREAM SLICE FLANNEL PINK SPOT,merchandise,2299,6244.45,228,167,2.72,24,2009-12-02,2011-12-01,1052,664
85175,CACTI T-LIGHT CANDLES,merchandise,15574,6242.36,409,199,0.4,24,2009-12-01,2011-11-28,116,665
22432,WATERING CAN PINK BUNNY,merchandise,3407,6241.55,430,266,1.83,23,2010-02-18,2011-12-08,758,666
22220,CAKE STAND LOVEBIRD 2 TIER WHITE,merchandise,712,6240.0,244,190,8.76,24,2009-12-02,2011-12-09,2218,667
22504,CABIN BAG VINTAGE RETROSPOT,merchandise,277,6216.55,76,55,22.44,17,2010-05-06,2011-12-05,2964,668
22826,LOVE SEAT ANTIQUE WHITE METAL,merchandise,58,6210.0,41,33,107.07,10,2010-12-10,2011-11-23,3801,669
22830,UTILTY CABINET WITH HOOKS,merchandise,306,6186.54,16,14,20.22,4,2010-10-22,2011-01-16,2882,670
21584,RETROSPOT SMALL TUBE MATCHES,merchandise,3833,6175.65,347,253,1.61,25,2009-12-01,2011-12-07,676,671
21499,BLUE SPOTS  WRAP,merchandise,15375,6175.5,458,302,0.4,25,2009-12-01,2011-12-08,120,672
22739,"RIBBON REEL, XMAS SOCK/BAUBLE",merchandise,3735,6174.99,426,329,1.65,13,2010-09-16,2011-12-08,694,673
22080,RIBBON REEL SPOTS DESIGN,merchandise,3801,6173.65,438,336,1.62,20,2009-12-01,2011-12-09,689,674
22945,CHRISTMAS METAL TAGS ASSORTED,merchandise,7537,6168.01,278,244,0.82,13,2010-09-19,2011-12-05,329,675
37500,TEA TIME TEAPOT IN GIFT BOX,merchandise,827,6166.57,216,147,7.46,25,2009-12-01,2011-12-09,2083,676
23382,BOX OF 6 CHRISTMAS CAKE DECORATIONS,merchandise,1712,6155.04,163,136,3.6,3,2011-10-13,2011-12-09,1359,677
23541,WALL ART CLASSIC PUDDINGS,merchandise,829,6154.69,120,97,7.42,2,2011-10-02,2011-11-30,2077,678
21586,KINGS CHOICE GIANT TUBE MATCHES,merchandise,2641,6145.05,236,172,2.33,23,2009-12-01,2011-11-07,938,679
22526,WHEELBARROW FOR CHILDREN,merchandise,518,6133.62,187,153,11.84,22,2010-03-26,2011-12-01,2469,680
23480,MINI LIGHTS WOODLAND MUSHROOMS,merchandise,1717,6118.59,173,143,3.56,3,2011-10-20,2011-12-09,1354,681
85068,CREAM SWEETHEART SHELF + HOOKS,merchandise,922,6097.56,173,130,6.61,9,2009-12-01,2010-11-10,1976,682
47559B,TEA TIME OVEN GLOVE,merchandise,5065,6096.62,609,303,1.2,25,2009-12-08,2011-12-09,523,683
22224,WHITE LOVEBIRD LANTERN,merchandise,2129,6087.75,304,234,2.86,25,2009-12-02,2011-12-07,1138,684
22431,WATERING CAN BLUE ELEPHANT,merchandise,3211,6067.15,498,269,1.89,23,2010-02-22,2011-12-08,801,685
22582,PACK OF 6 SWEETIE GIFT BOXES,merchandise,2473,6061.06,252,225,2.45,22,2010-03-10,2011-12-08,988,686
22849,"BREAD BIN, DINER STYLE, MINT",merchandise,394,6060.06,151,101,15.38,11,2010-10-14,2011-10-20,2675,687
85047,WHITE BEADED GARLAND STRING 20LIGHT,merchandise,994,6043.1,201,137,6.08,13,2009-12-01,2011-01-27,1883,688
21201,TROPICAL  HONEYCOMB PAPER GARLAND,merchandise,2642,6013.5,183,109,2.28,25,2009-12-04,2011-12-05,937,689
22187,GREEN CHRISTMAS TREE CARD HOLDER,merchandise,2021,6003.77,290,230,2.97,19,2009-12-01,2011-12-07,1192,690
21989,PACK OF 20 SKULL PAPER NAPKINS,merchandise,8089,5986.69,468,264,0.74,25,2009-12-01,2011-12-07,301,691
23307,SET OF 60 PANTRY DESIGN CAKE CASES,merchandise,11661,5974.39,504,366,0.51,7,2011-06-03,2011-12-08,191,692
22045,SPACEBOY GIFT WRAP,merchandise,14517,5971.14,469,290,0.41,25,2009-12-04,2011-12-08,133,693
22430,ENAMEL WATERING CAN CREAM,merchandise,1296,5956.04,303,230,4.6,20,2010-05-14,2011-12-08,1612,694
85178,VICTORIAN SEWING KIT,merchandise,5434,5952.54,254,177,1.1,25,2009-12-01,2011-12-05,483,695
84032B,CHARLIE + LOLA RED HOT WATER BOTTLE,merchandise,2862,5945.5,405,288,2.08,25,2009-12-01,2011-12-09,876,696
22491,PACK OF 12 COLOURED PENCILS,merchandise,7433,5925.71,360,264,0.8,20,2010-05-06,2011-12-09,338,697
85062,PEARL CRYSTAL PUMPKIN T-LIGHT HLDR,merchandise,3726,5920.77,278,172,1.59,25,2009-12-10,2011-12-07,696,698
23535,WALL ART BICYCLE SAFTEY,merchandise,1123,5898.61,162,135,5.25,3,2011-10-02,2011-12-09,1758,699
22435,SET OF 9 HEART SHAPED BALLOONS,merchandise,4801,5889.29,445,303,1.23,21,2010-04-08,2011-12-07,554,700
72802C,VANILLA SCENT CANDLE JEWELLED BOX,merchandise,2178,5886.84,234,143,2.7,24,2009-12-04,2011-11-04,1109,701
22142,CHRISTMAS CRAFT WHITE FAIRY,merchandise,4185,5879.69,429,336,1.4,10,2009-12-01,2011-12-08,637,702
20973,12 PENCIL SMALL TUBE WOODLAND,merchandise,9236,5870.8,514,309,0.64,21,2010-03-17,2011-12-08,258,703
84884A,ANT WHITE WIRE HEART SPIRAL,merchandise,1666,5865.06,269,195,3.52,25,2009-12-01,2011-12-05,1384,704
85174,S/4 CACTI CANDLES,merchandise,1340,5860.32,229,126,4.37,25,2009-12-01,2011-12-08,1573,705
22596,CHRISTMAS STAR WISH LIST CHALKBOARD,merchandise,6080,5853.92,402,309,0.96,12,2010-07-16,2011-12-09,421,706
22130,PARTY CONE CHRISTMAS DECORATION,merchandise,7064,5846.84,358,298,0.83,22,2009-12-01,2011-12-08,355,707
23169,CLASSIC GLASS SWEET JAR,merchandise,1451,5829.65,262,203,4.02,8,2011-05-12,2011-12-06,1505,708
23172,REGENCY TEA PLATE PINK,merchandise,3688,5793.28,224,160,1.57,8,2011-05-10,2011-12-08,708,709
22979,PANTRY WASHING UP BRUSH,merchandise,3913,5785.71,304,225,1.48,10,2011-03-02,2011-12-08,667,710
22781,GUMBALL MAGAZINE RACK,merchandise,787,5778.89,225,160,7.34,15,2010-10-17,2011-12-05,2127,711
22855,FINE WICKER HEART,merchandise,4806,5774.94,345,271,1.2,12,2010-09-15,2011-08-30,553,712
22185,SLATE TILE NATURAL HANGING,merchandise,3763,5764.85,375,298,1.53,25,2009-12-01,2011-12-09,692,713
22841,ROUND CAKE TIN VINTAGE GREEN,merchandise,760,5763.28,286,219,7.58,15,2010-10-13,2011-12-08,2160,714
23247,BISCUIT TIN 50'S CHRISTMAS,merchandise,2048,5760.52,271,231,2.81,7,2011-06-08,2011-12-08,1187,715
21625,VINTAGE UNION JACK APRON,merchandise,856,5755.74,245,186,6.72,25,2009-12-01,2011-12-07,2050,716
22377,BOTTLE BAG RETROSPOT,merchandise,3212,5741.29,288,200,1.79,24,2010-01-26,2011-12-05,800,717
22848,"BREAD BIN, DINER STYLE, PINK",merchandise,375,5731.7,133,75,15.28,13,2010-10-14,2011-10-30,2706,718
21918,SET 12 KIDS COLOUR  CHALK STICKS,merchandise,14238,5728.24,585,369,0.4,25,2009-12-01,2011-12-09,138,719
20751,FUNKY WASHING UP GLOVES ASSORTED,merchandise,2770,5723.52,408,264,2.07,25,2009-12-01,2011-12-04,903,720
23485,BOTANICAL GARDENS WALL CLOCK,merchandise,259,5719.0,80,70,22.08,3,2011-10-20,2011-12-08,3006,721
22498,WOODEN REGATTA BUNTING,merchandise,992,5710.4,294,211,5.76,23,2010-02-03,2011-12-08,1887,722
23113,PANTRY CHOPPING BOARD,merchandise,1138,5695.86,43,39,5.01,4,2011-09-16,2011-12-07,1748,723
23296,SET OF 6 TEA TIME BAKING CASES,merchandise,4877,5684.65,319,243,1.17,6,2011-07-12,2011-12-08,546,724
21730,GLASS STAR FROSTED T-LIGHT HOLDER,merchandise,1200,5636.64,259,155,4.7,22,2009-12-01,2011-12-07,1696,725
23204,CHARLOTTE BAG APPLES DESIGN,merchandise,7039,5632.15,425,199,0.8,9,2011-04-11,2011-12-09,358,726
22119,PEACE WOODEN BLOCK LETTERS,merchandise,910,5604.06,330,244,6.16,25,2009-12-01,2011-12-09,1983,727
22971,QUEENS GUARD COFFEE MUG,merchandise,2365,5603.57,233,164,2.37,13,2010-12-16,2011-12-08,1027,728
22311,OFFICE MUG WARMER BLACK+SILVER,merchandise,1946,5603.5,190,120,2.88,25,2009-12-02,2011-12-06,1231,729
22898,CHILDRENS APRON APPLES DESIGN,merchandise,2990,5599.4,374,261,1.87,16,2010-09-26,2011-12-07,848,730
22331,WOODLAND PARTY BAG + STICKER SET,merchandise,3529,5570.21,345,225,1.58,25,2009-12-02,2011-12-09,730,731
22063,CERAMIC BOWL WITH STRAWBERRY DESIGN,merchandise,2173,5567.95,258,142,2.56,25,2009-12-01,2011-12-08,1112,732
22364,GLASS JAR DIGESTIVE BISCUITS,merchandise,1896,5565.4,224,164,2.94,22,2010-03-16,2011-12-08,1259,733
23311,VINTAGE CHRISTMAS STOCKING,merchandise,2199,5564.25,281,246,2.53,6,2011-07-14,2011-12-07,1097,734
22065,CHRISTMAS PUDDING TRINKET POT,merchandise,8333,5564.19,333,249,0.67,16,2009-12-01,2011-12-07,288,735
21988,PACK OF 6 SKULL PAPER PLATES,merchandise,7666,5558.5,350,209,0.73,25,2009-12-06,2011-12-06,323,736
22951,72 CAKE CASES DOLLY GIRL DESIGN,merchandise,10839,5543.81,517,345,0.51,16,2010-09-19,2011-12-08,207,737
23312,VINTAGE CHRISTMAS GIFT SACK,merchandise,1364,5523.0,193,168,4.05,6,2011-07-17,2011-12-07,1556,738
21703,BAG 125g SWIRLY MARBLES,merchandise,14499,5504.29,452,293,0.38,25,2009-12-02,2011-12-08,134,739
22899,CHILDRENS APRON DOLLY GIRL,merchandise,2723,5480.48,354,249,2.01,16,2010-09-26,2011-12-09,911,740
21110,LARGE CAKE TOWEL PINK SPOTS,merchandise,1259,5480.45,229,173,4.35,23,2009-12-03,2011-11-25,1645,741
21240,BLUE POLKADOT CUP,merchandise,6823,5479.23,568,287,0.8,25,2009-12-01,2011-12-06,368,742
22578,WOODEN STAR CHRISTMAS SCANDISPOT,merchandise,12350,5477.78,664,484,0.44,12,2010-07-18,2011-12-07,174,743
22964,3 PIECE SPACEBOY COOKIE CUTTER SET,merchandise,2721,5469.34,321,228,2.01,14,2010-11-21,2011-12-08,913,744
22168,"ORGANISER WOOD, ANTIQUE WHITE",merchandise,657,5451.3,304,250,8.3,17,2009-12-08,2011-04-12,2280,745
16161P,WRAP ENGLISH ROSE,merchandise,13223,5445.9,440,289,0.41,24,2009-12-01,2011-12-07,149,746
21587,COSY HOUR GIANT TUBE MATCHES,merchandise,2183,5437.05,255,207,2.49,14,2009-12-01,2011-10-18,1108,747
72756,FAIRY CAKE CANDLES,merchandise,3994,5432.66,127,114,1.36,3,2009-12-01,2010-06-15,657,748
22148,EASTER CRAFT 4 CHICKS,merchandise,2994,5430.3,243,209,1.81,20,2009-12-02,2011-12-04,846,749
22575,METAL MERRY CHRISTMAS WREATH,merchandise,2857,5419.35,299,207,1.9,12,2010-07-18,2011-12-05,877,750
37495,FAIRY CAKE BIRTHDAY CANDLE SET,merchandise,1520,5412.0,288,206,3.56,25,2009-12-04,2011-12-08,1469,751
23118,PARISIENNE JEWELLERY DRAWER,merchandise,765,5399.02,225,154,7.06,8,2011-05-10,2011-12-09,2155,752
22746,POPPY'S PLAYHOUSE LIVINGROOM,merchandise,2638,5394.92,460,319,2.05,16,2010-09-24,2011-12-08,940,753
23135,SMALL ZINC HEART WALL ORGANISER,merchandise,1538,5378.8,42,31,3.5,9,2011-04-19,2011-12-08,1458,754
22845,VINTAGE CREAM CAT FOOD CONTAINER,merchandise,893,5372.08,295,192,6.02,15,2010-10-15,2011-12-08,2007,755
22441,GROW YOUR OWN BASIL IN ENAMEL MUG,merchandise,2584,5360.4,390,295,2.07,22,2010-03-23,2011-12-08,959,756
21207,SKULL AND CROSSBONES  GARLAND,merchandise,3494,5360.3,212,167,1.53,25,2009-12-03,2011-12-02,740,757
21768,WALL MOUNTED VINTAGE ORGANISER,merchandise,447,5339.79,123,95,11.95,9,2009-12-01,2010-11-12,2571,758
23531,WALL ART BIG LOVE,merchandise,960,5319.36,97,77,5.54,3,2011-10-03,2011-12-08,1926,759
22070,SMALL RETRO SPOT MUG IN BOX  RED,merchandise,1756,5316.01,275,217,3.03,25,2009-12-01,2011-12-08,1326,760
22060,LARGE CAKE STAND HANGING HEARTS,merchandise,716,5305.12,143,112,7.41,18,2009-12-05,2011-05-23,2213,761
21432,SET OF 3 CASES WOODLAND DESIGN,merchandise,927,5298.65,227,152,5.72,12,2009-12-01,2010-11-11,1968,762
79067,CORONA MEXICAN TRAY,merchandise,1491,5282.45,275,160,3.54,13,2009-12-01,2010-12-20,1486,763
21239,PINK  SPOTTY CUP,merchandise,6536,5281.82,551,266,0.81,25,2009-12-01,2011-12-06,385,764
21667,GLASS CAKE COVER AND PLATE,merchandise,329,5272.55,141,119,16.03,13,2009-12-03,2011-01-12,2811,765
22341,LOVE GARLAND PAINTED ZINC,merchandise,3344,5272.4,139,128,1.58,25,2009-12-02,2011-12-05,773,766
23126,FELTCRAFT GIRL AMELIE KIT,merchandise,1084,5272.28,271,198,4.86,10,2011-03-02,2011-12-09,1791,767
21452,TOADSTOOL MONEY BOX,merchandise,1825,5266.15,328,228,2.89,22,2010-03-18,2011-12-07,1289,768
23583,LUNCH BAG PAISLEY PARK,merchandise,3305,5251.25,298,233,1.59,3,2011-10-25,2011-12-08,782,769
22842,"BISCUIT TIN, RED,IVORY, VINTAGE",merchandise,823,5236.85,219,183,6.36,14,2010-10-13,2011-11-29,2087,770
22437,SET OF 9 BLACK SKULL BALLOONS,merchandise,6376,5235.0,358,258,0.82,21,2010-04-07,2011-12-07,392,771
22854,CREAM SWEETHEART EGG HOLDER,merchandise,1104,5232.4,216,169,4.74,13,2010-09-16,2011-09-22,1773,772
22460,EMBOSSED GLASS TEALIGHT HOLDER,merchandise,4301,5214.84,289,206,1.21,22,2010-03-08,2011-12-09,615,773
22670,FRENCH WC SIGN BLUE METAL,merchandise,4337,5203.86,315,218,1.2,17,2010-08-17,2011-12-09,610,774
23192,BUNDLE OF 3 ALPHABET EXERCISE BOOKS,merchandise,3269,5197.17,312,224,1.59,8,2011-05-11,2011-12-08,788,775
22564,ALPHABET STENCIL CRAFT,merchandise,4573,5195.76,312,208,1.14,22,2010-03-24,2011-12-08,583,776
21934,SKULL SHOULDER BAG,merchandise,3279,5190.35,345,164,1.58,25,2009-12-01,2011-12-06,786,777
22763,KEY CABINET MA CAMPAGNE,merchandise,655,5189.09,119,95,7.92,15,2010-10-10,2011-12-08,2284,778
22660,DOORMAT I LOVE LONDON,merchandise,837,5184.37,148,96,6.19,19,2010-06-28,2011-12-07,2066,779
84832,ZINC WILLIE WINKIE  CANDLE STICK,merchandise,6232,5183.32,442,281,0.83,25,2009-12-01,2011-12-09,402,780
21900,"KEY FOB , SHED",merchandise,8162,5178.14,654,361,0.63,25,2009-12-01,2011-12-08,298,781
22282,12 EGG HOUSE PAINTED WOOD,merchandise,475,5176.67,143,92,10.9,25,2009-12-01,2011-12-08,2521,782
21491,SET OF THREE VINTAGE GIFT WRAPS,merchandise,2827,5167.05,222,184,1.83,8,2009-12-01,2010-11-21,886,783
20983,12 PENCILS TALL TUBE RED SPOTTY,merchandise,6092,5147.0,546,359,0.84,25,2009-12-01,2011-12-08,419,784
84520B,PACK 20 ENGLISH ROSE PAPER NAPKINS,merchandise,6655,5145.19,528,327,0.77,16,2009-12-01,2011-03-03,377,785
23133,LARGE IVORY HEART WALL ORGANISER,merchandise,759,5142.91,134,94,6.78,9,2011-04-20,2011-12-08,2164,786
85038,6 CHOCOLATE LOVE HEART T-LIGHTS,merchandise,2613,5139.34,282,191,1.97,25,2009-12-01,2011-12-09,950,787
84971S,SMALL HEART FLOWERS HOOK,merchandise,6293,5127.21,325,180,0.81,25,2009-12-02,2011-12-09,398,788
21495,SKULLS WRAP,merchandise,12465,5119.3,375,201,0.41,25,2009-12-01,2011-12-08,171,789
23158,SET OF 5 LUCKY CAT MAGNETS,merchandise,2536,5117.32,187,96,2.02,10,2011-03-25,2011-12-08,973,790
22483,RED GINGHAM TEDDY BEAR,merchandise,1824,5116.08,302,223,2.8,22,2010-03-04,2011-12-07,1290,791
21078,SET/20 STRAWBERRY PAPER NAPKINS,merchandise,6551,5107.97,537,342,0.78,23,2009-12-02,2011-10-11,384,792
23188,VINTAGE  2 METRE FOLDING RULER,merchandise,3096,5100.16,282,207,1.65,7,2011-06-14,2011-12-08,825,793
79029,GLASS HONEYPOT WASP CATCHER,merchandise,2849,5073.15,292,201,1.78,9,2009-12-01,2010-08-09,879,794
22737,RIBBON REEL CHRISTMAS PRESENT,merchandise,3087,5072.39,381,300,1.64,13,2010-09-16,2011-12-08,827,795
40016,CHINESE DRAGON PAPER LANTERNS,merchandise,15547,5064.44,196,133,0.33,22,2009-12-01,2011-09-21,117,796
22117,METAL SIGN HER DINNER IS SERVED,merchandise,1727,5060.45,196,142,2.93,25,2009-12-01,2011-12-06,1349,797
35004B,SET OF 3 BLACK FLYING DUCKS,merchandise,1254,5060.3,120,64,4.04,25,2009-12-01,2011-12-09,1648,798
22534,MAGIC SLATE SPACEBOY,merchandise,12519,5050.62,467,353,0.4,22,2010-03-28,2011-12-08,166,799
22443,GROW YOUR OWN HERBS SET OF 3,merchandise,659,5032.89,238,193,7.64,18,2010-03-23,2011-08-05,2279,800
23157,SET OF 6 NATIVITY MAGNETS,merchandise,2530,5031.55,145,111,1.99,7,2011-03-31,2011-11-29,974,801
23177,TREASURE ISLAND BOOK BOX,merchandise,2428,5029.8,214,174,2.07,10,2011-03-02,2011-12-05,1005,802
46000S,POLYESTER FILLER PAD 40x40cm,merchandise,3466,5025.7,369,240,1.45,25,2009-12-01,2011-12-08,744,803
22602,RETROSPOT WOODEN HEART DECORATION,merchandise,6166,5021.14,405,305,0.81,17,2010-07-16,2011-12-07,409,804
21872,GLAMOROUS  MUG,merchandise,5054,5020.5,285,169,0.99,25,2009-12-02,2011-12-09,525,805
22165,"DIAMANTE HEART SHAPED WALL MIRROR,",merchandise,783,5020.41,127,82,6.41,23,2009-12-01,2011-12-09,2131,806
22030,SWALLOWS GREETING CARD,merchandise,12472,5003.49,601,353,0.4,24,2009-12-01,2011-12-08,170,807
21112,"SWISS ROLL TOWEL, PINK  SPOTS",merchandise,2085,4996.23,128,104,2.4,22,2009-12-01,2011-11-24,1164,808
35832,WOOLLY HAT SOCK GLOVE ADVENT STRING,merchandise,1687,4995.85,162,132,2.96,8,2009-12-03,2010-11-02,1373,809
23132,SMALL IVORY HEART WALL ORGANISER,merchandise,1008,4989.08,141,115,4.95,9,2011-04-19,2011-12-08,1863,810
22687,DOORMAT CHRISTMAS VILLAGE,merchandise,837,4966.93,113,97,5.93,12,2010-06-28,2011-12-05,2067,811
21528,DAIRY MAID TRADITIONAL TEAPOT,merchandise,835,4965.45,215,145,5.95,24,2009-12-01,2011-11-29,2069,812
21069,VINTAGE BILLBOARD TEA MUG,merchandise,4943,4961.9,178,110,1.0,21,2009-12-01,2011-08-17,534,813
22196,SMALL HEART MEASURING SPOONS,merchandise,5886,4946.55,565,304,0.84,25,2009-12-01,2011-12-08,439,814
22335,HEART DECORATION PAINTED ZINC,merchandise,8080,4925.0,336,242,0.61,25,2009-12-01,2011-12-06,303,815
23154,SET OF 4 JAM JAR MAGNETS,merchandise,2441,4922.01,214,141,2.02,10,2011-03-25,2011-12-07,1001,816
22894,TABLECLOTH RED APPLES DESIGN,merchandise,548,4921.45,173,125,8.98,16,2010-09-24,2011-12-09,2424,817
22956,36 FOIL HEART CAKE CASES,merchandise,2548,4918.37,225,189,1.93,14,2010-11-04,2011-12-09,970,818
21832,CHOCOLATE CALCULATOR,merchandise,3045,4915.73,281,204,1.61,25,2009-12-01,2011-12-08,840,819
22186,RED STAR CARD HOLDER,merchandise,1929,4914.59,284,234,2.55,19,2009-12-01,2011-12-06,1241,820
23556,LANDMARK FRAME COVENT GARDEN,merchandise,435,4912.05,52,46,11.29,3,2011-10-19,2011-12-08,2592,821
22175,PINK OWL SOFT TOY,merchandise,1765,4911.73,296,161,2.78,25,2009-12-02,2011-12-09,1325,822
23310,BUBBLEGUM RING ASSORTED,merchandise,11891,4894.83,213,146,0.41,7,2011-06-09,2011-12-08,187,823
22378,WALL TIDY RETROSPOT,merchandise,3062,4884.26,288,167,1.6,24,2010-01-25,2011-12-05,834,824
22156,HEART DECORATION WITH PEARLS,merchandise,5792,4880.17,414,259,0.84,25,2009-12-01,2011-12-06,451,825
22433,WATERING CAN PINK BUNNY,merchandise,2698,4876.82,352,211,1.81,23,2010-02-18,2011-12-08,920,826
22957,SET 3 PAPER VINTAGE CHICK PAPER EGG,merchandise,1746,4872.3,196,179,2.79,6,2011-01-14,2011-09-29,1335,827
84032A,CHARLIE+LOLA PINK HOT WATER BOTTLE,merchandise,2323,4872.11,346,227,2.1,22,2009-12-01,2011-12-09,1042,828
22688,DOORMAT PEACE ON EARTH BLUE,merchandise,890,4865.26,85,77,5.47,13,2010-06-28,2011-12-08,2012,829
85132C,CHARLIE AND LOLA FIGURES TINS,merchandise,1921,4863.43,191,144,2.53,20,2009-12-01,2011-08-28,1245,830
21700,BIG DOUGHNUT FRIDGE MAGNETS,merchandise,5803,4851.43,325,186,0.84,25,2009-12-01,2011-12-07,449,831
84937,KASHMIR FOLKART TUMBLERS,merchandise,2486,4827.82,83,50,1.94,6,2009-12-03,2010-05-07,983,832
37446,MINI CAKE STAND WITH HANGING CAKES,merchandise,3602,4818.3,311,168,1.34,21,2009-12-01,2011-12-06,718,833
22906,12 MESSAGE CARDS WITH ENVELOPES,merchandise,3017,4810.05,346,274,1.59,16,2010-09-19,2011-12-09,845,834
21056,DOCTOR'S BAG SOFT TOY,merchandise,538,4797.98,179,119,8.92,25,2009-12-03,2011-12-05,2439,835
22610,PENS ASSORTED FUNNY FACE,merchandise,12206,4795.58,223,157,0.39,23,2010-02-25,2011-12-07,180,836
23263,SET OF 3 WOODEN HEART DECORATIONS,merchandise,3717,4791.58,389,269,1.29,7,2011-06-02,2011-12-08,700,837
23162,REGENCY TEA STRAINER,merchandise,1362,4789.24,142,96,3.52,9,2011-04-27,2011-12-05,1557,838
85061W,WHITE JEWELLED HEART DECORATION,merchandise,5930,4775.72,330,201,0.81,25,2009-12-01,2011-12-08,434,839
82599,FANNY'S REST STOPMETAL SIGN,merchandise,2338,4749.9,354,185,2.03,18,2009-12-03,2011-05-08,1033,840
23554,LANDMARK FRAME OXFORD STREET,merchandise,419,4730.65,54,49,11.29,3,2011-10-19,2011-12-08,2628,841
23555,LANDMARK FRAME NOTTING HILL,merchandise,419,4730.65,48,45,11.29,3,2011-10-19,2011-12-08,2629,842
22442,GROW YOUR OWN FLOWERS SET OF 3,merchandise,867,4725.21,164,140,5.45,20,2010-03-23,2011-12-09,2036,843
22399,MAGNETS PACK OF 4 CHILDHOOD MEMORY,merchandise,4044,4719.84,255,180,1.17,22,2010-03-26,2011-12-02,654,844
22509,SEWING BOX RETROSPOT DESIGN,merchandise,377,4717.15,172,142,12.51,22,2010-03-10,2011-12-08,2704,845
22434,BALLOON PUMP WITH 10 BALLOONS,merchandise,2553,4716.53,262,203,1.85,21,2010-04-07,2011-12-08,969,846
21577,SAVE THE PLANET COTTON TOTE BAG,merchandise,2236,4707.0,330,241,2.11,25,2009-12-01,2011-12-02,1079,847
23052,RECYCLED ACAPULCO MAT TURQUOISE,merchandise,571,4694.75,221,147,8.22,10,2011-03-04,2011-12-02,2385,848
22128,PARTY CONES CANDY ASSORTED,merchandise,3951,4693.65,186,143,1.19,24,2009-12-01,2011-11-18,662,849
20978,36 PENCILS TUBE SKULLS,merchandise,3820,4692.92,396,253,1.23,25,2009-12-01,2011-12-08,682,850
22896,PEG BAG APPLES DESIGN,merchandise,1974,4690.57,291,187,2.38,16,2010-09-26,2011-12-07,1220,851
84950,ASSORTED COLOUR T-LIGHT HOLDER,merchandise,7446,4688.14,221,156,0.63,25,2009-12-01,2011-12-07,337,852
22200,FRYING PAN PINK RETROSPOT,merchandise,1174,4683.54,230,120,3.99,25,2009-12-02,2011-12-09,1720,853
22115,METAL SIGN EMPIRE TEA,merchandise,2723,4680.83,350,244,1.72,25,2009-12-01,2011-12-08,912,854
22472,TV DINNER TRAY DOLLY GIRL,merchandise,1055,4673.97,203,131,4.43,22,2010-03-10,2011-12-08,1816,855
23295,SET OF 12 MINI LOAF BAKING CASES,merchandise,5957,4670.63,359,250,0.78,6,2011-07-12,2011-12-08,429,856
22412,METAL SIGN NEIGHBOURHOOD WITCH,merchandise,2289,4667.4,308,166,2.04,23,2010-01-29,2011-11-10,1057,857
21407,BROWN CHECK CAT DOORSTOP,merchandise,1140,4657.25,329,231,4.09,23,2009-12-01,2011-11-22,1745,858
21116,OWL DOORSTOP,merchandise,971,4653.69,246,164,4.79,25,2009-12-03,2011-12-05,1911,859
21544,SKULLS  WATER TRANSFER TATTOOS,merchandise,5801,4642.85,366,229,0.8,25,2009-12-01,2011-12-08,450,860
85049G,CHOCOLATE BOX RIBBONS,merchandise,3818,4641.75,459,288,1.22,24,2009-12-01,2011-12-07,683,861
22998,TRAVEL CARD WALLET KEEP CALM,merchandise,11645,4641.32,437,217,0.4,11,2011-02-16,2011-12-09,192,862
23314,VINTAGE CHRISTMAS TABLECLOTH,merchandise,391,4638.52,104,87,11.86,6,2011-07-15,2011-12-08,2678,863
22562,MONSTERS STENCIL CRAFT,merchandise,3964,4633.04,362,251,1.17,22,2010-03-24,2011-12-08,659,864
22772,PINK DRAWER KNOB ACRYLIC EDWARDIAN,merchandise,3908,4631.91,214,105,1.19,15,2010-10-17,2011-12-02,668,865
84270,ASSTD DESIGN BUBBLE GUM RING,merchandise,22410,4622.1,385,249,0.21,12,2009-12-01,2010-11-14,59,866
22305,COFFEE MUG PINK PAISLEY DESIGN,merchandise,2254,4621.0,126,87,2.05,25,2009-12-01,2011-12-07,1073,867
21896,POTTING SHED TWINE,merchandise,2298,4620.18,226,187,2.01,24,2009-12-01,2011-11-22,1055,868
23165,LARGE CERAMIC TOP STORAGE JAR,merchandise,2950,4617.9,220,167,1.57,8,2011-05-12,2011-12-09,857,869
21363,HOME SMALL WOOD LETTERS,merchandise,932,4613.4,331,224,4.95,21,2010-01-05,2011-09-25,1958,870
22691,DOORMAT WELCOME SUNRISE,merchandise,719,4610.21,182,124,6.41,18,2010-06-28,2011-12-08,2207,871
23558,LANDMARK FRAME LONDON BRIDGE,merchandise,410,4604.2,47,43,11.23,3,2011-10-19,2011-12-08,2646,872
23234,BISCUIT TIN VINTAGE CHRISTMAS,merchandise,1632,4567.38,232,201,2.8,7,2011-06-14,2011-12-08,1403,873
23159,SET OF 5 PANCAKE DAY MAGNETS,merchandise,2255,4562.73,195,121,2.02,9,2011-03-25,2011-11-28,1072,874
22604,SET OF 4 NAPKIN CHARMS CUTLERY,merchandise,1942,4558.51,221,162,2.35,18,2010-07-25,2011-12-08,1234,875
22304,COFFEE MUG BLUE PAISLEY DESIGN,merchandise,2370,4557.11,142,98,1.92,24,2009-12-01,2011-12-08,1025,876
22222,CAKE PLATE LOVEBIRD WHITE,merchandise,1228,4557.0,297,203,3.71,25,2009-12-01,2011-12-06,1669,877
23286,BLUE VINTAGE SPOT BEAKER,merchandise,4901,4528.29,164,125,0.92,7,2011-06-12,2011-12-07,541,878
22571,ROCKING HORSE RED CHRISTMAS,merchandise,5521,4518.13,379,294,0.82,14,2010-07-25,2011-12-08,473,879
21713,CITRONELLA CANDLE FLOWERPOT,merchandise,2577,4497.45,325,232,1.75,24,2009-12-14,2011-12-06,963,880
23569,TRADTIONAL ALPHABET STAMP SET,merchandise,926,4497.3,174,152,4.86,3,2011-10-21,2011-12-08,1970,881
21071,VINTAGE BILLBOARD DRINK ME MUG,merchandise,4150,4492.71,314,163,1.08,23,2009-12-01,2011-10-20,641,882
22241,GARLAND WOODEN HAPPY EASTER,merchandise,3808,4485.56,335,242,1.18,22,2009-12-01,2011-11-23,685,883
22276,WASH BAG VINTAGE ROSE PAISLEY,merchandise,1824,4484.7,303,213,2.46,25,2009-12-01,2011-12-08,1291,884
21986,PACK OF 12 PINK SPOT TISSUES,merchandise,13146,4481.62,376,275,0.34,25,2009-12-01,2011-12-08,150,885
22593,CHRISTMAS GINGHAM STAR,merchandise,5366,4481.54,311,247,0.84,14,2010-07-16,2011-12-08,495,886
47568,ENGLISH ROSE DESIGN PEG BAG,merchandise,2262,4478.78,320,179,1.98,9,2009-12-01,2010-08-22,1068,887
22583,PACK OF 6 HANDBAG GIFT BOXES,merchandise,1773,4478.55,284,250,2.53,22,2010-03-10,2011-12-06,1322,888
85063,CREAM SWEETHEART MAGAZINE RACK,merchandise,275,4455.25,150,104,16.2,12,2009-12-01,2010-11-18,2968,889
21614,SET OF 12 ROSE BOTANICAL T-LIGHTS,merchandise,1607,4452.65,178,123,2.77,14,2009-12-02,2011-05-31,1420,890
85184D,S/4 BLUE ROUND DECOUPAGE BOXES,merchandise,8294,4445.14,52,48,0.54,10,2009-12-04,2010-09-27,289,891
23010,CIRCUS PARADE BABY GIFT SET,merchandise,285,4444.75,89,73,15.6,10,2011-03-10,2011-12-04,2940,892
48197,DOORMAT BIRD ON THE WIRE,merchandise,785,4437.95,137,81,5.65,8,2009-12-01,2010-07-28,2129,893
22027,TEA PARTY BIRTHDAY CARD,merchandise,10892,4430.93,636,335,0.41,25,2009-12-01,2011-12-08,205,894
21718,RED METAL BEACH SPADE,merchandise,3703,4427.57,308,223,1.2,25,2009-12-16,2011-12-08,704,895
20977,36 PENCILS TUBE WOODLAND,merchandise,3563,4426.39,357,242,1.24,23,2009-12-01,2011-10-17,723,896
21313,GLASS HEART T-LIGHT HOLDER,merchandise,5944,4421.44,258,173,0.74,25,2009-12-01,2011-12-09,433,897
22203,MILK PAN RED RETROSPOT,merchandise,1236,4420.39,270,166,3.58,25,2009-12-01,2011-12-08,1662,898
22075,6 RIBBONS ELEGANT CHRISTMAS,merchandise,3063,4420.37,256,201,1.44,21,2009-12-01,2011-12-09,831,899
22672,FRENCH BATHROOM SIGN BLUE METAL,merchandise,2738,4407.42,298,227,1.61,17,2010-08-17,2011-12-08,909,900
22218,CAKE STAND LACE WHITE,merchandise,1113,4406.75,183,143,3.96,13,2009-12-01,2010-12-15,1766,901
84467,ENGLISH ROSE DESIGN QUILTED THROW,merchandise,306,4391.1,45,40,14.35,7,2009-12-06,2010-07-26,2883,902
23285,PINK VINTAGE SPOT BEAKER,merchandise,4679,4384.83,132,108,0.94,7,2011-06-12,2011-12-02,569,903
15044B,BLUE PAPER PARASOL,merchandise,1626,4382.3,148,97,2.7,20,2009-12-01,2011-09-28,1406,904
22318,FIVE HEART HANGING DECORATION,merchandise,1495,4381.45,286,204,2.93,25,2009-12-04,2011-12-02,1482,905
23176,ABC TREASURE BOOK BOX,merchandise,2088,4373.26,186,159,2.09,10,2011-03-02,2011-12-08,1163,906
82581,TOILET METAL SIGN,merchandise,8184,4370.42,728,371,0.53,25,2009-12-01,2011-12-09,296,907
22732,3D VINTAGE CHRISTMAS STICKERS,merchandise,3541,4356.09,243,195,1.23,10,2010-09-15,2011-12-07,727,908
22801,ANTIQUE GLASS PEDESTAL BOWL,merchandise,1192,4355.85,226,173,3.65,15,2010-10-22,2011-12-08,1705,909
22110,BIRD HOUSE HOT WATER BOTTLE,merchandise,1914,4355.51,323,217,2.28,23,2009-12-01,2011-12-08,1249,910
21471,STRAWBERRY RAFFIA FOOD COVER,merchandise,1233,4354.95,229,165,3.53,24,2009-12-01,2011-11-23,1664,911
84968A,SET OF 16 VINTAGE ROSE CUTLERY,merchandise,355,4353.45,116,66,12.26,25,2009-12-11,2011-12-04,2753,912
23526,WALL ART DOG LICENCE,merchandise,882,4346.82,91,79,4.93,3,2011-10-03,2011-12-08,2020,913
21706,FOLDING UMBRELLA RED/WHITE POLKADOT,merchandise,1212,4344.43,184,134,3.58,25,2009-12-01,2011-12-06,1685,914
23198,PANTRY MAGNETIC  SHOPPING LIST,merchandise,3063,4341.19,374,259,1.42,7,2011-06-22,2011-12-09,832,915
84968C,SET OF 16 VINTAGE PISTACHIO CUTLERY,merchandise,360,4330.8,97,64,12.03,24,2009-12-01,2011-11-23,2731,916
22374,AIRLINE BAG VINTAGE JET SET RED,merchandise,905,4320.09,341,226,4.77,23,2010-02-14,2011-12-06,1989,917
21967,PACK OF 12 SKULL TISSUES,merchandise,15683,4314.15,371,250,0.28,24,2009-12-01,2011-12-08,114,918
21506,"FANCY FONT BIRTHDAY CARD,",merchandise,10742,4311.48,544,310,0.4,25,2009-12-03,2011-12-09,208,919
21578,WOODLAND DESIGN  COTTON TOTE BAG,merchandise,1917,4295.25,276,184,2.24,24,2009-12-01,2011-11-06,1248,920
23275,SET OF 3 HANGING OWLS OLLIE BEAK,merchandise,3613,4291.17,270,171,1.19,7,2011-06-02,2011-12-09,716,921
22892,SET OF SALT AND PEPPER TOADSTOOLS,merchandise,3513,4281.81,274,162,1.22,14,2010-10-15,2011-11-22,737,922
22908,PACK OF 20 NAPKINS RED APPLES,merchandise,5471,4281.29,410,266,0.78,16,2010-09-20,2011-12-09,478,923
21564,PINK  HEART SHAPE LOVE BUCKET,merchandise,1911,4278.77,254,134,2.24,25,2009-12-03,2011-12-09,1252,924
22071,SMALL WHITE RETROSPOT MUG IN BOX,merchandise,1519,4276.95,236,200,2.82,24,2009-12-01,2011-12-08,1470,925
21878,PACK OF 6 SANDCASTLE FLAGS ASSORTED,merchandise,5387,4276.57,290,225,0.79,22,2010-03-25,2011-12-08,492,926
21249,WOODLAND  HEIGHT CHART STICKERS,merchandise,1571,4268.45,189,156,2.72,25,2009-12-02,2011-12-06,1442,927
23288,GREEN VINTAGE SPOT BEAKER,merchandise,4505,4261.89,134,107,0.95,7,2011-06-12,2011-12-05,594,928
21591,COSY HOUR CIGAR BOX MATCHES,merchandise,3431,4256.83,356,264,1.24,24,2009-12-01,2011-12-09,749,929
21916,SET 12 RETRO WHITE CHALK STICKS,merchandise,10519,4254.82,537,304,0.4,25,2009-12-01,2011-12-09,214,930
15044D,RED PAPER PARASOL,merchandise,1544,4252.84,188,105,2.75,24,2009-12-01,2011-12-05,1454,931
84509A,SET OF 4 ENGLISH ROSE PLACEMATS,merchandise,1185,4247.39,270,180,3.58,25,2009-12-01,2011-12-06,1713,932
22361,GLASS JAR DAISY FRESH COTTON WOOL,merchandise,1536,4245.6,264,189,2.76,22,2010-03-16,2011-12-08,1460,933
23503,PLAYING CARDS KEEP CALM & CARRY ON,merchandise,3432,4242.96,327,284,1.24,4,2011-09-22,2011-12-09,748,934
23530,"WALL ART,ONLY ONE PERSON",merchandise,1037,4241.25,74,60,4.09,3,2011-10-03,2011-12-09,1835,935
22653,BUTTON BOX,merchandise,2240,4240.26,231,156,1.89,18,2010-07-19,2011-12-07,1078,936
22611,VINTAGE UNION JACK SHOPPING BAG,merchandise,896,4227.6,185,135,4.72,18,2010-03-28,2011-11-25,2003,937
20747,PICCADILLY TEA SET,merchandise,309,4212.55,70,48,13.63,6,2009-12-01,2010-05-16,2874,938
23237,SET OF 4 KNICK KNACK TINS LEAVES,merchandise,1043,4208.05,169,131,4.03,7,2011-06-08,2011-12-09,1827,939
22299,PIG KEYRING WITH LIGHT & SOUND,merchandise,3843,4207.69,128,103,1.09,23,2009-12-03,2011-12-09,675,940
15060B,FAIRY CAKE DESIGN UMBRELLA,merchandise,1155,4205.67,274,174,3.64,24,2009-12-03,2011-11-18,1733,941
22574,HEART WOODEN CHRISTMAS DECORATION,merchandise,4948,4205.02,309,253,0.85,13,2010-07-18,2011-12-08,533,942
22926,IVORY GIANT GARDEN THERMOMETER,merchandise,724,4199.8,201,152,5.8,7,2010-11-21,2011-05-10,2197,943
22451,SILK PURSE RUSSIAN DOLL RED,merchandise,1288,4199.6,197,134,3.26,15,2010-03-17,2011-05-13,1621,944
23494,VINTAGE DOILY DELUXE SEWING KIT,merchandise,722,4194.9,176,145,5.81,4,2011-09-25,2011-12-08,2201,945
20681,PINK SPOTTY CHILDS UMBRELLA,merchandise,1320,4191.0,274,184,3.17,16,2009-12-01,2011-03-10,1589,946
23389,SPACEBOY MINI RUCKSACK,merchandise,1043,4188.45,205,159,4.02,4,2011-09-11,2011-12-09,1828,947
22291,"SPRING DEC , HANGING CHICK CREAM",merchandise,3090,4185.3,209,141,1.35,23,2009-12-03,2011-11-25,826,948
23167,SMALL CERAMIC TOP STORAGE JAR,merchandise,5666,4184.18,177,129,0.74,8,2011-05-11,2011-12-09,460,949
21537,RETRO SPOTS PUDDING BOWL,merchandise,1007,4178.75,226,174,4.15,25,2009-12-01,2011-12-07,1869,950
22733,3D TRADITIONAL CHRISTMAS STICKERS,merchandise,3349,4171.29,253,216,1.25,10,2010-09-17,2011-12-07,771,951
21609,SET 12 LAVENDER  BOTANICAL T-LIGHTS,merchandise,1500,4165.8,207,142,2.78,21,2009-12-02,2011-08-30,1479,952
21068,VINTAGE BILLBOARD LOVE/HATE MUG,merchandise,4225,4162.95,257,149,0.99,25,2009-12-01,2011-12-08,627,953
21899,"KEY FOB , GARAGE DESIGN",merchandise,6616,4156.58,523,313,0.63,25,2009-12-03,2011-12-08,379,954
85184C,SET 4 VALENTINE DECOUPAGE HEART BOX,merchandise,2111,4155.43,255,186,1.97,25,2009-12-01,2011-12-05,1148,955
22476,EMPIRE UNION JACK TV DINNER TRAY,merchandise,1232,4133.92,188,145,3.36,22,2010-03-07,2011-12-09,1666,956
21590,KINGS CHOICE CIGAR BOX MATCHES,merchandise,3438,4128.78,280,203,1.2,12,2009-12-01,2010-11-10,746,957
22601,CHRISTMAS RETROSPOT ANGEL WOOD,merchandise,5050,4124.02,330,257,0.82,12,2010-07-18,2011-12-07,526,958
79341,WILLOW BRANCH LIGHTS.,merchandise,703,4121.25,63,49,5.86,5,2009-12-01,2010-04-20,2231,959
22426,ENAMEL WASH BOWL CREAM,merchandise,1194,4118.3,273,182,3.45,20,2010-05-16,2011-12-07,1704,960
23404,HOME SWEET HOME BLACKBOARD,merchandise,969,4108.58,136,104,4.24,4,2011-09-05,2011-12-09,1914,961
23205,CHARLOTTE BAG VINTAGE ALPHABET,merchandise,5150,4105.02,345,201,0.8,9,2011-04-11,2011-12-09,514,962
16161U,"WRAP,SUKI AND FRIENDS",merchandise,10051,4095.42,317,203,0.41,25,2009-12-01,2011-12-02,226,963
10135,COLOURING PENCILS BROWN TUBE,merchandise,3918,4086.89,249,178,1.04,25,2009-12-01,2011-12-07,666,964
21534,DAIRY MAID LARGE MILK JUG,merchandise,854,4086.6,295,199,4.79,25,2009-12-01,2011-12-07,2053,965
20967,GREY FLORAL FELTCRAFT SHOULDER BAG,merchandise,1105,4078.59,272,187,3.69,18,2009-12-01,2011-05-16,1772,966
23397,FOOT STOOL HOME SWEET HOME,merchandise,434,4069.9,176,139,9.38,3,2011-09-04,2011-11-25,2597,967
21355,TOAST ITS - I LOVE YOU,merchandise,3405,4064.65,278,213,1.19,24,2009-12-01,2011-12-09,761,968
22278,OVERNIGHT BAG VINTAGE ROSE PAISLEY,merchandise,832,4062.4,239,164,4.88,24,2009-12-02,2011-12-07,2073,969
23241,TREASURE TIN GYMKHANA DESIGN,merchandise,2005,4060.0,284,183,2.02,7,2011-06-08,2011-12-08,1201,970
21143,ANTIQUE GLASS HEART DECORATION,merchandise,2125,4057.35,152,128,1.91,15,2009-12-01,2011-08-22,1140,971
21811,HANGING HEART WITH BELL,merchandise,5854,4056.72,270,199,0.69,23,2009-12-01,2011-11-23,444,972
22760,"TRAY, BREAKFAST IN BED",merchandise,338,4053.9,103,82,11.99,12,2010-10-10,2011-09-05,2789,973
21474,SWEETHEART CREAM STEEL FOLDIN BENCH,merchandise,203,4049.85,92,69,19.95,9,2010-01-21,2010-09-12,3187,974
22285,HANGING HEN ON NEST DECORATION,merchandise,2643,4048.35,212,165,1.53,25,2009-12-06,2011-12-05,935,975
22449,SILK PURSE RUSSIAN DOLL PINK,merchandise,1221,4037.28,234,155,3.31,21,2010-03-17,2011-11-24,1678,976
22127,PARTY CONES CARNIVAL ASSORTED,merchandise,3469,4028.45,146,128,1.16,16,2009-12-01,2011-03-23,743,977
84968D,SET OF 16 VINTAGE RED CUTLERY,merchandise,343,4008.87,59,45,11.69,22,2009-12-08,2011-12-07,2781,978
20961,STRAWBERRY BATH SPONGE,merchandise,3263,4006.91,314,177,1.23,25,2009-12-01,2011-12-08,790,979
22454,MEASURING TAPE RUSSIAN DOLL RED,merchandise,1451,4006.85,163,115,2.76,19,2010-03-21,2011-11-16,1506,980
72807B,SET/3 OCEAN SCENT CANDLE JEWEL BOX,merchandise,983,4003.51,162,112,4.07,24,2009-12-01,2011-11-23,1894,981
72802B,OCEAN SCENT CANDLE IN JEWELLED BOX,merchandise,1507,3986.13,189,119,2.65,24,2009-12-01,2011-11-03,1477,982
22800,ANTIQUE TALL SWIRLGLASS TRINKET POT,merchandise,1076,3983.38,189,149,3.7,15,2010-10-22,2011-12-08,1795,983
22474,"TRAY FOR TV DINNER ,SPACEBOY",merchandise,902,3967.74,189,144,4.4,20,2010-03-08,2011-12-08,1994,984
22959,"WRAPPING PAPER, XMAS VILLAGE",merchandise,9688,3960.96,281,251,0.41,9,2010-09-06,2011-12-08,237,985
22736,"RIBBON REEL, MAKING SNOWMEN",merchandise,2410,3959.66,298,232,1.64,12,2010-09-16,2011-12-09,1014,986
20982,12 PENCILS TALL TUBE SKULLS,merchandise,4665,3954.33,487,316,0.85,25,2009-12-01,2011-12-09,571,987
23163,REGENCY SUGAR TONGS,merchandise,1714,3949.7,134,95,2.3,9,2011-04-27,2011-12-08,1357,988
22053,EMPIRE DESIGN ROSETTE,merchandise,4518,3948.92,66,61,0.87,22,2009-12-03,2011-11-08,592,989
21245,GREEN POLKADOT PLATE,merchandise,2444,3947.64,254,146,1.62,25,2009-12-01,2011-12-07,998,990
22851,SET 20 NAPKINS FAIRY CAKES DESIGN,merchandise,5007,3944.61,451,306,0.79,17,2010-08-19,2011-12-07,530,991
22721,SET OF 3 CAKE TINS SKETCHBOOK,merchandise,908,3942.82,246,183,4.34,13,2010-12-14,2011-12-09,1985,992
79320,FLAMINGO LIGHTS,merchandise,862,3940.7,122,67,4.57,10,2009-12-02,2010-09-10,2043,993
22530,MAGIC SLATE DOLLY GIRL,merchandise,9820,3935.76,375,285,0.4,22,2010-03-28,2011-12-08,234,994
22548,HEADS AND TAILS SPORTING FUN,merchandise,3364,3934.35,375,293,1.17,21,2010-03-25,2011-11-13,767,995
21707,FOLDING UMBRELLA BLACKBLUE POLKADOT,merchandise,952,3933.62,132,107,4.13,24,2009-12-01,2011-12-06,1931,996
23129,HEART SHAPED HOLLY WREATH,merchandise,942,3933.18,165,138,4.18,8,2011-05-18,2011-12-05,1944,997
20963,APPLE BATH SPONGE,merchandise,3199,3930.54,293,168,1.23,24,2009-12-02,2011-12-08,805,998
85132A,CHARLIE + LOLA BISCUITS TINS,merchandise,1186,3926.5,147,98,3.31,17,2009-12-01,2011-05-24,1712,999
22536,MAGIC SLATE FIDO,merchandise,10083,3921.66,327,243,0.39,22,2010-03-28,2011-12-08,224,1000
22425,ENAMEL COLLANDER CREAM,merchandise,815,3918.86,261,195,4.81,20,2010-05-16,2011-12-07,2094,1001
37447,CERAMIC CAKE DESIGN SPOTTED PLATE,merchandise,2721,3918.69,264,141,1.44,25,2009-12-01,2011-12-02,914,1002
21901,"KEY FOB , BACK DOOR",merchandise,6125,3905.57,575,315,0.64,25,2009-12-01,2011-12-08,415,1003
22612,TEA COSY VINTAGE UNION JACK,merchandise,988,3885.93,96,83,3.93,7,2010-03-28,2010-09-28,1892,1004
22790,"MIRROR, ARCHED GEORGIAN",merchandise,200,3884.0,1,1,19.42,1,2010-10-14,2010-10-14,3197,1005
46000M,POLYESTER FILLER PAD 45x45cm,merchandise,2505,3882.75,342,205,1.55,25,2009-12-01,2011-12-07,979,1006
23144,ZINC T-LIGHT HOLDER STARS SMALL,merchandise,4894,3879.98,237,180,0.79,9,2011-04-21,2011-12-08,544,1007
23340,VINTAGE CHRISTMAS CAKE FRILL,merchandise,2453,3879.45,122,112,1.58,6,2011-07-31,2011-12-08,994,1008
23486,ANTIQUE HEART SHELF UNIT,merchandise,267,3879.15,68,64,14.53,3,2011-10-20,2011-12-08,2986,1009
22573,STAR WOODEN CHRISTMAS DECORATION,merchandise,4661,3874.49,290,235,0.83,13,2010-07-18,2011-12-09,573,1010
22747,POPPY'S PLAYHOUSE BATHROOM,merchandise,1908,3868.8,327,241,2.03,16,2010-09-24,2011-12-09,1254,1011
23557,LANDMARK FRAME BAKER STREET,merchandise,347,3867.85,29,25,11.15,3,2011-10-19,2011-12-08,2771,1012
21987,PACK OF 6 SKULL PAPER CUPS,merchandise,6337,3859.85,347,209,0.61,25,2009-12-01,2011-12-06,396,1013
23255,CHILDRENS CUTLERY CIRCUS PARADE,merchandise,962,3852.44,143,116,4.0,9,2011-04-10,2011-12-09,1922,1014
22600,CHRISTMAS RETROSPOT STAR WOOD,merchandise,4662,3851.16,345,278,0.83,12,2010-07-16,2011-12-08,572,1015
84279P,CHERRY BLOSSOM  DECORATIVE FLASK,merchandise,1061,3846.27,241,169,3.63,25,2009-12-06,2011-12-01,1808,1016
22167,"WALL MIRROR , DIAMANTE OVAL SHAPE",merchandise,527,3840.85,166,92,7.29,24,2009-12-01,2011-12-08,2456,1017
21743,STAR PORTABLE TABLE LIGHT,merchandise,1380,3840.6,139,117,2.78,19,2009-12-01,2011-09-13,1547,1018
21153,RED SPOTTY TABLECLOTH,merchandise,370,3832.5,123,91,10.36,9,2009-12-03,2010-08-25,2720,1019
22639,SET OF 4 NAPKIN CHARMS HEARTS,merchandise,1618,3827.22,248,192,2.37,18,2010-07-18,2011-12-07,1410,1020
71038,WHITE HANGING BEADS CANDLE HOLDER,merchandise,723,3821.95,144,85,5.29,23,2009-12-02,2011-11-28,2199,1021
23306,SET OF 36 PANTRY PAPER DOILIES,merchandise,2692,3819.94,209,182,1.42,7,2011-06-05,2011-12-04,924,1022
22797,CHEST OF DRAWERS GINGHAM HEART,merchandise,228,3812.94,125,98,16.72,15,2010-10-17,2011-12-07,3113,1023
22594,CHRISTMAS GINGHAM TREE,merchandise,4527,3808.17,290,232,0.84,14,2010-07-18,2011-12-08,590,1024
51014A,"FEATHER PEN,HOT PINK",merchandise,6072,3808.16,247,161,0.63,25,2009-12-04,2011-12-08,422,1025
21679,SKULLS  STICKERS,merchandise,4747,3804.07,268,181,0.8,25,2009-12-02,2011-12-07,562,1026
72802A,ROSE SCENT CANDLE IN JEWELLED BOX,merchandise,927,3804.03,169,112,4.1,25,2009-12-02,2011-12-01,1969,1027
72349B,SET/6 PURPLE BUTTERFLY T-LIGHTS,merchandise,1944,3797.04,237,123,1.95,25,2009-12-01,2011-12-08,1232,1028
22359,"GLASS JAR, KINGS CHOICE SOAP",merchandise,1235,3779.37,155,117,3.06,22,2010-03-16,2011-12-06,1663,1029
20674,GREEN SPOTTY BOWL,merchandise,3118,3775.59,360,196,1.21,25,2009-12-02,2011-12-08,820,1030
21034,REX CASH+CARRY JUMBO SHOPPER,merchandise,3962,3763.9,1857,800,0.95,25,2009-12-01,2011-12-08,660,1031
23012,GLASS APOTHECARY BOTTLE PERFUME,merchandise,1014,3763.64,198,151,3.71,7,2011-06-14,2011-12-08,1859,1032
23050,RECYCLED ACAPULCO MAT GREEN,merchandise,459,3763.55,176,116,8.2,10,2011-03-04,2011-12-05,2540,1033
22775,PURPLE DRAWERKNOB ACRYLIC EDWARDIAN,merchandise,3082,3756.31,183,98,1.22,15,2010-10-17,2011-12-08,829,1034
22272,FELTCRAFT DOLL MARIA,merchandise,1366,3752.76,276,207,2.75,18,2009-12-01,2011-05-22,1552,1035
23193,BUFFALO BILL TREASURE BOOK BOX,merchandise,1847,3750.57,137,109,2.03,10,2011-03-02,2011-12-09,1277,1036
23184,BULL DOG BOTTLE OPENER,merchandise,778,3749.5,197,129,4.82,10,2011-03-06,2011-12-09,2135,1037
23130,MISTLETOE HEART WREATH GREEN,merchandise,918,3748.42,167,139,4.08,8,2011-05-01,2011-12-04,1977,1038
21494,ROTATING LEAVES T-LIGHT HOLDER,merchandise,2883,3742.78,241,147,1.3,25,2009-12-02,2011-12-08,872,1039
21810,CHRISTMAS HANGING STAR WITH BELL,merchandise,6316,3742.4,241,171,0.59,15,2009-12-02,2011-12-09,397,1040
21470,FLOWER VINE RAFFIA FOOD COVER,merchandise,1025,3739.68,266,160,3.65,25,2009-12-01,2011-12-05,1852,1041
20981,12 PENCILS TALL TUBE WOODLAND,merchandise,4483,3735.67,427,290,0.83,25,2009-12-01,2011-12-09,597,1042
21064,BOOM BOX SPEAKER BOYS,merchandise,740,3733.7,103,75,5.05,25,2009-12-06,2011-12-08,2184,1043
85040B,SET/4 BLUE FLOWER CANDLES IN BOWL,merchandise,2427,3723.75,232,132,1.53,17,2009-12-01,2011-04-10,1006,1044
47580,TEA TIME DES TEA COSY,merchandise,1558,3715.66,263,158,2.38,25,2009-12-02,2011-12-08,1449,1045
22965,3 TRADITIONAl BISCUIT CUTTERS  SET,merchandise,1822,3712.82,228,187,2.04,14,2010-11-21,2011-12-07,1294,1046
22782,SET 3 WICKER STORAGE BASKETS,merchandise,254,3712.3,84,75,14.62,15,2010-10-27,2011-12-07,3016,1047
21714,CITRONELLA CANDLE GARDEN POT,merchandise,3358,3708.62,322,230,1.1,25,2009-12-07,2011-12-07,769,1048
21472,LADYBIRD + BEE RAFFIA FOOD COVER,merchandise,1008,3703.2,235,161,3.67,18,2009-12-01,2011-07-15,1864,1049
23309,SET OF 60 I LOVE LONDON CAKE CASES,merchandise,7670,3697.7,294,178,0.48,7,2011-06-02,2011-12-08,322,1050
23351,ROLL WRAP 50'S CHRISTMAS,merchandise,3054,3694.02,271,242,1.21,5,2011-08-04,2011-12-09,835,1051
22723,SET OF 6 HERB TINS SKETCHBOOK,merchandise,1054,3686.14,235,170,3.5,13,2010-12-13,2011-12-09,1817,1052
22284,HEN HOUSE DECORATION,merchandise,2353,3685.05,233,157,1.57,25,2009-12-03,2011-12-05,1029,1053
84968E,SET OF 16 VINTAGE BLACK CUTLERY,merchandise,315,3682.86,62,41,11.69,21,2009-12-02,2011-12-07,2858,1054
23194,GYMKHANNA TREASURE BOOK BOX,merchandise,1750,3679.67,170,142,2.1,10,2011-03-02,2011-12-09,1331,1055
22788,BROCANTE COAT RACK,merchandise,466,3679.6,68,51,7.9,9,2010-10-17,2011-06-15,2525,1056
22544,MINI JIGSAW SPACEBOY,merchandise,9360,3675.38,261,196,0.39,22,2010-03-25,2011-12-09,250,1057
85049C,ROMANTIC PINKS RIBBONS,merchandise,2963,3675.32,459,303,1.24,24,2009-12-01,2011-12-07,855,1058
23110,PARISIENNE KEY CABINET,merchandise,662,3673.7,219,157,5.55,8,2011-05-11,2011-12-09,2275,1059
22398,MAGNETS PACK OF 4 SWALLOWS,merchandise,4263,3670.2,394,273,0.86,22,2010-03-30,2011-12-09,623,1060
85053,FRENCH ENAMEL CANDLEHOLDER,merchandise,1846,3669.39,277,185,1.99,21,2009-12-01,2011-12-09,1279,1061
21913,VINTAGE SEASIDE JIGSAW PUZZLES,merchandise,1008,3665.02,204,170,3.64,25,2009-12-01,2011-12-07,1865,1062
22980,PANTRY SCRUBBING BRUSH,merchandise,2286,3656.94,242,198,1.6,11,2011-02-16,2011-12-08,1060,1063
22823,CHEST NATURAL WOOD 20 DRAWERS,merchandise,32,3655.0,18,17,114.22,12,2010-10-26,2011-11-15,4019,1064
22843,"BISCUIT TIN, MINT,IVORY, VINTAGE",merchandise,580,3638.98,162,135,6.27,14,2010-10-15,2011-11-30,2376,1065
21911,GARDEN METAL SIGN,merchandise,2390,3636.3,256,200,1.52,16,2009-12-01,2011-03-07,1019,1066
21795,SET OF 3 BLUE STRIPE BASKET,merchandise,436,3632.97,76,64,8.33,9,2009-12-01,2010-08-11,2590,1067
23131,MISTLETOE HEART WREATH CREAM,merchandise,893,3632.63,108,91,4.07,9,2011-04-26,2011-12-08,2008,1068
21109,"LARGE CAKE TOWEL, CHOCOLATE SPOTS",merchandise,1059,3629.85,162,131,3.43,24,2009-12-06,2011-12-09,1811,1069
23064,CINDERELLA CHANDELIER,merchandise,220,3617.6,22,20,16.44,8,2011-04-28,2011-11-03,3130,1070
22245,"HOOK, 1 HANGER ,MAGIC GARDEN",merchandise,4431,3614.55,273,166,0.82,21,2009-12-09,2011-09-01,603,1071
22458,CAST IRON HOOK GARDEN FORK,merchandise,1491,3609.81,151,121,2.42,14,2010-03-04,2011-04-20,1487,1072
23032,DRAWER KNOB CRACKLE GLAZE IVORY,merchandise,2250,3606.9,182,117,1.6,6,2011-06-14,2011-11-27,1075,1073
23081,GREEN METAL BOX TOP SECRET,merchandise,453,3606.39,115,80,7.96,8,2011-05-10,2011-12-08,2552,1074
22704,WRAP RED APPLES,merchandise,8775,3605.5,293,207,0.41,20,2010-05-27,2011-12-09,275,1075
84558A,3D DOG PICTURE PLAYING CARDS,merchandise,1257,3592.95,169,116,2.86,24,2009-12-02,2011-12-05,1646,1076
22744,MAKE YOUR OWN MONSOON CARD KIT,merchandise,1425,3589.79,254,196,2.52,17,2010-08-10,2011-12-08,1518,1077
23049,RECYCLED ACAPULCO MAT RED,merchandise,435,3572.75,169,103,8.21,10,2011-03-04,2011-12-01,2593,1078
23092,LARGE ANTIQUE WHITE PHOTO FRAME,merchandise,507,3568.26,125,96,7.04,8,2011-05-16,2011-12-08,2482,1079
35924,HANGING FAIRY CAKE DECORATION,merchandise,2005,3558.6,100,65,1.77,23,2009-12-01,2011-11-22,1202,1080
23299,FOOD COVER WITH BEADS SET 2,merchandise,980,3556.42,122,110,3.63,7,2011-05-04,2011-11-29,1896,1081
22497,SET OF 2 TINS VINTAGE BATHROOM,merchandise,847,3549.75,205,160,4.19,24,2010-01-31,2011-12-05,2061,1082
84598,BOYS ALPHABET IRON ON PATCHES,merchandise,18241,3542.61,41,30,0.19,14,2009-12-01,2011-11-18,82,1083
ADJUST,Adjustment by john on 26/01/2010 17,merchandise,32,3538.52,32,25,110.58,1,2010-01-26,2010-01-26,4020,1084
22292,"SPRING DEC , HANGING CHICK  YELLOW",merchandise,2643,3537.15,181,145,1.34,24,2009-12-03,2011-11-25,936,1085
70006,LOVE HEART POCKET WARMER,merchandise,4206,3531.8,171,141,0.84,20,2009-12-01,2011-12-08,633,1086
22118,JOY WOODEN BLOCK LETTERS,merchandise,778,3530.38,243,195,4.54,23,2009-12-01,2011-12-09,2136,1087
22777,GLASS CLOCHE LARGE,merchandise,445,3526.65,76,67,7.93,8,2010-10-22,2011-07-21,2574,1088
22778,GLASS CLOCHE SMALL,merchandise,964,3521.08,144,107,3.65,14,2010-10-18,2011-11-24,1919,1089
22125,UNION JACK HOT WATER BOTTLE,merchandise,608,3514.6,157,117,5.78,5,2009-12-01,2011-11-23,2343,1090
23497,CLASSIC CROME BICYCLE BELL,merchandise,2511,3508.75,172,150,1.4,3,2011-10-28,2011-12-08,977,1091
22057,CERAMIC PLATE STRAWBERRY DESIGN,merchandise,2919,3508.19,173,113,1.2,25,2009-12-03,2011-12-08,864,1092
23127,FELTCRAFT GIRL NICOLE KIT,merchandise,713,3506.39,182,146,4.92,10,2011-03-02,2011-12-09,2216,1093
22962,JAM JAR WITH PINK LID,merchandise,4389,3498.21,257,183,0.8,14,2010-11-28,2011-12-05,605,1094
23089,GLASS BON BON JAR,merchandise,2135,3495.27,134,101,1.64,8,2011-05-12,2011-12-07,1137,1095
23191,BUNDLE OF 3 RETRO NOTE BOOKS,merchandise,2159,3492.35,245,182,1.62,8,2011-05-10,2011-12-08,1118,1096
22445,PENCIL CASE LIFE IS BEAUTIFUL,merchandise,1198,3488.3,212,147,2.91,21,2010-03-17,2011-12-08,1699,1097
22334,DINOSAUR PARTY BAG + STICKER SET,merchandise,2212,3486.64,246,180,1.58,25,2009-12-03,2011-12-07,1091,1098
22591,CARDHOLDER GINGHAM CHRISTMAS TREE,merchandise,1288,3484.34,174,148,2.71,12,2010-07-16,2011-12-05,1622,1099
20665,RED SPOTTY PURSE,merchandise,1185,3478.95,222,167,2.94,23,2009-12-01,2011-10-21,1714,1100
85206A,CREAM FELT EASTER EGG BASKET,merchandise,2172,3475.8,283,234,1.6,13,2009-12-01,2011-03-16,1113,1101
84968B,SET OF 16 VINTAGE IVORY CUTLERY,merchandise,280,3471.0,80,51,12.4,12,2009-12-01,2011-04-06,2956,1102
22765,NEWSPAPER STAND,merchandise,325,3467.67,42,36,10.67,3,2010-10-10,2010-12-07,2823,1103
21992,VINTAGE PAISLEY STATIONERY SET,merchandise,2074,3465.54,308,242,1.67,24,2009-12-02,2011-11-15,1170,1104
23111,PARISIENNE SEWING BOX,merchandise,296,3464.8,124,80,11.71,8,2011-05-11,2011-12-09,2904,1105
72807A,SET/3 ROSE CANDLE IN JEWELLED BOX,merchandise,848,3460.56,137,95,4.08,24,2009-12-01,2011-11-23,2060,1106
23349,ROLL WRAP VINTAGE CHRISTMAS,merchandise,2847,3450.39,246,214,1.21,5,2011-08-04,2011-12-09,881,1107
22227,HANGING HEART MIRROR DECORATION,merchandise,5317,3445.85,381,195,0.65,25,2009-12-02,2011-12-09,501,1108
22202,MILK PAN PINK RETROSPOT,merchandise,961,3445.35,156,91,3.59,17,2009-12-02,2011-05-05,1925,1109
22731,3D STICKERS CHRISTMAS STAMPS,merchandise,2788,3444.68,203,165,1.24,10,2010-09-16,2011-12-07,896,1110
23542,WALL ART 70'S ALPHABET,merchandise,484,3442.68,70,55,7.11,3,2011-10-03,2011-12-08,2508,1111
21509,COWBOYS AND INDIANS BIRTHDAY CARD,merchandise,8563,3439.99,498,264,0.4,25,2009-12-03,2011-12-08,281,1112
23085,ANTIQUE SILVER BAUBLE LAMP,merchandise,369,3437.7,72,64,9.32,7,2011-05-16,2011-12-08,2722,1113
23112,PARISIENNE CURIO CABINET,merchandise,471,3437.3,183,134,7.3,8,2011-05-11,2011-12-07,2524,1114
23232,WRAP VINTAGE PETALS  DESIGN,merchandise,8526,3436.92,238,188,0.4,12,2011-01-17,2011-12-08,282,1115
20692,FLORAL ELEPHANT SOFT TOY,merchandise,879,3434.25,116,75,3.91,9,2009-12-01,2010-09-08,2023,1116
22314,OFFICE MUG WARMER CHOC+BLUE,merchandise,1057,3424.69,180,101,3.24,25,2009-12-02,2011-12-09,1814,1117
20748,KENSINGTON COFFEE SET,merchandise,363,3422.25,114,86,9.43,23,2009-12-01,2011-11-28,2730,1118
23091,ZINC HERB GARDEN CONTAINER,merchandise,559,3419.5,192,160,6.12,7,2011-05-11,2011-11-10,2409,1119
18097C,WHITE TALL PORCELAIN T-LIGHT HOLDER,merchandise,1581,3413.55,159,110,2.16,24,2009-12-01,2011-11-18,1435,1120
22320,BIRDS MOBILE VINTAGE DESIGN,merchandise,581,3408.31,169,130,5.87,25,2009-12-01,2011-12-08,2375,1121
22743,MAKE YOUR OWN FLOWERPOWER CARD KIT,merchandise,1327,3387.61,263,199,2.55,17,2010-08-10,2011-12-08,1584,1122
84352,SILVER CHRISTMAS TREE BAUBLE STAND,merchandise,207,3376.65,118,90,16.31,14,2009-12-01,2011-09-21,3173,1123
22764,"RUSTIC WOODEN CABINET, GLASS DOORS",merchandise,181,3362.57,24,23,18.58,3,2010-10-12,2011-03-25,3255,1124
21717,EASTER TIN BUCKET,merchandise,1405,3355.95,143,122,2.39,15,2009-12-04,2011-03-22,1529,1125
22807,SET OF 6 T-LIGHTS TOADSTOOLS,merchandise,1223,3348.49,183,125,2.74,16,2010-09-20,2011-12-09,1676,1126
22579,WOODEN TREE CHRISTMAS SCANDISPOT,merchandise,6784,3346.44,460,347,0.49,11,2010-07-18,2011-11-28,369,1127
22478,BIRDHOUSE GARDEN MARKER,merchandise,2540,3340.6,216,176,1.32,22,2010-03-05,2011-12-07,971,1128
22047,EMPIRE GIFT WRAP,merchandise,8225,3340.5,260,211,0.41,25,2009-12-02,2011-12-05,292,1129
23294,SET OF 6 SNACK LOAF BAKING CASES,merchandise,4264,3336.94,291,214,0.78,6,2011-07-12,2011-12-07,622,1130
23552,BICYCLE PUNCTURE REPAIR KIT,merchandise,1730,3336.72,103,93,1.93,2,2011-11-25,2011-12-09,1347,1131
47505,MINATURE COLOURED GARDENING SET,merchandise,716,3331.7,160,129,4.65,6,2009-12-01,2010-06-07,2214,1132
84596B,SMALL DOLLY MIX DESIGN ORANGE BOWL,merchandise,5505,3330.84,509,256,0.61,25,2009-12-01,2011-12-09,474,1133
22589,CARDHOLDER GINGHAM STAR,merchandise,1276,3327.44,197,170,2.61,13,2010-07-16,2011-12-05,1631,1134
21556,CERAMIC STRAWBERRY MONEY BOX,merchandise,1385,3319.35,174,132,2.4,20,2009-12-01,2011-11-23,1543,1135
23189,SET OF 12 FORK CANDLES,merchandise,1215,3319.35,113,89,2.73,5,2011-08-03,2011-12-08,1682,1136
22822,CREAM WALL PLANTER HEART SHAPED,merchandise,586,3312.21,168,139,5.65,14,2010-11-07,2011-12-08,2365,1137
23210,WHITE ROCKING HORSE HAND PAINTED,merchandise,2750,3311.5,154,115,1.2,7,2011-06-02,2011-12-09,905,1138
20966,SANDWICH BATH SPONGE,merchandise,2676,3307.0,232,137,1.24,16,2009-12-01,2011-05-17,927,1139
21067,VINTAGE RED TEATIME MUG,merchandise,4517,3302.72,180,130,0.73,22,2009-12-01,2011-10-04,593,1140
23571,TRADITIONAL NAUGHTS & CROSSES,merchandise,2018,3300.9,216,195,1.64,3,2011-10-21,2011-12-09,1194,1141
84580,MOUSE TOY WITH PINK T-SHIRT,merchandise,879,3300.05,312,197,3.75,25,2009-12-01,2011-12-05,2024,1142
23156,SET OF 5 MINI GROCERY MAGNETS,merchandise,1631,3297.22,184,117,2.02,10,2011-03-25,2011-12-08,1404,1143
21902,"KEY FOB , FRONT  DOOR",merchandise,5303,3295.29,408,250,0.62,25,2009-12-01,2011-12-08,505,1144
22603,CHRISTMAS RETROSPOT TREE WOOD,merchandise,4012,3293.2,301,236,0.82,12,2010-07-16,2011-12-08,656,1145
22769,CHALKBOARD KITCHEN ORGANISER,merchandise,168,3286.6,35,32,19.56,3,2010-10-10,2010-12-16,3294,1146
23168,CLASSIC SUGAR DISPENSER,merchandise,2849,3284.42,220,140,1.15,8,2011-05-12,2011-12-09,880,1147
22312,OFFICE MUG WARMER POLKADOT,merchandise,1028,3284.14,188,104,3.19,25,2009-12-04,2011-12-07,1846,1148
23536,WALL ART VILLAGE SHOW,merchandise,613,3274.03,74,68,5.34,3,2011-10-03,2011-12-08,2334,1149
21507,"ELEPHANT, BIRTHDAY CARD,",merchandise,8054,3265.2,470,267,0.41,25,2009-12-02,2011-12-09,304,1150
21039,RED SPOTTY SHOPPING BAG,merchandise,1287,3263.31,200,141,2.54,25,2009-12-01,2011-12-06,1623,1151
23009,I LOVE LONDON BABY GIFT SET,merchandise,209,3262.55,61,48,15.61,10,2011-03-09,2011-12-07,3166,1152
23332,IVORY WICKER HEART LARGE,merchandise,1979,3255.75,267,207,1.65,5,2011-08-07,2011-12-07,1218,1153
22461,SAVOY ART DECO CLOCK,merchandise,397,3252.55,130,82,8.19,18,2010-03-07,2011-08-12,2668,1154
22176,BLUE OWL SOFT TOY,merchandise,1136,3251.2,217,125,2.86,23,2009-12-02,2011-10-31,1749,1155
22440,BALLOON WATER BOMB PACK OF 35,merchandise,8359,3250.98,258,187,0.39,21,2010-04-11,2011-12-06,286,1156
21123,SET/10 IVORY SPOTTY PARTY CANDLES,merchandise,2602,3240.44,189,125,1.25,25,2009-12-03,2011-12-08,952,1157
21917,SET 12 KIDS  WHITE CHALK STICKS,merchandise,7925,3240.24,381,246,0.41,25,2009-12-01,2011-12-08,305,1158
21794,CLASSIC FRENCH STYLE BASKET NATURAL,merchandise,678,3233.62,152,123,4.77,21,2010-01-27,2011-10-25,2249,1159
21349,IVY HEART WREATH,merchandise,498,3233.5,127,113,6.49,10,2009-12-01,2011-11-01,2495,1160
20702,PINK PADDED MOBILE,merchandise,771,3233.25,237,151,4.19,22,2009-12-03,2011-10-26,2147,1161
22939,APRON APPLE DELIGHT,merchandise,673,3232.23,152,109,4.8,16,2010-09-26,2011-12-06,2259,1162
21845,DAIRY MAID STRIPE MUG,merchandise,2437,3229.15,144,104,1.33,24,2009-12-10,2011-11-28,1002,1163
21351,CINAMMON & ORANGE WREATH,merchandise,1019,3227.05,135,113,3.17,13,2009-12-01,2011-12-09,1855,1164
22967,SET 3 SONG BIRD PAPER EGGS ASSORTED,merchandise,1159,3224.65,131,122,2.78,7,2011-01-14,2011-12-07,1728,1165
22902,TOTE BAG I LOVE LONDON,merchandise,1671,3219.64,140,102,1.93,16,2010-09-26,2011-12-04,1380,1166
21211,SET OF 72 SKULL PAPER  DOILIES,merchandise,2335,3212.95,184,139,1.38,24,2009-12-02,2011-11-28,1035,1167
22095,LADS ONLY TISSUE BOX,merchandise,3196,3211.16,188,125,1.0,25,2009-12-02,2011-12-09,806,1168
23013,GLASS APOTHECARY BOTTLE TONIC,merchandise,865,3211.09,180,135,3.71,7,2011-06-14,2011-12-08,2040,1169
22494,EMERGENCY FIRST AID TIN,merchandise,2590,3209.4,294,200,1.24,24,2010-01-29,2011-12-06,955,1170
21732,RED HANGING METAL STAR TLIGHT HLDR,merchandise,923,3199.17,56,50,3.47,10,2009-12-01,2010-09-09,1975,1171
23230,WRAP ALPHABET DESIGN,merchandise,7925,3196.5,232,178,0.4,12,2011-01-13,2011-12-08,306,1172
22531,MAGIC SLATE CIRCUS PARADE,merchandise,7839,3194.46,336,251,0.41,22,2010-03-31,2011-12-08,311,1173
21993,FLORAL FOLK STATIONERY SET,merchandise,2058,3192.05,282,208,1.55,24,2009-12-01,2011-12-08,1180,1174
21830,ASSORTED CREEPY CRAWLIES,merchandise,7700,3191.41,225,151,0.41,24,2009-12-04,2011-11-23,319,1175
23426,METAL SIGN DROP YOUR PANTS,merchandise,1230,3186.78,171,126,2.59,4,2011-09-05,2011-12-08,1668,1176
21469,POLKA DOT RAFFIA FOOD COVER,merchandise,1099,3178.16,176,130,2.89,25,2009-12-01,2011-12-07,1777,1177
22459,CAST IRON HOOK GARDEN TROWEL,merchandise,1340,3175.16,148,124,2.37,14,2010-03-04,2011-04-27,1574,1178
21054,NURSE'S BAG SOFT TOY,merchandise,357,3175.15,163,119,8.89,20,2009-12-03,2011-11-14,2745,1179
21648,ASSORTED TUTTI FRUTTI SMALL PURSE,merchandise,2636,3171.88,120,96,1.2,23,2009-12-03,2011-11-15,941,1180
20886,BOX OF 9 PEBBLE CANDLES,merchandise,1688,3165.3,244,163,1.88,24,2009-12-01,2011-11-06,1372,1181
84356,POMPOM CURTAIN,merchandise,661,3161.95,94,58,4.78,24,2009-12-04,2011-12-09,2276,1182
23350,ROLL WRAP VINTAGE SPOT,merchandise,2584,3154.4,246,205,1.22,5,2011-08-04,2011-12-09,960,1183
23388,WOODLAND MINI RUCKSACK,merchandise,789,3154.35,135,115,4.0,4,2011-09-11,2011-12-09,2124,1184
23239,SET OF 4 KNICK KNACK TINS POPPIES,merchandise,812,3142.4,155,125,3.87,7,2011-06-08,2011-12-09,2100,1185
22700,BLACK AND WHITE DOG BOWL,merchandise,1384,3134.92,92,79,2.27,15,2010-07-01,2011-10-07,1544,1186
85040A,S/4 PINK FLOWER CANDLES IN BOWL,merchandise,1905,3131.09,314,193,1.64,25,2009-12-03,2011-12-07,1255,1187
22863,SOAP DISH BROCANTE,merchandise,1110,3120.9,148,120,2.81,16,2010-09-23,2011-12-06,1770,1188
20992,JAZZ HEARTS PURSE NOTEBOOK,merchandise,6070,3103.62,377,222,0.51,25,2009-12-01,2011-12-08,423,1189
23065,LARGE JEWELLERY STAND,merchandise,256,3102.8,92,81,12.12,7,2011-04-15,2011-10-20,3011,1190
22702,BLACK AND WHITE CAT BOWL,merchandise,1575,3102.0,82,66,1.97,18,2010-06-23,2011-11-27,1438,1191
79323GR,GREEN CHERRY LIGHTS,merchandise,524,3100.2,76,60,5.92,5,2009-12-01,2010-04-20,2463,1192
21466,RED FLOWER CROCHET FOOD COVER,merchandise,833,3095.39,240,147,3.72,25,2009-12-01,2011-12-07,2071,1193
23308,SET OF 60 VINTAGE LEAF CAKE CASES,merchandise,5955,3091.61,305,209,0.52,7,2011-06-05,2011-12-08,431,1194
21864,UNION JACK FLAG PASSPORT COVER,merchandise,1564,3087.6,259,166,1.97,25,2009-12-01,2011-12-08,1446,1195
22154,ANGEL DECORATION 3 BUTTONS,merchandise,7512,3085.92,227,163,0.41,14,2009-12-01,2011-12-06,332,1196
22774,RED DRAWER KNOB ACRYLIC EDWARDIAN,merchandise,2615,3083.71,135,75,1.18,15,2010-10-17,2011-12-07,949,1197
23253,16 PIECE CUTLERY SET PANTRY DESIGN,merchandise,214,3082.1,47,44,14.4,9,2011-04-21,2011-12-08,3154,1198
22972,CHILDRENS SPACEBOY MUG,merchandise,1891,3081.11,191,147,1.63,14,2010-11-24,2011-12-08,1261,1199
22475,SKULL DESIGN TV DINNER TRAY,merchandise,695,3077.65,200,115,4.43,22,2010-03-05,2011-12-08,2240,1200
21179,NO JUNK MAIL METAL SIGN,merchandise,4064,3071.32,359,231,0.76,22,2009-12-01,2011-09-12,650,1201
23353,6 GIFT TAGS VINTAGE CHRISTMAS,merchandise,3726,3068.82,253,227,0.82,5,2011-08-02,2011-12-09,697,1202
21364,PEACE SMALL WOOD LETTERS,merchandise,444,3065.4,144,118,6.9,22,2009-12-01,2011-10-13,2575,1203
22076,6 RIBBONS EMPIRE,merchandise,2119,3061.77,240,197,1.44,25,2009-12-01,2011-12-09,1145,1204
21246,RED SPOTTY BIG BOWL,merchandise,624,3055.2,137,99,4.9,21,2009-12-01,2011-08-25,2320,1205
23342,MINT DINER WALL CLOCK,merchandise,365,3051.5,155,105,8.36,7,2011-06-24,2011-12-07,2727,1206
84975,HEART SHAPED MIRROR,merchandise,1928,3049.52,167,115,1.58,13,2009-12-01,2010-12-08,1243,1207
22862,LOVE HEART NAPKIN BOX,merchandise,720,3044.0,184,143,4.23,5,2010-09-16,2011-01-25,2205,1208
22122,SET OF 2 FANCY FONT TEA TOWELS,merchandise,1053,3042.35,156,113,2.89,9,2009-12-01,2010-08-20,1818,1209
22428,ENAMEL FIRE BUCKET CREAM,merchandise,439,3036.03,158,126,6.92,20,2010-05-17,2011-12-07,2585,1210
22107,PIZZA PLATE IN BOX,merchandise,861,3032.3,185,118,3.52,25,2009-12-01,2011-12-07,2044,1211
21812,GARLAND WITH HEARTS AND BELLS,merchandise,621,3031.95,124,103,4.88,23,2009-12-01,2011-12-06,2324,1212
85232D,SET/3 DECOUPAGE STACKING TINS,merchandise,639,3028.65,175,120,4.74,23,2009-12-01,2011-12-07,2306,1213
37501,TEA TIME TEA SET IN GIFT BOX,merchandise,439,3027.05,146,106,6.9,21,2009-12-02,2011-08-10,2586,1214
37410,BLACK AND WHITE PAISLEY FLOWER MUG,merchandise,25685,3019.57,18,13,0.12,5,2009-12-01,2010-04-07,46,1215
21055,TOOL BOX SOFT TOY,merchandise,330,3014.94,176,122,9.14,25,2009-12-03,2011-12-08,2808,1216
21333,CLASSIC WHITE FRAME,merchandise,1029,3011.55,197,150,2.93,17,2009-12-01,2011-04-05,1844,1217
22406,TIN CAN KINGS CHOICE DESIGN,merchandise,2435,3011.53,174,145,1.24,22,2010-03-26,2011-12-08,1003,1218
22313,OFFICE MUG WARMER PINK,merchandise,989,3008.69,106,74,3.04,24,2009-12-02,2011-12-09,1890,1219
22136,LOVE HEART SOCK HANGER,merchandise,1883,2991.75,191,117,1.59,23,2009-12-06,2011-10-31,1265,1220
84849B,FAIRY SOAP SOAP HOLDER,merchandise,1852,2988.76,226,123,1.61,20,2009-12-01,2011-07-20,1275,1221
23231,WRAP DOILEY DESIGN,merchandise,7225,2986.5,257,190,0.41,12,2011-01-12,2011-12-08,344,1222
22477,WATERING CAN GARDEN MARKER,merchandise,2258,2986.2,183,155,1.32,21,2010-03-05,2011-11-28,1070,1223
22402,MAGNETS PACK OF 4 VINTAGE COLLAGE,merchandise,3410,2977.81,239,158,0.87,22,2010-03-26,2011-12-08,757,1224
21473,SWEETHEART CREAM STEEL TABLE RECT,merchandise,149,2972.55,86,65,19.95,22,2009-12-13,2011-11-20,3350,1225
23346,SPACEBOY BEAKER,merchandise,2567,2970.75,138,106,1.16,6,2011-07-24,2011-12-08,966,1226
21477,STRING OF 20 ROSE LIGHTS,merchandise,262,2962.5,37,35,11.31,4,2009-12-01,2010-03-31,2997,1227
21829,DINOSAUR KEYRINGS ASSORTED,merchandise,14264,2955.15,300,211,0.21,23,2009-12-01,2011-10-20,137,1228
23323,WHITE WICKER STAR,merchandise,1422,2954.7,270,210,2.08,7,2011-06-23,2011-12-08,1520,1229
22963,JAM JAR WITH GREEN LID,merchandise,3720,2953.74,222,170,0.79,15,2010-07-23,2011-12-05,699,1230
22194,BLACK DINER WALL CLOCK,merchandise,357,2952.05,142,100,8.27,20,2009-12-01,2011-07-07,2746,1231
23014,GLASS APOTHECARY BOTTLE ELIXIR,merchandise,798,2951.78,160,122,3.7,7,2011-06-14,2011-12-08,2118,1232
22347,PIZZA SLICE DISH,merchandise,2641,2936.45,76,50,1.11,9,2009-12-01,2010-08-20,939,1233
22794,SWEETHEART WIRE MAGAZINE RACK,merchandise,372,2931.0,183,130,7.88,15,2010-10-17,2011-12-09,2714,1234
21467,CHERRY CROCHET FOOD COVER,merchandise,955,2920.27,212,145,3.06,25,2009-12-01,2011-12-05,1928,1235
23035,DRAWER KNOB CERAMIC IVORY,merchandise,2071,2915.59,166,110,1.41,7,2011-06-14,2011-12-07,1172,1236
84837,WHITE SWEETHEARTS CABINET 4 DRAWERS,merchandise,239,2915.25,133,109,12.2,9,2009-12-01,2010-08-02,3075,1237
21705,BAG 500g SWIRLY MARBLES,merchandise,2420,2914.56,183,142,1.2,19,2009-12-01,2011-12-09,1010,1238
21192,WHITE BELL HONEYCOMB PAPER,merchandise,1887,2911.55,113,96,1.54,20,2009-12-02,2011-11-27,1263,1239
21519,GIN & TONIC DIET GREETING CARD,merchandise,7113,2908.98,436,181,0.41,25,2009-12-02,2011-12-08,352,1240
23461,SWEETHEART BIRD HOUSE,merchandise,829,2908.55,83,75,3.51,4,2011-09-29,2011-12-07,2078,1241
21447,12 IVORY ROSE PEG PLACE SETTINGS,merchandise,2396,2906.08,228,149,1.21,22,2009-12-03,2011-09-11,1017,1242
82578,KITCHEN METAL SIGN,merchandise,5426,2898.6,544,322,0.53,25,2009-12-01,2011-12-07,485,1243
18098C,PORCELAIN BUTTERFLY OIL BURNER,merchandise,1144,2894.8,177,104,2.53,20,2009-12-02,2011-08-08,1741,1244
23242,TREASURE TIN BUFFALO BILL,merchandise,1430,2886.08,187,132,2.02,7,2011-06-08,2011-12-07,1514,1245
85049D,BRIGHT BLUES RIBBONS,merchandise,2325,2878.89,372,263,1.24,22,2009-12-01,2011-09-28,1041,1246
23390,DOLLY GIRL MINI RUCKSACK,merchandise,721,2872.15,146,117,3.98,4,2011-09-11,2011-12-09,2204,1247
21100,CHARLIE AND LOLA CHARLOTTE BAG,merchandise,2224,2869.0,159,119,1.29,15,2009-12-01,2011-02-27,1090,1248
21354,TOAST ITS - BEST MUM,merchandise,2456,2863.6,169,123,1.17,24,2009-12-02,2011-12-01,992,1249
15039,SANDALWOOD FAN,merchandise,4161,2861.65,180,127,0.69,24,2009-12-03,2011-12-08,639,1250
23393,HOME SWEET HOME CUSHION COVER,merchandise,763,2861.25,201,165,3.75,4,2011-09-04,2011-12-06,2157,1251
22309,TEA COSY RED  STRIPE,merchandise,1208,2850.93,169,117,2.36,24,2009-12-02,2011-12-08,1689,1252
21990,MODERN FLORAL STATIONERY SET,merchandise,1797,2850.75,233,170,1.59,25,2009-12-01,2011-12-09,1305,1253
22944,CHRISTMAS METAL POSTCARD WITH BELLS,merchandise,4215,2850.53,102,89,0.68,11,2010-09-19,2011-12-06,630,1254
22037,ROBOT BIRTHDAY CARD,merchandise,6835,2841.28,474,270,0.42,24,2009-12-01,2011-12-08,365,1255
21206,STRAWBERRY HONEYCOMB  GARLAND,merchandise,2071,2841.15,190,117,1.37,24,2009-12-03,2011-11-23,1173,1256
22172,METAL SHELF WITH RAIL,merchandise,339,2839.0,156,124,8.37,10,2009-12-01,2010-09-29,2785,1257
21820,GLITTER HEART GARLAND WITH BELLS,merchandise,770,2837.21,134,112,3.68,19,2009-12-02,2011-12-05,2149,1258
84969,BOX OF 6 ASSORTED COLOUR TEASPOONS,merchandise,664,2836.24,168,100,4.27,25,2009-12-02,2011-12-05,2270,1259
22925,BLUE GIANT GARDEN THERMOMETER,merchandise,480,2833.02,171,130,5.9,12,2010-11-22,2011-10-28,2513,1260
84828,JUNGLE POPSICLES ICE LOLLY MOULDS,merchandise,2299,2828.06,233,146,1.23,25,2009-12-02,2011-12-08,1053,1261
84279B,CHERRY BLOSSOM DECORATIVE FLASK,merchandise,777,2820.15,188,140,3.63,12,2009-12-02,2011-06-17,2138,1262
22712,CARD DOLLY GIRL,merchandise,7081,2807.97,345,209,0.4,19,2010-05-28,2011-12-08,353,1263
23182,TOILET SIGN OCCUPIED OR VACANT,merchandise,3378,2807.69,254,140,0.83,10,2011-03-01,2011-12-09,764,1264
85114B,IVORY ENCHANTED FOREST PLACEMAT,merchandise,1783,2805.95,157,99,1.57,24,2009-12-03,2011-12-07,1311,1265
22955,36 FOIL STAR CAKE CASES,merchandise,1434,2803.04,156,131,1.95,14,2010-11-04,2011-12-09,1510,1266
47504K,ENGLISH ROSE GARDEN SECATEURS,merchandise,2596,2800.84,263,210,1.08,24,2009-12-01,2011-11-09,953,1267
22710,WRAP I LOVE LONDON,merchandise,7129,2798.18,168,112,0.39,20,2010-05-27,2011-12-06,351,1268
23329,DECORATIVE WICKER HEART LARGE,merchandise,1701,2794.65,215,168,1.64,5,2011-08-07,2011-12-08,1362,1269
23056,FLOWERS CHANDELIER T-LIGHT HOLDER,merchandise,866,2789.66,37,33,3.22,8,2011-04-19,2011-11-23,2039,1270
22480,RED TEA TOWEL CLASSIC DESIGN,merchandise,2318,2788.06,245,197,1.2,18,2010-03-05,2011-08-28,1045,1271
84909A,PINK PAISLEY QUILT,merchandise,208,2784.8,29,24,13.39,4,2009-12-09,2010-03-24,3171,1272
21626,VINTAGE UNION JACK PENNANT,merchandise,1427,2782.65,159,136,1.95,24,2009-12-03,2011-11-21,1516,1273
22450,SILK PURSE RUSSIAN DOLL BLUE,merchandise,835,2770.85,166,117,3.32,19,2010-03-17,2011-11-28,2070,1274
21796,SET OF 3 RED STRIPE BASKETS,merchandise,323,2769.44,66,57,8.57,9,2009-12-01,2010-08-11,2830,1275
22067,CHOC TRUFFLE GOLD TRINKET POT,merchandise,1795,2766.63,180,108,1.54,25,2009-12-03,2011-12-08,1306,1276
21682,LARGE MEDINA STAMPED METAL BOWL,merchandise,568,2766.21,141,116,4.87,25,2009-12-03,2011-12-04,2387,1277
22674,FRENCH TOILET SIGN BLUE METAL,merchandise,2283,2761.48,243,182,1.21,17,2010-08-17,2011-12-08,1061,1278
21328,BALLOONS  WRITING SET,merchandise,1674,2760.7,374,257,1.65,25,2009-12-02,2011-12-09,1378,1279
22452,MEASURING TAPE RUSSIAN DOLL PINK,merchandise,977,2759.95,165,112,2.82,22,2010-03-21,2011-12-06,1899,1280
23290,SPACEBOY CHILDRENS BOWL,merchandise,2367,2757.15,174,125,1.16,7,2011-06-13,2011-12-08,1026,1281
23345,DOLLY GIRL BEAKER,merchandise,2394,2754.5,133,100,1.15,6,2011-07-24,2011-12-08,1018,1282
23354,6 GIFT TAGS 50'S CHRISTMAS,merchandise,3343,2750.93,261,235,0.82,5,2011-08-02,2011-12-07,774,1283
22949,SET OF 36 DOLLY GIRL PAPER DOILIES,merchandise,1974,2747.1,143,130,1.39,15,2010-09-19,2011-11-29,1221,1284
23051,RECYCLED ACAPULCO MAT BLUE,merchandise,335,2741.35,133,95,8.18,10,2011-03-04,2011-12-05,2798,1285
22828,REGENCY MIRROR WITH SHUTTERS,merchandise,18,2730.0,11,9,151.67,8,2010-10-21,2011-11-16,4196,1286
21272,SALLE DE BAIN HOOK,merchandise,2200,2729.36,230,167,1.24,21,2009-12-01,2011-08-01,1095,1287
84813,SET OF 4 DIAMOND NAPKIN RINGS,merchandise,379,2722.47,69,53,7.18,20,2009-12-01,2011-12-06,2701,1288
21949,SET OF 6 STRAWBERRY CHOPSTICKS,merchandise,2371,2717.79,135,91,1.15,23,2009-12-01,2011-12-05,1024,1289
22930,BAKING MOULD HEART MILK CHOCOLATE,merchandise,1131,2712.77,145,120,2.4,13,2010-12-08,2011-12-08,1753,1290
22757,LARGE RED BABUSHKA NOTEBOOK,merchandise,2539,2712.48,223,161,1.07,17,2010-08-08,2011-12-08,972,1291
22277,COSMETIC BAG VINTAGE ROSE PAISLEY,merchandise,1339,2709.02,189,147,2.02,25,2009-12-01,2011-12-08,1575,1292
22416,SET OF 36 SPACEBOY PAPER DOILIES,merchandise,1944,2703.6,154,122,1.39,23,2010-02-07,2011-12-04,1233,1293
22897,OVEN MITT APPLES DESIGN,merchandise,1899,2702.11,248,190,1.42,16,2010-09-26,2011-12-08,1258,1294
22983,"CARD, BILLBOARD FONT",merchandise,6580,2698.83,409,264,0.41,16,2010-09-16,2011-12-07,382,1295
84510A,SET OF 4 ENGLISH ROSE COASTERS,merchandise,2188,2698.04,307,200,1.23,25,2009-12-01,2011-12-09,1103,1296
22162,HEART GARLAND RUSTIC PADDED,merchandise,934,2697.7,133,92,2.89,23,2009-12-01,2011-11-22,1955,1297
22572,ROCKING HORSE GREEN CHRISTMAS,merchandise,3288,2694.96,264,211,0.82,11,2010-07-25,2011-11-29,785,1298
23190,BUNDLE OF 3 SCHOOL EXERCISE BOOKS,merchandise,1678,2691.14,179,145,1.6,8,2011-05-09,2011-12-09,1376,1299
22696,WICKER WREATH LARGE,merchandise,1417,2688.41,245,203,1.9,18,2010-07-29,2011-12-07,1524,1300
22482,BLUE TEA TOWEL CLASSIC DESIGN,merchandise,2279,2684.59,201,154,1.18,17,2010-03-05,2011-07-05,1062,1301
22773,GREEN DRAWER KNOB ACRYLIC EDWARDIAN,merchandise,2204,2683.96,171,95,1.22,15,2010-10-17,2011-12-07,1094,1302
21683,MEDIUM MEDINA STAMPED METAL BOWL,merchandise,935,2681.45,132,96,2.87,25,2009-12-03,2011-12-05,1953,1303
21329,DINOSAURS  WRITING SET,merchandise,1637,2672.29,369,253,1.63,25,2009-12-01,2011-12-09,1401,1304
21728,METAL MEDINA LANTERN,merchandise,294,2670.6,36,33,9.08,8,2009-12-03,2010-07-23,2911,1305
22990,COTTON APRON PANTRY DESIGN,merchandise,602,2670.54,140,117,4.44,11,2011-02-06,2011-12-08,2348,1306
23147,SINGLE ANTIQUE ROSE HOOK IVORY,merchandise,1843,2669.95,250,170,1.45,9,2011-04-21,2011-12-08,1281,1307
22436,12 COLOURED PARTY BALLOONS,merchandise,4205,2669.05,255,173,0.63,21,2010-04-07,2011-12-07,634,1308
22473,TV DINNER TRAY VINTAGE PAISLEY,merchandise,749,2664.59,166,120,3.56,21,2010-03-11,2011-12-08,2175,1309
22754,SMALL RED BABUSHKA NOTEBOOK,merchandise,3704,2663.86,379,237,0.72,17,2010-08-08,2011-12-09,703,1310
22762,CUPBOARD 3 DRAWER MA CAMPAGNE,merchandise,187,2663.65,107,91,14.24,15,2010-10-10,2011-12-07,3242,1311
90057,DIAMANTE RING ASSORTED IN BOX.,merchandise,1800,2660.88,34,29,1.48,12,2009-12-09,2011-12-08,1304,1312
22755,SMALL PURPLE BABUSHKA NOTEBOOK,merchandise,3581,2656.9,395,243,0.74,17,2010-08-08,2011-12-09,721,1313
22974,CHILDRENS DOLLY GIRL MUG,merchandise,1643,2655.99,163,128,1.62,14,2010-11-24,2011-12-05,1400,1314
22066,LOVE HEART TRINKET POT,merchandise,3406,2654.64,254,185,0.78,25,2009-12-04,2011-12-06,759,1315
21360,JOY LARGE WOOD LETTERS,merchandise,435,2651.25,92,81,6.09,19,2009-12-01,2011-06-06,2594,1316
85183B,CHARLIE & LOLA WASTEPAPER BIN FLORA,merchandise,1746,2651.0,154,124,1.52,25,2009-12-01,2011-12-04,1336,1317
21786,RAIN HAT WITH RED SPOTS,merchandise,7132,2649.61,216,131,0.37,25,2009-12-01,2011-12-08,350,1318
22671,FRENCH LAUNDRY SIGN BLUE METAL,merchandise,1645,2644.01,190,140,1.61,17,2010-08-17,2011-12-08,1398,1319
85227,SET/6 3D KIT CARDS FOR KIDS,merchandise,3182,2637.68,289,225,0.83,25,2009-12-01,2011-12-06,808,1320
22576,SWALLOW WOODEN CHRISTMAS DECORATION,merchandise,3117,2636.97,243,191,0.85,13,2010-07-18,2011-12-09,822,1321
23427,STOOL HOME SWEET HOME,merchandise,227,2635.9,106,87,11.61,4,2011-09-04,2011-12-08,3117,1322
21508,VINTAGE KID DOLLY CARD,merchandise,6532,2635.33,409,215,0.4,25,2009-12-01,2011-12-08,386,1323
23211,RED ROCKING HORSE HAND PAINTED,merchandise,2206,2631.5,116,82,1.19,7,2011-06-02,2011-12-08,1093,1324
21688,SILVER PLATE CANDLE BOWL SMALL,merchandise,892,2631.4,108,97,2.95,23,2009-12-03,2011-11-30,2009,1325
22145,CHRISTMAS CRAFT HEART STOCKING,merchandise,1290,2629.0,169,153,2.04,11,2009-12-01,2010-12-08,1618,1326
22503,CABIN BAG VINTAGE PAISLEY,merchandise,112,2626.8,35,29,23.45,16,2010-04-30,2011-11-27,3488,1327
84596F,SMALL MARSHMALLOWS PINK BOWL,merchandise,4176,2625.96,410,216,0.63,25,2009-12-01,2011-12-09,638,1328
21818,GLITTER HEART DECORATION,merchandise,4298,2622.02,261,197,0.61,21,2009-12-01,2011-12-07,617,1329
21765,HANGING METAL BIRD BATH,merchandise,338,2613.9,119,103,7.73,11,2009-12-06,2010-11-15,2790,1330
79164,BLACK WINE GLASS,merchandise,3648,2613.36,67,43,0.72,20,2009-12-03,2011-11-07,712,1331
21709,FOLDING UMBRELLA CHOCOLATE POLKADOT,merchandise,642,2607.31,79,69,4.06,23,2009-12-02,2011-11-25,2302,1332
21439,BASKET OF TOADSTOOLS,merchandise,2147,2606.23,162,112,1.21,25,2009-12-01,2011-12-08,1129,1333
22927,GREEN GIANT GARDEN THERMOMETER,merchandise,450,2605.5,140,101,5.79,11,2010-11-21,2011-09-29,2559,1334
22803,IVORY EMBROIDERED QUILT,merchandise,70,2603.3,30,22,37.19,12,2010-10-22,2011-11-13,3729,1335
22046,TEA PARTY  WRAPPING PAPER,merchandise,6350,2603.0,207,147,0.41,25,2009-12-02,2011-12-08,394,1336
22816,CARD MOTORBIKE SANTA,merchandise,6344,2600.4,299,258,0.41,11,2010-09-16,2011-12-09,395,1337
22675,FRENCH KITCHEN SIGN BLUE METAL,merchandise,2146,2599.91,226,179,1.21,17,2010-08-17,2011-12-08,1130,1338
85049F,BABY BOOM RIBBONS,merchandise,2097,2593.89,295,206,1.24,22,2009-12-02,2011-09-26,1157,1339
85132B,CHARLIE AND LOLA TABLE TINS,merchandise,895,2593.25,100,73,2.9,15,2009-12-06,2011-06-19,2004,1340
85049B,LUSH GREENS RIBBONS,merchandise,2098,2592.86,317,224,1.24,14,2009-12-01,2011-01-26,1156,1341
22415,WHITE TISSUE REAM,merchandise,326,2591.7,204,156,7.95,14,2009-12-01,2011-01-26,2817,1342
23053,RECYCLED ACAPULCO MAT PINK,merchandise,318,2589.9,129,105,8.14,10,2011-03-04,2011-12-08,2848,1343
21897,POTTING SHED CANDLE CITRONELLA,merchandise,857,2588.27,100,86,3.02,14,2009-12-01,2011-04-27,2047,1344
47480,HANGING PHOTO CLIP ROPE LADDER,merchandise,1653,2582.53,99,62,1.56,24,2009-12-07,2011-12-06,1394,1345
22293,"SPRING DEC , HANGING CHICK  GREEN",merchandise,1905,2582.25,154,114,1.36,19,2009-12-09,2011-11-22,1256,1346
22519,CHILDS GARDEN BRUSH PINK,merchandise,1332,2580.18,203,142,1.94,16,2010-03-25,2011-06-07,1581,1347
22177,5 HOOK BLACKBOARD ORGANISER,merchandise,300,2579.64,102,90,8.6,7,2009-12-03,2010-08-25,2896,1348
22372,AIRLINE BAG VINTAGE WORLD CHAMPION,merchandise,532,2579.58,228,163,4.85,23,2010-02-11,2011-12-06,2449,1349
21788,KIDS RAIN MAC BLUE,merchandise,3237,2579.43,174,141,0.8,25,2009-12-01,2011-12-06,796,1350
23164,REGENCY CAKE SLICE,merchandise,564,2579.21,80,70,4.57,8,2011-05-03,2011-12-04,2393,1351
21214,SET OF 72 IVORY PAPER DOILIES,merchandise,1884,2578.2,125,106,1.37,10,2009-12-01,2010-10-08,1264,1352
23212,PAINTED HEART WREATH WITH BELL,merchandise,2175,2577.63,145,104,1.19,7,2011-06-02,2011-12-08,1111,1353
84944,SET OF 6 KASHMIR FOLKART BAUBLES,merchandise,930,2574.5,149,122,2.77,17,2009-12-04,2011-11-04,1960,1354
22905,CALENDAR IN SEASON DESIGN,merchandise,946,2574.09,143,111,2.72,16,2010-09-19,2011-12-08,1939,1355
21589,SWALLOW GIANT TUBE MATCHES,merchandise,1115,2573.25,86,73,2.31,7,2009-12-01,2010-06-17,1765,1356
21096,SET/6 FRUIT SALAD  PAPER PLATES,merchandise,15776,2572.34,101,91,0.16,20,2009-12-10,2011-11-20,113,1357
20956,PORCELAIN T-LIGHT HOLDERS ASSORTED,merchandise,2145,2569.68,140,117,1.2,21,2009-12-01,2011-12-06,1131,1358
23100,SILVER BELLS TABLE DECORATION,merchandise,2090,2562.1,213,180,1.23,8,2011-05-11,2011-12-08,1162,1359
22208,WOOD STAMP SET THANK YOU,merchandise,2102,2558.87,311,237,1.22,25,2009-12-02,2011-12-08,1153,1360
21742,LARGE ROUND WICKER PLATTER,merchandise,430,2558.5,189,156,5.95,25,2009-12-01,2011-12-08,2607,1361
22914,BLUE COAT RACK PARIS FASHION,merchandise,555,2557.89,149,117,4.61,14,2010-11-19,2011-12-08,2414,1362
23395,BELLE JARDINIERE CUSHION COVER,merchandise,683,2555.73,175,141,3.74,4,2011-09-04,2011-12-08,2246,1363
21111,"SWISS ROLL TOWEL, CHOCOLATE  SPOTS",merchandise,1228,2552.3,128,109,2.08,23,2009-12-01,2011-12-09,1670,1364
20985,HEART CALCULATOR,merchandise,2145,2549.03,216,162,1.19,25,2009-12-02,2011-12-07,1132,1365
22937,BAKING MOULD CUPCAKE CHOCOLATE,merchandise,989,2547.59,136,122,2.58,13,2010-12-08,2011-12-07,1891,1366
37340,MULTICOLOUR SPRING FLOWER MUG,merchandise,13087,2542.71,95,79,0.19,23,2009-12-08,2011-12-05,152,1367
22518,CHILDS GARDEN BRUSH BLUE,merchandise,1313,2534.28,201,141,1.93,15,2010-03-25,2011-05-16,1594,1368
23266,SET OF 3 WOODEN STOCKING DECORATION,merchandise,1964,2529.64,274,201,1.29,7,2011-06-12,2011-12-08,1227,1369
22152,PLACE SETTING WHITE STAR,merchandise,6213,2528.39,219,154,0.41,23,2009-12-01,2011-12-05,404,1370
23146,TRIPLE HOOK ANTIQUE IVORY ROSE,merchandise,778,2526.02,211,151,3.25,9,2011-04-19,2011-12-05,2137,1371
22132,RED LOVE HEART SHAPE CUP,merchandise,3046,2523.58,238,154,0.83,25,2009-12-03,2011-12-08,839,1372
21327,SKULLS WRITING SET,merchandise,1530,2522.1,333,212,1.65,25,2009-12-02,2011-12-08,1464,1373
84012,MAGIC SHEEP WOOL GROWING FROM PAPER,merchandise,1781,2516.75,155,127,1.41,23,2009-12-01,2011-12-08,1317,1374
23489,VINTAGE BELLS GARLAND,merchandise,876,2512.44,137,125,2.87,3,2011-10-20,2011-12-09,2027,1375
84849D,HOT BATHS SOAP HOLDER,merchandise,1532,2508.44,227,122,1.64,24,2010-01-14,2011-12-01,1463,1376
84519A,TOMATO CHARLIE+LOLA COASTER SET,merchandise,1145,2506.59,158,96,2.19,24,2009-12-01,2011-12-09,1740,1377
85035C,ROSE 3 WICK MORRIS BOX CANDLE,merchandise,1309,2500.57,168,129,1.91,22,2009-12-02,2011-11-27,1600,1378
15058A,BLUE WHITE SPOTS GARDEN PARASOL,merchandise,419,2499.05,106,76,5.96,18,2010-01-24,2011-11-23,2630,1379
23333,IVORY WICKER HEART MEDIUM,merchandise,2009,2498.65,216,179,1.24,5,2011-08-08,2011-12-07,1200,1380
21486,PINK HEART DOTS HOT WATER BOTTLE,merchandise,849,2496.87,168,127,2.94,12,2009-12-01,2010-12-05,2058,1381
22792,FLUTED ANTIQUE CANDLE HOLDER,merchandise,3036,2493.5,171,128,0.82,15,2010-10-22,2011-12-06,843,1382
22028,PENNY FARTHING BIRTHDAY CARD,merchandise,6119,2489.41,365,203,0.41,25,2009-12-01,2011-12-08,416,1383
22664,TOY TIDY DOLLY GIRL DESIGN,merchandise,1311,2489.08,178,107,1.9,18,2010-07-22,2011-12-09,1596,1384
23292,SPACEBOY CHILDRENS CUP,merchandise,2081,2486.37,164,113,1.19,7,2011-06-13,2011-12-08,1166,1385
21422,PORCELAIN ROSE SMALL,merchandise,3099,2484.91,107,71,0.8,23,2009-12-03,2011-11-28,823,1386
84754,S/15 SILVER GLASS BAUBLES IN BAG,merchandise,2075,2484.31,161,129,1.2,12,2009-12-01,2011-09-23,1168,1387
21923,RED/CREAM STRIPE FRINGE HAMMOCK,merchandise,325,2483.75,108,80,7.64,8,2010-01-25,2010-08-03,2824,1388
23196,VINTAGE LEAF MAGNETIC NOTEPAD,merchandise,1756,2479.0,233,170,1.41,7,2011-06-23,2011-12-08,1327,1389
21171,BATHROOM METAL SIGN,merchandise,1822,2478.7,226,142,1.36,21,2009-12-02,2011-08-01,1295,1390
21693,SMALL HAMMERED SILVER CANDLEPOT,merchandise,841,2478.55,99,84,2.95,24,2009-12-03,2011-12-06,2064,1391
21224,SET/4 SKULL BADGES,merchandise,1986,2474.9,207,140,1.25,25,2009-12-03,2011-12-09,1214,1392
22650,CERAMIC PIRATE CHEST MONEY BANK,merchandise,1738,2474.5,221,150,1.42,20,2010-05-14,2011-12-06,1343,1393
22439,6 ROCKET BALLOONS,merchandise,3761,2472.25,307,216,0.66,21,2010-04-08,2011-12-08,693,1394
22891,TEA FOR ONE POLKADOT,merchandise,574,2468.26,155,108,4.3,15,2010-10-15,2011-12-07,2382,1395
21465,PINK FLOWER CROCHET FOOD COVER,merchandise,697,2463.86,157,117,3.53,25,2009-12-01,2011-12-01,2236,1396
21188,3D HEARTS  HONEYCOMB PAPER GARLAND,merchandise,856,2463.6,94,69,2.88,21,2009-12-03,2011-08-03,2051,1397
22479,DAISY GARDEN MARKER,merchandise,1835,2457.45,154,129,1.34,22,2010-03-05,2011-12-01,1286,1398
22818,CARD CHRISTMAS VILLAGE,merchandise,5862,2440.44,288,252,0.42,11,2010-09-16,2011-12-08,443,1399
21324,HANGING MEDINA LANTERN SMALL,merchandise,946,2434.3,126,101,2.57,17,2009-12-03,2011-04-18,1940,1400
23681,LUNCH BAG RED VINTAGE DOILY,merchandise,1547,2432.55,118,105,1.57,2,2011-11-06,2011-12-09,1453,1401
15044C,PURPLE PAPER PARASOL,merchandise,863,2431.45,160,100,2.82,24,2009-12-14,2011-12-06,2042,1402
23407,SET OF 2 TRAYS HOME SWEET HOME,merchandise,248,2426.72,118,103,9.79,4,2011-09-04,2011-12-08,3038,1403
22500,SET OF 2 TINS JARDIN DE PROVENCE,merchandise,561,2423.45,177,155,4.32,23,2010-01-31,2011-12-09,2399,1404
21813,GARLAND WITH STARS AND BELLS,merchandise,499,2419.65,87,76,4.85,14,2009-12-01,2011-12-06,2494,1405
22155,STAR DECORATION RUSTIC,merchandise,5759,2418.78,221,165,0.42,15,2009-12-01,2011-12-09,452,1406
84509F,SET OF 4 NEW ENGLAND PLACEMATS,merchandise,2776,2418.0,43,32,0.87,12,2009-12-04,2010-11-10,901,1407
21821,GLITTER STAR GARLAND WITH BELLS,merchandise,653,2416.35,107,86,3.7,12,2009-12-01,2011-11-29,2287,1408
22081,RIBBON REEL FLORA + FAUNA,merchandise,1457,2415.17,212,170,1.66,25,2009-12-01,2011-12-09,1500,1409
35001W,HAND OPEN SHAPE DECO.WHITE,merchandise,836,2412.26,108,78,2.89,13,2009-12-01,2010-12-16,2068,1410
22986,WRAP GINGHAM ROSE,merchandise,5841,2409.22,203,162,0.41,16,2010-09-07,2011-12-08,446,1411
22419,LIPSTICK PEN RED,merchandise,5759,2400.42,287,191,0.42,20,2010-05-07,2011-12-08,453,1412
85041,SET/4 PINK ORCHID CANDLES IN BOWL,merchandise,1818,2397.78,79,64,1.32,8,2009-12-01,2010-07-15,1297,1413
21653,GLASS ETCHED T-LIGHT HOLDER LARGE,merchandise,1203,2397.3,100,75,1.99,11,2010-01-14,2010-11-22,1693,1414
23264,SET OF 3 WOODEN SLEIGH DECORATIONS,merchandise,1842,2396.7,249,177,1.3,7,2011-06-12,2011-12-08,1284,1415
22651,GENTLEMAN SHIRT REPAIR KIT,merchandise,2969,2395.73,150,112,0.81,18,2010-07-25,2011-12-08,852,1416
21191,LARGE WHITE HONEYCOMB PAPER BELL,merchandise,1244,2395.1,115,96,1.93,20,2009-12-06,2011-12-06,1655,1417
22315,200 RED + WHITE BENDY STRAWS,merchandise,1985,2394.61,296,191,1.21,25,2009-12-01,2011-12-07,1215,1418
22540,MINI JIGSAW CIRCUS PARADE,merchandise,6183,2387.46,151,114,0.39,22,2010-03-28,2011-12-07,408,1419
22805,BLUE DRAWER KNOB ACRYLIC EDWARDIAN,merchandise,1941,2382.93,148,89,1.23,15,2010-10-17,2011-12-08,1236,1420
22231,JIGSAW TREE WITH BIRDHOUSE,merchandise,1976,2381.18,220,166,1.21,25,2009-12-01,2011-12-08,1219,1421
20668,DISCO BALL CHRISTMAS DECORATION,merchandise,21328,2379.64,309,181,0.11,25,2009-12-02,2011-12-09,61,1422
51014C,"FEATHER PEN,COAL BLACK",merchandise,3903,2372.47,175,108,0.61,25,2009-12-01,2011-12-08,671,1423
21792,CLASSIC FRENCH STYLE BASKET GREEN,merchandise,478,2368.1,132,110,4.95,20,2010-01-20,2011-08-03,2517,1424
22495,SET OF 2 ROUND TINS CAMEMBERT,merchandise,891,2357.73,189,165,2.65,24,2010-01-29,2011-12-09,2011,1425
21784,SHOE SHINE BOX,merchandise,239,2354.85,135,78,9.85,22,2009-12-01,2011-09-01,3076,1426
20752,RETRO BLUE SPOTTY WASHING UP GLOVES,merchandise,1335,2353.5,270,188,1.76,24,2009-12-01,2011-11-27,1580,1427
22217,T-LIGHT HOLDER HANGING LACE,merchandise,2188,2351.02,172,152,1.07,25,2009-12-09,2011-12-09,1104,1428
21464,DISCO BALL ROTATOR BATTERY OPERATED,merchandise,554,2350.5,214,127,4.24,25,2009-12-02,2011-12-01,2417,1429
21898,POTTING SHED ROSE CANDLE,merchandise,760,2349.88,88,73,3.09,15,2009-12-01,2011-04-27,2161,1430
22310,KNITTED MUG COSY IVORY COLOUR,merchandise,1519,2348.79,110,64,1.55,21,2009-12-03,2011-12-08,1471,1431
22146,EASTER CRAFT IVY WREATH WITH CHICK,merchandise,1343,2342.85,99,93,1.74,9,2009-12-04,2011-01-25,1568,1432
21204,DAISIES  HONEYCOMB GARLAND,merchandise,1478,2337.9,144,109,1.58,24,2009-12-06,2011-12-07,1491,1433
21686,MEDINA STAMPED METAL STOOL,merchandise,62,2336.9,29,10,37.69,16,2010-03-05,2011-10-02,3777,1434
82597,BOMBS AWAY METAL SIGN,merchandise,1153,2332.74,163,106,2.02,11,2009-12-01,2010-10-31,1736,1435
22811,SET OF 6 T-LIGHTS CACTI,merchandise,897,2328.63,69,51,2.6,15,2010-09-28,2011-12-09,2002,1436
22581,WOOD STOCKING CHRISTMAS SCANDISPOT,merchandise,3051,2327.33,263,208,0.76,12,2010-07-18,2011-12-09,837,1437
21352,EUCALYPTUS & PINECONE  WREATH,merchandise,756,2327.2,82,77,3.08,12,2009-12-01,2011-11-15,2167,1438
22911,PAPER CHAIN KIT LONDON,merchandise,828,2325.44,143,115,2.81,15,2010-09-19,2011-12-05,2080,1439
22537,MAGIC SLATE DINOSAUR,merchandise,5740,2318.64,285,225,0.4,22,2010-03-29,2011-12-05,454,1440
22758,LARGE PURPLE BABUSHKA NOTEBOOK,merchandise,2306,2317.14,221,151,1.0,17,2010-08-08,2011-12-08,1050,1441
23341,PINK DINER WALL CLOCK,merchandise,281,2317.1,98,75,8.25,7,2011-06-24,2011-12-08,2953,1442
22789,T-LIGHT HOLDER SWEETHEART HANGING,merchandise,1213,2315.49,180,138,1.91,15,2010-10-17,2011-12-08,1684,1443
22270,HAPPY EASTER HANGING DECORATION,merchandise,631,2314.41,129,104,3.67,20,2009-12-03,2011-11-22,2314,1444
22448,PIN CUSHION RUSSIAN DOLL RED,merchandise,734,2312.76,104,79,3.15,21,2010-03-18,2011-12-06,2189,1445
72799E,IVORY PILLAR CANDLE SILVER FLOCK,merchandise,1155,2310.69,132,105,2.0,22,2009-12-01,2011-12-08,1734,1446
22613,PACK OF 20 SPACEBOY NAPKINS,merchandise,2971,2310.13,226,166,0.78,20,2010-05-06,2011-12-09,851,1447
21924,BLUE/CREAM STRIPE FRINGE HAMMOCK,merchandise,304,2307.8,112,82,7.59,10,2009-12-02,2010-10-18,2889,1448
22933,BAKING MOULD EASTER EGG MILK CHOC,merchandise,888,2307.6,91,82,2.6,10,2010-12-09,2011-12-05,2013,1449
21948,SET OF 6 CAKE CHOPSTICKS,merchandise,1997,2307.06,114,71,1.16,24,2009-12-01,2011-12-05,1207,1450
85036A,GARDENIA 1 WICK MORRIS BOXED CANDLE,merchandise,608,2305.92,155,117,3.79,22,2009-12-03,2011-10-21,2344,1451
72800E,4 IVORY DINNER CANDLES SILVER FLOCK,merchandise,1311,2304.45,226,139,1.76,25,2009-12-01,2011-12-09,1597,1452
85206B,PINK FELT EASTER EGG BASKET,merchandise,1474,2303.3,162,138,1.56,6,2009-12-14,2011-01-20,1493,1453
84912A,PINK ROSE WASHBAG,merchandise,894,2302.5,97,59,2.58,22,2009-12-03,2011-09-22,2006,1454
23437,GIFT BAG LARGE 50'S CHRISTMAS,merchandise,1909,2302.25,111,108,1.21,5,2011-08-22,2011-12-09,1253,1455
37502,TEA TIME MUG IN GIFT BOX,merchandise,806,2300.9,148,97,2.85,8,2009-12-01,2010-07-30,2105,1456
84031A,CHARLIE+LOLA RED HOT WATER BOTTLE,merchandise,732,2297.72,133,95,3.14,18,2009-12-01,2011-12-09,2190,1457
22094,RED RETROSPOT TISSUE BOX,merchandise,3429,2296.44,232,181,0.67,24,2009-12-08,2011-12-08,750,1458
22597,MUSICAL ZINC HEART DECORATION,merchandise,4210,2295.88,205,167,0.55,17,2010-07-25,2011-12-08,632,1459
22566,"FELTCRAFT HAIRBAND S/2, PINK/PURPLE",merchandise,2801,2295.05,250,192,0.82,22,2010-03-10,2011-12-08,893,1460
23570,TRADITIONAL PICK UP STICKS GAME,merchandise,1836,2295.0,231,203,1.25,3,2011-10-21,2011-12-09,1285,1461
21747,SMALL SKULL WINDMILL,merchandise,1983,2289.03,128,83,1.15,22,2009-12-01,2011-11-30,1216,1462
22306,SILVER MUG BONE CHINA TREE OF LIFE,merchandise,1648,2282.87,148,125,1.39,15,2009-12-13,2011-12-06,1395,1463
21616,4 PEAR BOTANICAL DINNER CANDLES,merchandise,1092,2282.5,155,126,2.09,23,2009-12-08,2011-12-08,1782,1464
21431,GREEN GINGHAM FLOWER JEWELLERY BOX,merchandise,1412,2281.8,225,167,1.62,12,2009-12-01,2010-11-16,1526,1465
85035B,CHOCOLATE 3 WICK MORRIS BOX CANDLE,merchandise,925,2280.37,98,75,2.47,18,2009-12-06,2011-10-27,1972,1466
23396,LE JARDIN BOTANIQUE CUSHION COVER,merchandise,609,2278.23,164,134,3.74,4,2011-09-04,2011-12-08,2341,1467
22153,ANGEL DECORATION STARS ON DRESS,merchandise,5462,2273.88,191,136,0.42,19,2009-12-01,2011-12-09,479,1468
21642,ASSORTED TUTTI FRUTTI PEN,merchandise,4220,2273.4,184,150,0.54,23,2009-12-01,2011-12-05,629,1469
21462,"NURSERY A,B,C PAINTED LETTERS",merchandise,403,2270.65,157,131,5.63,24,2009-12-04,2011-12-09,2658,1470
23412,HEART MIRROR ANTIQUE WHITE,merchandise,351,2269.14,71,64,6.46,2,2011-09-06,2011-10-10,2761,1471
21789,KIDS RAIN MAC PINK,merchandise,2779,2266.93,177,138,0.82,25,2009-12-01,2011-12-02,899,1472
85034B,3 WHITE CHOC MORRIS BOXED CANDLES,merchandise,1113,2266.73,111,95,2.04,18,2009-12-06,2011-12-08,1767,1473
85015,SET OF 12  VINTAGE POSTCARD SET,merchandise,2715,2266.17,144,133,0.83,25,2009-12-07,2011-12-08,917,1474
85199S,SMALL HANGING IVORY/RED WOOD BIRD,merchandise,5434,2264.15,291,188,0.42,25,2009-12-01,2011-12-08,484,1475
21973,SET OF 36 MUSHROOM PAPER DOILIES,merchandise,1620,2262.6,161,117,1.4,23,2009-12-02,2011-11-28,1408,1476
21873,IF YOU CAN'T STAND THE HEAT MUG,merchandise,1997,2259.25,150,98,1.13,25,2009-12-02,2011-12-08,1208,1477
84795C,OCEAN STRIPE HAMMOCK,merchandise,294,2253.3,105,70,7.66,10,2009-12-02,2011-01-31,2912,1478
23436,VINTAGE CHRISTMAS GIFT BAG LARGE,merchandise,1929,2251.65,92,91,1.17,5,2011-08-02,2011-12-05,1242,1479
22742,MAKE YOUR OWN PLAYTIME CARD KIT,merchandise,968,2251.04,161,132,2.33,17,2010-08-10,2011-12-08,1915,1480
22713,CARD I LOVE LONDON,merchandise,5709,2249.56,240,148,0.39,20,2010-05-27,2011-12-06,456,1481
22642,SET OF 4 NAPKIN CHARMS STARS,merchandise,966,2248.55,130,113,2.33,14,2010-07-18,2011-12-08,1918,1482
23048,SET OF 10 LANTERNS FAIRY LIGHT STAR,merchandise,560,2248.14,85,81,4.01,9,2011-04-28,2011-12-05,2403,1483
23400,SHELF WITH 4 HOOKS HOME SWEET HOME,merchandise,448,2247.36,95,76,5.02,4,2011-09-06,2011-12-08,2569,1484
85034C,3 ROSE MORRIS BOXED CANDLES,merchandise,1242,2244.98,158,130,1.81,21,2009-12-08,2011-12-07,1658,1485
21203,BUTTERFLIES  HONEYCOMB GARLAND,merchandise,1445,2240.25,106,85,1.55,9,2009-12-03,2010-08-17,1508,1486
21823,PAINTED METAL HEART WITH HOLLY BELL,merchandise,2278,2238.74,166,136,0.98,16,2009-12-02,2011-11-15,1063,1487
22129,PARTY CONES CANDY TREE DECORATION,merchandise,2812,2236.94,106,97,0.8,24,2009-12-02,2011-12-05,888,1488
22829,SWEETHEART WIRE WALL TIDY,merchandise,232,2235.9,104,83,9.64,13,2010-11-10,2011-11-11,3099,1489
21680,WOODLAND  STICKERS,merchandise,2718,2235.42,149,110,0.82,25,2009-12-01,2011-12-07,916,1490
84912B,GREEN ROSE WASHBAG,merchandise,874,2227.5,84,56,2.55,21,2009-12-01,2011-11-29,2031,1491
21809,CHRISTMAS HANGING TREE WITH BELL,merchandise,2887,2226.44,148,118,0.77,15,2009-12-01,2011-12-09,870,1492
22824,3 TIER SWEETHEART GARDEN SHELF,merchandise,63,2225.85,48,47,35.33,13,2010-11-07,2011-11-23,3772,1493
22375,AIRLINE BAG VINTAGE JET SET BROWN,merchandise,483,2222.25,194,135,4.6,23,2010-02-14,2011-12-06,2510,1494
21437,24 HANGING EASTER EGGS FLORAL TUB,merchandise,654,2222.1,99,88,3.4,4,2009-12-08,2010-03-28,2286,1495
22609,PENS ASSORTED SPACEBALL,merchandise,6758,2221.1,152,118,0.33,21,2010-02-23,2011-12-05,371,1496
21696,SMALL SILVER TRELLIS CANDLEPOT,merchandise,752,2218.4,95,80,2.95,24,2009-12-03,2011-11-23,2171,1497
21819,GLITTER CHRISTMAS STAR,merchandise,3828,2214.56,231,178,0.58,13,2009-12-01,2011-12-08,679,1498
17091J,VANILLA INCENSE IN TIN,merchandise,4052,2213.32,161,108,0.55,25,2009-12-01,2011-12-09,652,1499
22852,ENAMEL DOG BOWL CREAM,merchandise,528,2212.9,142,108,4.19,15,2010-10-15,2011-12-08,2455,1500
23316,RED REFECTORY CLOCK,merchandise,235,2212.25,95,75,9.41,7,2011-06-23,2011-12-08,3087,1501
22735,RIBBON REEL SOCKS AND MITTENS,merchandise,1356,2209.08,159,133,1.63,10,2010-09-16,2011-12-05,1559,1502
22409,TIN CAN BISCUITS DESIGN,merchandise,1662,2202.9,123,108,1.33,21,2010-03-26,2011-12-06,1387,1503
21323,HANGING MEDINA LANTERN LARGE,merchandise,704,2201.25,54,46,3.13,8,2009-12-02,2010-07-23,2229,1504
23498,CLASSIC BICYCLE CLIPS,merchandise,1587,2200.15,86,77,1.39,2,2011-11-25,2011-12-09,1430,1505
84795B,SUNSET CHECK HAMMOCK,merchandise,291,2199.45,83,56,7.56,20,2009-12-06,2011-11-08,2926,1506
17084R,ASSORTED INCENSE PACK,merchandise,12065,2198.85,66,29,0.18,22,2009-12-02,2011-12-05,183,1507
23079,TOADSTOOL BEDSIDE LIGHT,merchandise,248,2198.6,104,83,8.87,8,2011-05-11,2011-12-07,3039,1508
21744,SNOWFLAKE PORTABLE TABLE LIGHT,merchandise,729,2195.99,154,131,3.01,15,2009-12-01,2011-11-24,2191,1509
21540,DAIRY MAID CERAMIC BUTTER DISH,merchandise,1298,2195.5,73,52,1.69,10,2009-12-01,2010-09-09,1611,1510
85183A,CHARLIE & LOLA WASTEPAPER BIN BLUE,merchandise,1497,2194.75,132,104,1.47,23,2009-12-01,2011-12-05,1481,1511
84840,SWEETHEART CARRY-ALL BASKET,merchandise,263,2194.7,126,110,8.34,9,2010-05-02,2011-03-25,2994,1512
22281,EASTER TREE YELLOW BIRDS,merchandise,423,2192.25,98,83,5.18,14,2009-12-10,2011-12-07,2620,1513
22935,BAKING MOULD ROSE MILK CHOCOLATE,merchandise,754,2191.5,52,46,2.91,13,2010-12-08,2011-12-08,2168,1514
23054,RECYCLED ACAPULCO MAT LAVENDER,merchandise,266,2189.7,109,81,8.23,9,2011-03-04,2011-12-05,2990,1515
85034A,3 GARDENIA MORRIS BOXED CANDLES,merchandise,828,2183.36,110,92,2.64,23,2009-12-01,2011-11-23,2081,1516
22539,MINI JIGSAW DOLLY GIRL,merchandise,5585,2181.23,169,138,0.39,22,2010-03-26,2011-12-09,467,1517
23330,DECORATIVE WICKER HEART MEDIUM,merchandise,1751,2181.19,195,158,1.25,5,2011-08-08,2011-12-08,1330,1518
22711,WRAP CIRCUS PARADE,merchandise,5302,2178.84,178,148,0.41,20,2010-05-27,2011-12-09,506,1519
22973,CHILDRENS CIRCUS PARADE MUG,merchandise,1346,2178.58,120,88,1.62,14,2010-11-23,2011-12-07,1566,1520
22376,AIRLINE BAG VINTAGE JET SET WHITE,merchandise,456,2177.84,191,145,4.78,23,2010-02-14,2011-12-06,2549,1521
21615,4 LAVENDER BOTANICAL DINNER CANDLES,merchandise,1122,2177.0,134,115,1.94,22,2009-12-01,2011-12-04,1759,1522
21012,ANTIQUE ALL GLASS CANDLESTICK,merchandise,1485,2174.58,141,112,1.46,23,2009-12-02,2011-12-09,1489,1523
20960,WATERMELON BATH SPONGE,merchandise,1739,2169.95,141,85,1.25,11,2009-12-01,2010-10-08,1341,1524
79072,TEATIME CAKE TIN WITH HANDLE,merchandise,230,2168.5,63,41,9.43,4,2009-12-02,2010-03-18,3107,1525
85014C,BLUE/BROWN DOTS RUFFLED UMBRELLA,merchandise,539,2167.85,65,55,4.02,7,2009-12-01,2010-06-11,2437,1526
21681,GIANT MEDINA STAMPED METAL BOWL,merchandise,228,2164.2,74,62,9.49,13,2009-12-02,2011-02-22,3114,1527
21126,SET OF 6 GIRLS CELEBRATION CANDLES,merchandise,2210,2164.18,209,169,0.98,25,2009-12-01,2011-12-02,1092,1528
22831,WHITE BROCANTE SOAP DISH,merchandise,753,2163.75,118,101,2.87,14,2010-11-07,2011-12-01,2169,1529
22525,CHILDRENS GARDEN GLOVES PINK,merchandise,1754,2162.1,240,189,1.23,14,2010-03-25,2011-04-18,1328,1530
22091,EMPIRE TISSUE BOX,merchandise,3045,2160.31,242,184,0.71,25,2009-12-01,2011-12-08,841,1531
22524,CHILDRENS GARDEN GLOVES BLUE,merchandise,1748,2159.16,232,188,1.24,15,2010-03-25,2011-05-24,1333,1532
23401,RUSTIC MIRROR WITH LACE HEART,merchandise,443,2155.51,70,59,4.87,4,2011-09-07,2011-12-08,2578,1533
23265,SET OF 3 WOODEN TREE DECORATIONS,merchandise,1665,2153.71,246,180,1.29,7,2011-06-12,2011-12-08,1385,1534
23252,VINTAGE RED ENAMEL TRIM JUG,merchandise,586,2153.34,125,104,3.67,7,2011-06-12,2011-12-08,2366,1535
22708,WRAP DOLLY GIRL,merchandise,5350,2151.0,158,115,0.4,19,2010-06-02,2011-12-08,497,1536
85035A,GARDENIA 3 WICK MORRIS BOXED CANDLE,merchandise,622,2150.42,154,113,3.46,22,2009-12-02,2011-10-26,2323,1537
85199L,LARGE HANGING IVORY & RED WOOD BIRD,merchandise,3392,2150.08,188,136,0.63,25,2009-12-01,2011-12-08,762,1538
85107,CUT GLASS T-LIGHT HOLDER OCTAGON,merchandise,1181,2148.81,64,56,1.82,19,2009-12-02,2011-12-06,1716,1539
23406,HOME SWEET HOME KEY HOLDER,merchandise,434,2148.54,94,65,4.95,4,2011-09-05,2011-12-06,2598,1540
23360,SET 8 CANDLES VINTAGE DOILY,merchandise,1146,2148.3,107,94,1.87,5,2011-08-02,2011-12-08,1739,1541
22021,BLUE FELT EASTER EGG BASKET,merchandise,1329,2146.05,208,161,1.61,10,2009-12-14,2011-03-21,1582,1542
21468,BUTTERFLY CROCHET FOOD COVER,merchandise,621,2144.17,118,91,3.45,23,2009-12-02,2011-11-29,2325,1543
23438,RED SPOT GIFT BAG LARGE,merchandise,1782,2143.5,98,88,1.2,5,2011-08-03,2011-12-09,1313,1544
22325,MOBILE VINTAGE HEARTS,merchandise,439,2137.35,155,129,4.87,24,2009-12-01,2011-11-29,2587,1545
21125,SET 6 FOOTBALL CELEBRATION CANDLES,merchandise,2082,2134.02,199,162,1.02,25,2009-12-01,2011-12-02,1165,1546
21330,WOODLAND ANIMAL  WRITING SET,merchandise,1357,2133.05,127,101,1.57,10,2009-12-02,2010-11-07,1558,1547
23445,ICE CREAM BUBBLES,merchandise,2647,2131.01,94,81,0.81,5,2011-08-24,2011-12-09,932,1548
22453,MEASURING TAPE RUSSIAN DOLL BLUE,merchandise,752,2129.6,109,78,2.83,21,2010-03-21,2011-12-08,2172,1549
85045,GREEN CHRISTMAS TREE STRING 20LIGHT,merchandise,462,2127.3,70,60,4.6,12,2009-12-01,2011-11-02,2532,1550
84818,DANISH ROSE PHOTO FRAME,merchandise,1692,2125.16,153,122,1.26,23,2009-12-02,2011-10-30,1368,1551
23093,SMALL PARISIENNE HEART PHOTO FRAME,merchandise,915,2122.67,123,105,2.32,8,2011-05-11,2011-12-02,1979,1552
22932,BAKING MOULD TOFFEE CUP CHOCOLATE,merchandise,951,2119.95,64,51,2.23,13,2010-12-08,2011-12-08,1933,1553
21651,HANGING GLASS ETCHED TEALIGHT,merchandise,1337,2119.65,107,81,1.59,15,2009-12-03,2011-02-21,1578,1554
22676,"FRENCH BLUE METAL DOOR SIGN, 1",merchandise,1690,2116.14,221,105,1.25,17,2010-08-17,2011-12-02,1370,1555
21611,SET OF 12 LILY BOTANICAL T-LIGHTS,merchandise,735,2110.65,134,93,2.87,11,2009-12-01,2010-10-27,2187,1556
22716,CARD CIRCUS PARADE,merchandise,5116,2106.75,341,244,0.41,19,2010-06-01,2011-12-09,519,1557
23233,WRAP POPPIES  DESIGN,merchandise,5175,2105.5,158,130,0.41,12,2011-01-16,2011-12-08,511,1558
23501,KEY RING BASEBALL BOOT UNION JACK,merchandise,1770,2103.3,85,77,1.19,3,2011-10-05,2011-12-08,1324,1559
47570,ENGLISH ROSE TABLE CLOTH,merchandise,207,2096.55,66,47,10.13,5,2009-12-02,2010-04-26,3174,1560
21866,UNION JACK FLAG LUGGAGE TAG,merchandise,1681,2095.9,294,190,1.25,25,2009-12-01,2011-12-08,1374,1561
22024,RAINY LADIES BIRTHDAY CARD,merchandise,5215,2094.73,292,170,0.4,25,2009-12-01,2011-12-06,509,1562
23020,GLASS SONGBIRD STORAGE JAR,merchandise,176,2092.0,72,67,11.89,7,2011-06-14,2011-12-06,3271,1563
23046,PAPER LANTERN 9 POINT DELUXE STAR,merchandise,347,2091.55,34,31,6.03,7,2011-05-08,2011-12-05,2772,1564
84469,ROSE DES PADDED FLOOR CUSHION,merchandise,653,2090.68,39,35,3.2,4,2009-12-04,2010-03-24,2288,1565
85054,FRENCH ENAMEL POT W LID,merchandise,845,2089.81,159,107,2.47,24,2009-12-01,2011-11-28,2062,1566
21187,WHITE BELL HONEYCOMB PAPER GARLAND,merchandise,1343,2088.75,108,90,1.56,18,2009-12-03,2011-07-27,1569,1567
21638,ASSORTED TUTTI FRUTTI NOTEBOOK,merchandise,994,2087.4,118,84,2.1,22,2009-12-01,2011-12-08,1884,1568
23128,FELTCRAFT BOY JEAN-PAUL KIT,merchandise,431,2085.13,129,112,4.84,10,2011-03-03,2011-12-08,2606,1569
21826,EIGHT PIECE DINOSAUR SET,merchandise,1698,2081.46,188,136,1.23,16,2009-12-01,2011-03-16,1363,1570
23029,DRAWER KNOB CRACKLE GLAZE GREEN,merchandise,1284,2080.2,138,97,1.62,7,2011-06-14,2011-12-08,1627,1571
21421,PORCELAIN ROSE LARGE,merchandise,1782,2079.3,88,60,1.17,18,2009-12-06,2011-05-24,1314,1572
21708,FOLDING UMBRELLA CREAM POLKADOT,merchandise,551,2073.85,89,72,3.76,22,2009-12-01,2011-11-28,2421,1573
21710,FOLDING UMBRELLA PINKWHITE POLKADOT,merchandise,696,2073.81,87,80,2.98,23,2009-12-01,2011-11-25,2238,1574
23504,PLAYING CARDS JUBILEE UNION JACK,merchandise,1661,2073.73,190,164,1.25,4,2011-09-22,2011-12-08,1388,1575
21291,SMALL SPOTTY CHOCOLATE GIFT BAG,merchandise,2451,2073.27,126,95,0.85,24,2009-12-02,2011-11-28,996,1576
22471,TV DINNER TRAY AIR HOSTESS,merchandise,564,2071.78,122,91,3.67,20,2010-03-11,2011-12-07,2394,1577
21804,WHITE CHRISTMAS GARLAND STARS TREES,merchandise,555,2070.45,106,92,3.73,11,2009-12-01,2011-12-02,2415,1578
22931,BAKING MOULD HEART WHITE CHOCOLATE,merchandise,879,2062.96,110,95,2.35,13,2010-12-08,2011-12-08,2025,1579
21215,IVORY PAPER CUP CAKE CASES,merchandise,4129,2062.69,182,127,0.5,25,2009-12-04,2011-12-05,644,1580
22223,CAKE PLATE LOVEBIRD PINK,merchandise,559,2060.25,125,89,3.69,24,2009-12-04,2011-12-04,2410,1581
21808,"CHRISTMAS GARLAND STARS,TREES",merchandise,814,2057.5,79,70,2.53,13,2009-12-09,2011-12-08,2098,1582
21288,STRIPEY CHOCOLATE NESTING BOXES,merchandise,857,2054.55,130,105,2.4,24,2009-12-03,2011-11-28,2048,1583
16237,SLEEPING CAT ERASERS,merchandise,10251,2050.71,340,209,0.2,25,2009-12-01,2011-12-08,220,1584
22920,HERB MARKER BASIL,merchandise,3406,2050.4,195,138,0.6,14,2010-11-21,2011-12-08,760,1585
22336,DOVE DECORATION PAINTED ZINC,merchandise,4493,2047.91,150,136,0.46,21,2009-12-01,2011-10-14,595,1586
84670,JAPANESE CROCHETED ANIMAL,merchandise,5092,2045.04,168,114,0.4,12,2009-12-01,2010-11-22,521,1587
22400,MAGNETS PACK OF 4 HOME SWEET HOME,merchandise,2452,2039.81,224,159,0.83,22,2010-03-30,2011-12-07,995,1588
84691,PACK 20 DOLLY PEGS,merchandise,2616,2036.4,179,124,0.78,15,2009-12-01,2011-05-31,948,1589
84509B,SET OF 4 FAIRY CAKE PLACEMATS,merchandise,566,2036.1,139,101,3.6,25,2009-12-02,2011-12-08,2392,1590
21398,RED POLKADOT COFFEE  MUG,merchandise,2236,2035.05,97,82,0.91,17,2009-12-01,2011-04-19,1080,1591
22363,GLASS JAR MARMALADE,merchandise,735,2034.29,128,99,2.77,22,2010-03-15,2011-12-08,2188,1592
22714,CARD BIRTHDAY COWBOY,merchandise,5133,2032.05,253,187,0.4,20,2010-05-28,2011-12-06,517,1593
21408,SPOTTY PINK DUCK DOORSTOP,merchandise,583,2030.09,139,114,3.48,25,2009-12-07,2011-12-08,2371,1594
21617,4 LILY  BOTANICAL DINNER CANDLES,merchandise,794,2030.0,142,102,2.56,23,2009-12-02,2011-11-20,2120,1595
22342,HOME GARLAND PAINTED ZINC,merchandise,1608,2029.2,115,109,1.26,24,2009-12-02,2011-11-28,1418,1596
51014L,"FEATHER PEN,LIGHT PINK",merchandise,3250,2024.76,164,111,0.62,24,2009-12-04,2011-12-05,791,1597
21655,HANGING RIDGE GLASS T-LIGHT HOLDER,merchandise,1302,2024.7,70,56,1.56,9,2009-12-02,2011-02-11,1607,1598
84676,BATH DUCK WATERING CAN,merchandise,832,2016.52,98,76,2.42,9,2009-12-03,2010-08-18,2074,1599
21274,EMBOSSED HEART 3 DRAWER SHELF,merchandise,159,2012.85,89,61,12.66,12,2009-12-04,2010-11-02,3327,1600
21106,CREAM SLICE FLANNEL CHOCOLATE SPOT,merchandise,708,2011.8,120,98,2.84,22,2009-12-02,2011-11-29,2224,1601
84990,60 GOLD AND SILVER FAIRY CAKE CASES,merchandise,4201,2006.23,161,112,0.48,14,2009-12-01,2011-05-08,636,1602
47503J,SET/3 FLORAL GARDEN TOOLS IN BAG,merchandise,281,2001.95,42,31,7.12,12,2009-12-07,2010-12-03,2954,1603
40018F,CHERRY DESIGN PAPERLANTERNS,merchandise,1064,2000.44,97,69,1.88,10,2009-12-01,2010-09-05,1805,1604
22514,CHILDS GARDEN SPADE BLUE,merchandise,1032,1999.68,193,151,1.94,21,2010-03-28,2011-11-29,1843,1605
23326,HANGING MINI COLOURED BOTTLES,merchandise,3369,1999.59,55,52,0.59,5,2011-08-11,2011-12-09,766,1606
23152,IVORY SWEETHEART WIRE LETTER RACK,merchandise,541,1998.51,149,108,3.69,9,2011-04-20,2011-12-04,2432,1607
85114A,BLACK ENCHANTED FOREST PLACEMAT,merchandise,1305,1997.25,83,46,1.53,19,2010-06-21,2011-12-01,1604,1608
21905,MORE BUTTER METAL SIGN,merchandise,1528,1994.65,195,132,1.31,25,2009-12-06,2011-12-06,1467,1609
21077,SET/20 WOODLAND PAPER NAPKINS,merchandise,2745,1990.53,167,111,0.73,10,2009-12-02,2010-09-09,908,1610
23028,DRAWER KNOB CRACKLE GLAZE BLUE,merchandise,1241,1990.29,114,88,1.6,6,2011-06-14,2011-11-02,1659,1611
23031,DRAWER KNOB CRACKLE GLAZE PINK,merchandise,1228,1987.8,138,93,1.62,7,2011-06-14,2011-12-07,1671,1612
23302,KNEELING MAT HOUSEWORK  DESIGN,merchandise,1473,1980.71,187,140,1.34,8,2011-05-15,2011-12-09,1496,1613
23403,LETTER HOLDER HOME SWEET HOME,merchandise,595,1980.31,110,80,3.33,4,2011-09-05,2011-12-07,2357,1614
23268,SET OF 2 CERAMIC CHRISTMAS REINDEER,merchandise,1434,1980.18,78,68,1.38,6,2011-06-12,2011-11-20,1511,1615
21504,SKULLS GREETING CARD,merchandise,4898,1967.88,284,158,0.4,25,2009-12-02,2011-12-07,542,1616
23424,GINGHAM RECIPE BOOK BOX,merchandise,409,1966.95,103,87,4.81,4,2011-09-05,2011-12-09,2647,1617
23490,T-LIGHT HOLDER HANGING LOVE BIRD,merchandise,533,1965.63,95,83,3.69,3,2011-10-14,2011-12-08,2445,1618
22913,RED COAT RACK PARIS FASHION,merchandise,435,1963.89,105,84,4.51,14,2010-11-19,2011-12-01,2595,1619
23066,SMALL JEWELLERY STAND,merchandise,245,1963.65,76,69,8.01,7,2011-04-18,2011-10-07,3055,1620
15058C,ICE CREAM DESIGN GARDEN PARASOL,merchandise,413,1963.35,71,56,4.75,17,2010-01-24,2011-09-26,2640,1621
23352,ROLL WRAP 50'S RED CHRISTMAS,merchandise,1593,1961.01,162,151,1.23,5,2011-08-04,2011-12-09,1427,1622
22023,EMPIRE BIRTHDAY CARD,merchandise,4860,1959.63,311,177,0.4,25,2009-12-01,2011-12-06,548,1623
84968F,SET OF 16 VINTAGE SKY BLUE CUTLERY,merchandise,157,1958.55,65,52,12.47,23,2009-12-01,2011-11-13,3334,1624
23251,VINTAGE RED ENAMEL TRIM MUG,merchandise,1645,1955.45,102,80,1.19,7,2011-06-14,2011-12-09,1399,1625
21620,SET OF 4 ROSE BOTANICAL CANDLES,merchandise,1000,1954.5,179,139,1.95,23,2009-12-03,2011-12-09,1876,1626
23529,WALL ART DOLLY GIRL,merchandise,629,1952.31,30,26,3.1,3,2011-10-03,2011-12-05,2316,1627
23197,VEGETABLE MAGNETIC  SHOPPING LIST,merchandise,1354,1950.74,183,116,1.44,7,2011-06-23,2011-12-09,1563,1628
23227,FILIGREE HEART BUTTERFLY WHITE,merchandise,1592,1947.06,87,61,1.22,8,2011-05-26,2011-12-08,1428,1629
22190,LOCAL CAFE MUG,merchandise,1168,1944.33,124,88,1.66,24,2009-12-01,2011-12-09,1723,1630
22362,GLASS JAR PEACOCK BATH SALTS,merchandise,675,1944.13,177,133,2.88,22,2010-03-16,2011-12-08,2256,1631
23374,RED SPOT PAPER GIFT BAG,merchandise,2444,1944.08,122,108,0.8,5,2011-08-02,2011-12-08,999,1632
21824,PAINTED METAL STAR WITH HOLLY BELLS,merchandise,2321,1942.81,159,137,0.84,12,2009-12-02,2011-11-15,1043,1633
22832,SWEETHEART WIRE WALL TIDY,merchandise,183,1940.05,77,71,10.6,12,2010-11-09,2011-11-29,3252,1634
10133,COLOURING PENCILS BROWN TUBE,merchandise,3340,1938.84,203,153,0.58,22,2009-12-01,2011-09-07,775,1635
20703,BLUE PADDED SOFT MOBILE,merchandise,459,1938.25,165,122,4.22,13,2009-12-01,2011-04-14,2541,1636
22286,DECORATION WOBBLY RABBIT METAL,merchandise,1819,1937.07,144,119,1.06,19,2009-12-03,2011-12-01,1296,1637
79323S,SILVER CHERRY LIGHTS,merchandise,323,1933.25,46,38,5.99,6,2009-12-01,2010-09-16,2831,1638
23500,KEY RING BASEBALL BOOT ASSORTED,merchandise,1580,1928.8,84,76,1.22,3,2011-10-04,2011-12-08,1436,1639
22903,CALENDAR FAMILY FAVOURITES,merchandise,705,1927.83,54,39,2.73,13,2010-09-26,2011-12-02,2226,1640
23068,ALUMINIUM STAMPED HEART,merchandise,801,1927.25,130,106,2.41,9,2011-04-18,2011-12-06,2111,1641
22853,ENAMEL CAT BOWL CREAM,merchandise,601,1926.25,128,100,3.21,15,2010-10-15,2011-12-08,2352,1642
23213,STAR WREATH DECORATION WITH BELL,merchandise,1594,1921.94,121,95,1.21,7,2011-06-02,2011-12-08,1426,1643
22251,BIRDHOUSE DECORATION MAGIC GARDEN,merchandise,1617,1921.69,184,141,1.19,23,2009-12-17,2011-11-30,1412,1644
22515,CHILDS GARDEN SPADE PINK,merchandise,996,1921.08,166,139,1.93,21,2010-03-28,2011-12-06,1879,1645
15058B,PINK WHITE SPOTS GARDEN PARASOL,merchandise,301,1920.95,91,65,6.38,19,2010-01-24,2011-11-17,2894,1646
84536A,ENGLISH ROSE NOTEBOOK A7 SIZE,merchandise,4570,1920.22,413,227,0.42,25,2009-12-02,2011-12-08,584,1647
23145,ZINC T-LIGHT HOLDER STARS LARGE,merchandise,2054,1919.34,150,128,0.93,9,2011-04-21,2011-12-09,1182,1648
22405,TIN CAN POCKET MONEY DESIGN,merchandise,1625,1919.05,192,173,1.18,22,2010-03-26,2011-12-08,1407,1649
21359,RELAX LARGE WOOD LETTERS,merchandise,202,1913.9,67,57,9.47,18,2009-12-02,2011-08-11,3189,1650
21612,SET 12 WILDFLOWER BOTANICAL T-LIGHT,merchandise,676,1912.6,97,76,2.83,10,2009-12-01,2010-09-29,2252,1651
22321,BIRD DECORATION RED SPOT,merchandise,2273,1911.77,157,118,0.84,24,2009-12-01,2011-11-24,1065,1652
23075,PARLOUR CERAMIC WALL HOOK,merchandise,465,1910.55,77,61,4.11,9,2011-04-18,2011-12-08,2526,1653
22859,EASTER TIN BUNNY BOUQUET,merchandise,1196,1908.6,132,115,1.6,13,2010-10-05,2011-11-15,1701,1654
84763,ZINC FINISH 15CM PLANTER POTS,merchandise,1585,1907.53,148,106,1.2,18,2009-12-03,2011-05-27,1432,1655
85162B,BLACK RETRODISC LAMPSHADE,merchandise,977,1905.15,13,5,1.95,7,2009-12-07,2010-06-08,1900,1656
84459B,YELLOW METAL CHICKEN HEART,merchandise,1341,1903.05,137,115,1.42,16,2009-12-07,2011-04-07,1572,1657
22985,"WRAP, BILLBOARD FONTS DESIGN",merchandise,4740,1902.8,133,101,0.4,16,2010-09-07,2011-12-09,564,1658
23161,REGENCY CAKE FORK,merchandise,1608,1896.6,68,58,1.18,7,2011-05-03,2011-11-29,1419,1659
23235,STORAGE TIN VINTAGE LEAF,merchandise,726,1895.66,96,88,2.61,7,2011-06-08,2011-12-09,2195,1660
23315,IVORY REFECTORY CLOCK,merchandise,202,1894.7,76,63,9.38,7,2011-06-23,2011-12-06,3190,1661
20984,12 PENCILS TALL TUBE POSY,merchandise,5829,1894.09,225,178,0.32,22,2009-12-01,2011-10-17,447,1662
21846,PINK DIAMANTE PEN IN GIFT BOX,merchandise,948,1893.22,87,51,2.0,22,2009-12-02,2011-12-08,1938,1663
16169E,WRAP 50'S  CHRISTMAS,merchandise,4563,1892.46,149,143,0.41,6,2011-07-21,2011-12-09,586,1664
21741,COSY SLIPPER SHOES LARGE GREEN,merchandise,648,1892.4,132,108,2.92,19,2009-12-01,2011-11-16,2294,1665
21348,PINK SPOTS CHOCOLATE NESTING BOXES,merchandise,816,1891.2,115,91,2.32,14,2009-12-02,2011-01-26,2092,1666
21482,MUSHROOM BLUE HOT WATER BOTTLE,merchandise,665,1889.75,136,104,2.84,9,2009-12-01,2010-10-17,2267,1667
16016,LARGE CHINESE STYLE SCISSOR,merchandise,2331,1885.15,105,57,0.81,25,2009-12-03,2011-12-09,1037,1668
85176,SEWING SUSAN 21 NEEDLE SET,merchandise,2418,1884.0,174,115,0.78,25,2009-12-01,2011-12-08,1011,1669
84797A,PINK HAWAIIAN PICNIC HAMPER FOR 4,merchandise,349,1883.55,25,21,5.4,4,2010-03-05,2010-06-03,2767,1670
21627,ELEPHANT CARNIVAL POUFFE,merchandise,133,1882.75,54,31,14.16,21,2009-12-04,2011-10-24,3401,1671
23291,DOLLY GIRL CHILDRENS CUP,merchandise,1548,1880.14,144,104,1.21,7,2011-06-13,2011-12-08,1452,1672
21538,DAIRY MAID  PUDDING BOWL,merchandise,1301,1878.75,44,40,1.44,12,2009-12-01,2010-12-09,1609,1673
35001G,HAND OPEN SHAPE GOLD,merchandise,643,1878.05,60,46,2.92,21,2009-12-01,2011-12-07,2300,1674
22996,TRAVEL CARD WALLET VINTAGE TICKET,merchandise,4540,1875.12,292,155,0.41,11,2011-02-17,2011-12-08,589,1675
21761,WOOD AND GLASS MEDICINE CABINET,merchandise,67,1874.65,24,21,27.98,16,2009-12-01,2011-12-04,3753,1676
82567,"AIRLINE LOUNGE,METAL SIGN",merchandise,908,1874.51,290,136,2.06,25,2009-12-01,2011-12-08,1986,1677
22695,WICKER WREATH SMALL,merchandise,1414,1874.22,184,151,1.33,17,2010-07-29,2011-12-09,1525,1678
23274,STAR T-LIGHT HOLDER WILLIE WINKIE,merchandise,1139,1870.11,98,85,1.64,7,2011-06-05,2011-12-09,1746,1679
72799F,IVORY PILLAR CANDLE GOLD FLOCK,merchandise,1072,1867.6,72,62,1.74,18,2009-12-01,2011-11-25,1800,1680
23491,VINTAGE JINGLE BELLS HEART,merchandise,226,1864.5,76,64,8.25,3,2011-10-20,2011-12-07,3120,1681
21476,STEEL SWEETHEART ROUND TABLE CREAM,merchandise,127,1864.0,74,53,14.68,19,2010-01-19,2011-10-19,3420,1682
22799,SWEETHEART WIRE FRUIT BOWL,merchandise,242,1861.6,96,85,7.69,15,2010-10-18,2011-12-06,3066,1683
21692,SILVER LATTICE VANILLA CANDLE POT,merchandise,501,1860.03,104,81,3.71,15,2009-12-01,2011-02-25,2491,1684
23289,DOLLY GIRL CHILDRENS BOWL,merchandise,1553,1854.85,141,111,1.19,7,2011-06-13,2011-12-07,1450,1685
85106,CUT GLASS HEXAGON T-LIGHT HOLDER,merchandise,1024,1854.1,44,40,1.81,16,2009-12-08,2011-11-28,1854,1686
84509G,SET OF 4 FAIRY CAKE PLACEMATS,merchandise,765,1851.75,125,96,2.42,24,2009-12-03,2011-12-08,2156,1687
21070,VINTAGE BILLBOARD MUG,merchandise,1920,1851.16,163,107,0.96,25,2009-12-01,2011-12-05,1246,1688
22133,PINK LOVE HEART SHAPE CUP,merchandise,2232,1848.84,171,109,0.83,24,2009-12-03,2011-12-06,1084,1689
22521,CHILDS GARDEN TROWEL PINK,merchandise,2197,1847.17,324,257,0.84,15,2010-03-25,2011-05-01,1098,1690
21085,SET/6 WOODLAND PAPER CUPS,merchandise,13712,1843.12,56,42,0.13,8,2009-12-01,2010-07-12,144,1691
20686,DOLLY MIXTURE CHILDREN'S UMBRELLA,merchandise,568,1840.38,160,117,3.24,25,2009-12-02,2011-12-08,2388,1692
22520,CHILDS GARDEN TROWEL BLUE,merchandise,2185,1840.09,327,256,0.84,15,2010-03-25,2011-05-17,1106,1693
20770,ABSTRACT CIRCLE JOURNAL,merchandise,905,1838.85,113,94,2.03,24,2009-12-01,2011-11-27,1990,1694
21058,PARTY INVITES WOODLAND,merchandise,2232,1837.92,207,148,0.82,25,2009-12-01,2011-12-04,1085,1695
23094,LE GRAND TRAY CHIC SET,merchandise,147,1837.5,74,65,12.5,7,2011-05-11,2011-11-21,3356,1696
23359,SET OF 12 T-LIGHTS VINTAGE DOILY,merchandise,976,1834.8,76,73,1.88,5,2011-08-02,2011-12-08,1901,1697
21287,SCENTED VELVET LOUNGE CANDLE,merchandise,4104,1833.57,83,67,0.45,23,2009-12-04,2011-12-06,645,1698
21619,4 VANILLA BOTANICAL CANDLES,merchandise,1052,1832.5,168,138,1.74,23,2009-12-01,2011-12-08,1819,1699
23357,HOT WATER BOTTLE SEX BOMB,merchandise,432,1832.0,88,79,4.24,5,2011-08-21,2011-12-08,2602,1700
21389,IVORY HANGING DECORATION  BIRD,merchandise,2153,1826.93,194,149,0.85,25,2009-12-03,2011-12-04,1123,1701
22785,SQUARECUSHION COVER PINK UNION JACK,merchandise,370,1825.54,95,82,4.93,14,2010-10-17,2011-12-09,2721,1702
21983,PACK OF 12 BLUE PAISLEY TISSUES,merchandise,6145,1818.89,263,208,0.3,25,2009-12-02,2011-12-06,412,1703
21091,SET/6 WOODLAND PAPER PLATES,merchandise,13668,1817.16,34,31,0.13,4,2009-12-01,2010-03-18,145,1704
79323G,GOLD  CHERRY LIGHTS,merchandise,300,1817.0,51,37,6.06,5,2009-12-01,2010-04-19,2897,1705
22522,CHILDS GARDEN FORK BLUE,merchandise,2185,1815.13,307,249,0.83,22,2010-03-25,2011-12-08,1107,1706
21613,S/12 VANILLA  BOTANICAL T-LIGHTS,merchandise,624,1814.4,135,111,2.91,22,2009-12-02,2011-10-27,2321,1707
23367,SET 12 COLOUR PENCILS SPACEBOY,merchandise,2778,1803.3,231,184,0.65,4,2011-09-22,2011-12-09,900,1708
84856S,SMALL TAHITI BEACH BAG,merchandise,457,1802.49,29,25,3.94,7,2010-01-07,2010-07-19,2547,1709
47591C,BLUE FAIRY CAKE CHILDRENS APRON,merchandise,995,1800.45,146,111,1.81,9,2009-12-01,2010-08-15,1881,1710
21557,SET OF 6 FUNKY BEAKERS,merchandise,623,1799.69,133,71,2.89,25,2009-12-02,2011-12-06,2322,1711
22338,STAR DECORATION PAINTED ZINC,merchandise,5561,1797.05,180,143,0.32,16,2009-12-01,2011-12-08,471,1712
22343,PARTY PIZZA DISH RED+WHITE SPOT,merchandise,2994,1795.74,132,90,0.6,25,2009-12-02,2011-12-08,847,1713
21394,RED SPOTTY BEAKER,merchandise,3961,1795.27,132,100,0.45,20,2010-01-26,2011-11-13,661,1714
22677,"FRENCH BLUE METAL DOOR SIGN, 2",merchandise,1435,1793.76,189,101,1.25,17,2010-08-17,2011-12-02,1509,1715
22496,SET OF 2 ROUND TINS DUTCH CHEESE,merchandise,699,1793.49,174,153,2.57,24,2010-01-29,2011-12-09,2235,1716
22948,METAL DECORATION NAUGHTY CHILDREN,merchandise,2050,1791.46,130,93,0.87,16,2010-09-16,2011-12-08,1185,1717
84327A,PINK JUMPER LARRY THE LAMB,merchandise,949,1788.72,117,78,1.88,9,2009-12-01,2010-08-01,1935,1718
21841,BABY MOUSE RED GINGHAM DRESS,merchandise,427,1785.25,123,106,4.18,19,2009-12-01,2011-11-29,2611,1719
22523,CHILDS GARDEN FORK PINK,merchandise,2123,1784.27,313,248,0.84,22,2010-03-25,2011-12-05,1143,1720
20684,STRAWBERRY DREAM CHILDS UMBRELLA,merchandise,561,1784.25,157,117,3.18,20,2009-12-01,2011-07-22,2400,1721
22533,MAGIC SLATE BAKE A CAKE,merchandise,4596,1779.12,198,162,0.39,22,2010-03-28,2011-12-08,581,1722
23525,WALL ART BUFFALO BILL,merchandise,567,1777.89,44,38,3.14,3,2011-10-03,2011-12-09,2391,1723
20931,BLUE POT PLANT CANDLE,merchandise,611,1776.25,102,91,2.91,24,2009-12-07,2011-12-08,2339,1724
23371,SET 36 COLOUR PENCILS SPACEBOY,merchandise,1498,1775.22,133,98,1.19,4,2011-09-22,2011-12-09,1480,1725
85162C,WHITE RETRODISC LAMPSHADE,merchandise,898,1775.1,41,11,1.98,7,2009-12-02,2010-06-08,2000,1726
47585A,PINK FAIRY CAKE CUSHION COVER,merchandise,913,1773.75,83,66,1.94,23,2010-01-28,2011-12-01,1980,1727
23005,TRAVEL CARD WALLET I LOVE LONDON,merchandise,4346,1767.72,175,105,0.41,8,2011-02-17,2011-12-08,609,1728
21082,SET/20 FRUIT SALAD PAPER NAPKINS,merchandise,7062,1764.3,117,94,0.25,10,2009-12-01,2010-09-27,356,1729
85172,HYACINTH BULB T-LIGHT CANDLES,merchandise,4354,1762.44,137,110,0.4,25,2009-12-01,2011-12-05,608,1730
21241,GREEN SPOTTY CUP,merchandise,2140,1756.6,215,129,0.82,11,2009-12-01,2010-10-12,1135,1731
21445,12 PINK ROSE PEG PLACE SETTINGS,merchandise,1474,1753.58,115,88,1.19,18,2009-12-04,2011-07-22,1494,1732
23148,MINITURE ANTIQUE ROSE HOOK IVORY,merchandise,2113,1752.35,234,143,0.83,9,2011-04-21,2011-12-08,1146,1733
85216,ASSORTED CAKES FRIDGE MAGNETS,merchandise,2802,1752.18,149,114,0.63,18,2009-12-01,2011-11-18,891,1734
22210,WOOD STAMP SET BEST WISHES,merchandise,1488,1752.11,226,179,1.18,24,2009-12-02,2011-12-08,1488,1735
85217,ASSORTED ICE CREAM FRIDGE MAGNETS,merchandise,2811,1751.91,136,96,0.62,10,2009-12-03,2010-09-09,889,1736
84031B,CHARLIE LOLA BLUE HOT WATER BOTTLE,merchandise,549,1743.29,109,80,3.18,18,2009-12-01,2011-12-09,2422,1737
20764,ABSTRACT CIRCLES SKETCHBOOK,merchandise,602,1740.63,144,107,2.89,25,2009-12-03,2011-12-06,2349,1738
21760,FRENCH STYLE WALL DRESSER,merchandise,15,1740.0,12,12,116.0,6,2010-03-01,2010-09-09,4256,1739
21424,WOODLAND STORAGE BOX LARGE,merchandise,782,1739.54,61,51,2.22,20,2009-12-01,2011-10-25,2132,1740
22307,GOLD MUG BONE CHINA TREE OF LIFE,merchandise,1207,1734.91,101,87,1.44,12,2009-12-13,2011-12-06,1690,1741
22098,BOUDOIR SQUARE TISSUE BOX,merchandise,2783,1729.08,231,161,0.62,24,2009-12-03,2011-12-08,897,1742
22858,EASTER TIN KEEPSAKE,merchandise,1086,1727.1,112,104,1.59,8,2010-11-22,2011-10-06,1790,1743
20772,GARDEN PATH JOURNAL,merchandise,928,1726.66,130,105,1.86,23,2009-12-02,2011-12-08,1964,1744
23228,FILIGREE HEART BIRD WHITE,merchandise,1397,1726.3,78,58,1.24,8,2011-05-26,2011-12-08,1534,1745
21947,SET OF 6 HEART CHOPSTICKS,merchandise,1384,1724.42,169,122,1.25,25,2009-12-01,2011-12-06,1545,1746
21200,MULTICOLOUR HONEYCOMB PAPER GARLAND,merchandise,1287,1724.35,75,64,1.34,23,2009-12-08,2011-11-27,1624,1747
85232A,SET/3 POLKADOT STACKING TINS,merchandise,355,1723.65,122,97,4.86,18,2009-12-01,2011-06-06,2754,1748
21088,SET/6 FRUIT SALAD PAPER CUPS,merchandise,16503,1723.33,104,95,0.1,20,2010-01-20,2011-12-07,103,1749
23090,VINTAGE GLASS T-LIGHT HOLDER,merchandise,2129,1722.79,122,96,0.81,8,2011-05-16,2011-12-07,1139,1750
22074,6 RIBBONS SHIMMERING PINKS,merchandise,1746,1715.84,152,127,0.98,24,2009-12-03,2011-12-09,1337,1751
22614,PACK OF 12 SPACEBOY TISSUES,merchandise,5572,1715.7,298,222,0.31,20,2010-05-06,2011-12-08,469,1752
21677,HEARTS  STICKERS,merchandise,2016,1714.38,197,144,0.85,25,2009-12-01,2011-12-01,1197,1753
21280,VINTAGE KITCHEN PRINT VEGETABLES,merchandise,3316,1714.2,53,44,0.52,20,2009-12-04,2011-11-09,780,1754
20871,OPULENT VELVET SET/3 CANDLES,merchandise,1202,1713.3,76,72,1.43,11,2009-12-02,2010-11-23,1695,1755
21695,SMALL SILVER FLOWER CANDLE POT,merchandise,584,1713.2,75,65,2.93,23,2009-12-14,2011-11-30,2369,1756
22535,MAGIC SLATE BUNNIES AT HOME,merchandise,4289,1712.1,257,204,0.4,22,2010-03-25,2011-12-02,619,1757
22706,WRAP COWBOYS,merchandise,4265,1711.3,123,109,0.4,19,2010-06-02,2011-12-07,621,1758
22587,"FELTCRAFT HAIRBAND, S/2, RED/BLUE",merchandise,2056,1710.16,245,194,0.83,22,2010-03-10,2011-12-08,1181,1759
20716,PARTY FOOD SHOPPER BAG,merchandise,1395,1709.55,169,121,1.23,19,2009-12-01,2011-06-29,1535,1760
22246,MAGIC GARDEN FELT GARLAND,merchandise,892,1709.28,105,84,1.92,19,2009-12-01,2011-11-24,2010,1761
22546,MINI JIGSAW PURDEY,merchandise,4309,1707.43,135,106,0.4,22,2010-03-26,2011-12-08,613,1762
22559,SEASIDE FRISBEE,merchandise,1411,1702.61,136,118,1.21,21,2010-03-25,2011-12-05,1527,1763
35953,FOLKART STAR CHRISTMAS DECORATIONS,merchandise,3349,1697.41,106,98,0.51,13,2009-12-03,2011-12-08,772,1764
23244,STORAGE TIN VINTAGE LEAF,merchandise,925,1692.91,105,87,1.83,7,2011-06-08,2011-12-07,1973,1765
22513,DOORSTOP FOOTBALL DESIGN,merchandise,560,1690.96,143,106,3.02,20,2010-03-14,2011-12-09,2404,1766
21640,ASSORTED TUTTI FRUTTI  FOB NOTEBOOK,merchandise,2003,1690.07,135,99,0.84,24,2009-12-01,2011-12-08,1205,1767
20658,RED SPOTTY LUGGAGE TAG,merchandise,1355,1689.19,223,153,1.25,22,2009-12-01,2011-09-26,1561,1768
23358,HOT STUFF HOT WATER BOTTLE,merchandise,527,1686.15,67,61,3.2,5,2011-08-21,2011-12-09,2457,1769
21547,CERAMIC BIRDHOUSE CRESTED TIT SMALL,merchandise,692,1686.05,90,69,2.44,15,2009-12-01,2011-03-22,2241,1770
22586,FELTCRAFT HAIRBAND PINK AND BLUE,merchandise,2005,1685.53,235,184,0.84,22,2010-03-10,2011-12-08,1203,1771
22753,SMALL YELLOW BABUSHKA NOTEBOOK,merchandise,2200,1682.49,331,205,0.76,17,2010-08-08,2011-12-09,1096,1772
23073,GEORGIAN TRINKET BOX,merchandise,141,1681.5,59,49,11.93,9,2011-04-19,2011-12-01,3377,1773
90167,BEADED LOVE HEART JEWELLERY SET,merchandise,2108,1676.36,75,53,0.8,12,2009-12-01,2010-12-05,1150,1774
22438,BALLOON ART MAKE YOUR OWN FLOWERS,merchandise,1342,1673.7,129,117,1.25,21,2010-04-11,2011-12-08,1570,1775
35971,ROSE FOLKART HEART DECORATIONS,merchandise,1867,1672.2,122,91,0.9,25,2009-12-01,2011-12-01,1268,1776
23155,KNICKERBOCKERGLORY MAGNET ASSORTED,merchandise,2094,1669.38,111,84,0.8,10,2011-03-25,2011-12-08,1160,1777
85221,ASSORTED COLOUR SILK COIN PURSE,merchandise,3551,1667.59,43,35,0.47,6,2009-12-02,2010-05-10,724,1778
85049H,URBAN BLACK RIBBONS,merchandise,1635,1663.3,210,154,1.02,25,2009-12-01,2011-12-05,1402,1779
22166,WALL MIRROR RECTANGLE DIAMANTE PINK,merchandise,308,1662.36,41,31,5.4,23,2009-12-03,2011-12-06,2878,1780
85059,FRENCH ENAMEL WATER BASIN,merchandise,537,1659.06,142,108,3.09,25,2009-12-01,2011-12-08,2440,1781
21647,ASSORTED TUTTI FRUTTI LARGE PURSE,merchandise,790,1659.0,109,91,2.1,20,2009-12-02,2011-11-27,2122,1782
20785,FUSCHIA RETRO BAR STOOL,merchandise,44,1657.8,17,14,37.68,13,2010-01-22,2011-04-06,3910,1783
84581,DOG TOY WITH PINK CROCHET SKIRT,merchandise,443,1657.69,177,125,3.74,24,2009-12-03,2011-12-04,2579,1784
79302M,"ART LIGHTS,FUNK MONKEY",merchandise,617,1654.55,76,40,2.68,22,2009-12-01,2011-12-08,2330,1785
84797B,BLUE SAVANNAH PICNIC HAMPER FOR 4,merchandise,310,1654.5,24,22,5.34,4,2010-03-05,2010-06-01,2871,1786
23160,REGENCY TEA SPOON,merchandise,1392,1651.8,60,50,1.19,7,2011-05-03,2011-11-25,1538,1787
21397,BLUE POLKADOT EGG CUP,merchandise,2024,1650.54,116,99,0.82,17,2009-12-05,2011-04-19,1191,1788
85231B,CINAMMON SET OF 9 T-LIGHTS,merchandise,1948,1649.56,286,181,0.85,25,2009-12-01,2011-12-08,1230,1789
23057,GEMSTONE CHANDELIER T-LIGHT HOLDER,merchandise,674,1646.14,41,38,2.44,8,2011-04-18,2011-11-16,2257,1790
84796B,BLUE SAVANNAH PICNIC HAMPER FOR 2,merchandise,230,1645.3,32,28,7.15,14,2010-03-05,2011-08-04,3108,1791
23370,SET 36 COLOURING PENCILS DOILY,merchandise,1354,1643.86,106,86,1.21,4,2011-09-22,2011-12-08,1564,1792
22319,HAIRCLIPS FORTIES FABRIC ASSORTED,merchandise,2969,1642.81,163,141,0.55,25,2009-12-01,2011-12-09,853,1793
22565,FELTCRAFT HAIRBANDS PINK AND WHITE,merchandise,1934,1642.34,220,173,0.85,22,2010-03-10,2011-12-05,1239,1794
22279,POCKET BAG BLUE PAISLEY RED SPOT,merchandise,1076,1640.61,121,108,1.52,23,2009-12-02,2011-12-08,1796,1795
21161,KEEP OUT BOYS DOOR HANGER,merchandise,2305,1640.17,161,120,0.71,19,2009-12-01,2011-06-08,1051,1796
85060,WOOD FAN WITH FLOWER DESIGN,merchandise,1391,1638.43,74,53,1.18,8,2009-12-08,2010-07-26,1539,1797
21158,MOODY GIRL DOOR HANGER,merchandise,2524,1636.06,260,184,0.65,25,2009-12-02,2011-12-09,975,1798
21357,TOAST ITS - DINOSAUR,merchandise,1314,1635.42,164,105,1.24,15,2009-12-01,2011-03-28,1593,1799
22211,WOOD STAMP SET FLOWERS,merchandise,1285,1631.88,202,161,1.27,25,2009-12-01,2011-12-08,1626,1800
21643,ASSORTED TUTTI FRUTTI MIRROR,merchandise,1323,1630.95,103,76,1.23,24,2009-12-03,2011-11-15,1586,1801
21593,SWALLOW CIGAR BOX MATCHES,merchandise,1390,1628.06,93,69,1.17,6,2009-12-01,2010-05-23,1540,1802
20846,ZINC HEART LATTICE T-LIGHT HOLDER,merchandise,1321,1627.97,127,105,1.23,25,2009-12-15,2011-12-07,1588,1803
21652,GLASS ETCHED T-LIGHT HOLDER MEDIUM,merchandise,867,1625.85,72,64,1.88,9,2009-12-06,2010-08-05,2037,1804
23214,JINGLE BELL HEART ANTIQUE GOLD,merchandise,772,1624.83,92,79,2.1,7,2011-06-01,2011-12-08,2145,1805
23434,3 RAFFIA RIBBONS 50'S CHRISTMAS,merchandise,1782,1624.5,134,129,0.91,4,2011-09-11,2011-12-07,1315,1806
85185B,PINK HORSE SOCK PUPPET KIT,merchandise,561,1623.75,145,111,2.89,24,2009-12-02,2011-11-30,2401,1807
22922,FRIDGE MAGNETS US DINER ASSORTED,merchandise,2004,1623.3,99,82,0.81,14,2010-11-19,2011-12-08,1204,1808
84507B,STRIPES DESIGN MONKEY DOLL,merchandise,1319,1622.85,89,52,1.23,21,2009-12-01,2011-09-07,1590,1809
21687,SILVER PLATE CANDLE BOWL LARGE,merchandise,446,1619.58,78,55,3.63,10,2009-12-03,2010-09-14,2573,1810
21657,MILK BOTTLE WITH GLASS STOPPER,merchandise,238,1618.1,92,76,6.8,15,2009-12-03,2011-02-20,3078,1811
82615,PINK MARSHMALLOW SCARF KNITTING KIT,merchandise,603,1618.05,76,60,2.68,12,2009-12-02,2010-12-01,2347,1812
85114C,RED ENCHANTED FOREST PLACEMAT,merchandise,1001,1615.65,127,79,1.61,24,2009-12-02,2011-12-06,1875,1813
22678,"FRENCH BLUE METAL DOOR SIGN, 3",merchandise,1289,1613.68,172,92,1.25,17,2010-08-17,2011-12-06,1620,1814
22035,VINTAGE CARAVAN GREETING CARD,merchandise,3942,1613.26,244,152,0.41,23,2009-12-01,2011-10-17,663,1815
23270,SET OF 2 CERAMIC PAINTED HEARTS,merchandise,1157,1612.85,118,96,1.39,7,2011-06-02,2011-12-09,1732,1816
21865,PINK UNION JACK  PASSPORT COVER,merchandise,769,1609.98,207,129,2.09,25,2009-12-01,2011-12-08,2150,1817
22184,CAKE STAND VICTORIAN FILIGREE LARGE,merchandise,268,1609.2,71,60,6.0,14,2009-12-02,2011-01-27,2982,1818
22673,FRENCH GARDEN SIGN BLUE METAL,merchandise,1305,1608.59,168,130,1.23,17,2010-08-17,2011-12-08,1605,1819
22928,YELLOW GIANT GARDEN THERMOMETER,merchandise,263,1606.97,91,64,6.11,14,2010-11-22,2011-12-08,2995,1820
23096,PETIT TRAY CHIC,merchandise,993,1606.73,117,89,1.62,8,2011-05-10,2011-12-05,1885,1821
22161,HEART DECORATION RUSTIC HANGING,merchandise,5412,1606.58,219,156,0.3,22,2010-01-13,2011-12-06,486,1822
22705,WRAP GREEN PEARS,merchandise,3825,1606.5,147,114,0.42,20,2010-05-27,2011-12-06,680,1823
22026,BANQUET BIRTHDAY  CARD,merchandise,3904,1602.96,261,140,0.41,25,2009-12-01,2011-12-05,670,1824
10125,MINI FUNKY DESIGN TAPES,merchandise,2013,1599.25,120,87,0.79,22,2009-12-01,2011-12-09,1199,1825
21163,DO NOT TOUCH MY STUFF DOOR HANGER,merchandise,2748,1597.64,212,158,0.58,23,2009-12-02,2011-10-28,907,1826
22254,FELT TOADSTOOL LARGE,merchandise,1306,1596.02,112,95,1.22,24,2009-12-01,2011-12-07,1602,1827
22163,HEART STRING MEMO HOLDER HANGING,merchandise,970,1595.74,104,86,1.65,22,2009-12-01,2011-12-08,1913,1828
21659,GLASS CAKE STAND,merchandise,110,1591.7,56,45,14.47,11,2009-12-08,2010-11-07,3495,1829
85036C,ROSE 1 WICK MORRIS BOXED CANDLE,merchandise,865,1588.43,120,99,1.84,23,2009-12-01,2011-11-23,2041,1830
35160,BUDDHA INCENSE HOLDER ASSORTED,merchandise,2176,1587.24,53,33,0.73,11,2009-12-01,2010-10-12,1110,1831
21694,SMALL REGAL  SILVER CANDLEPOT,merchandise,564,1587.0,61,51,2.81,21,2009-12-02,2011-12-05,2395,1832
21294,ETCHED GLASS COASTER,merchandise,2226,1585.38,116,83,0.71,23,2009-12-03,2011-10-16,1089,1833
84535B,FAIRY CAKES NOTEBOOK A6 SIZE,merchandise,2587,1584.62,248,141,0.61,25,2009-12-01,2011-12-07,958,1834
22410,TIN CAN HOUSEKEEPING DESIGN,merchandise,1328,1582.73,170,136,1.19,22,2010-03-26,2011-12-08,1583,1835
84459A,PINK METAL CHICKEN HEART,merchandise,1126,1582.7,107,96,1.41,22,2009-12-11,2011-10-30,1756,1836
22201,FRYING PAN BLUE RETROSPOT,merchandise,411,1581.75,106,76,3.85,25,2009-12-01,2011-12-08,2644,1837
20990,SPRING FLOWER CHOPSTICKS SET/5,merchandise,857,1581.15,87,54,1.84,7,2009-12-02,2010-06-13,2049,1838
22680,"FRENCH BLUE METAL DOOR SIGN, 5",merchandise,1262,1578.72,163,97,1.25,17,2010-08-17,2011-12-02,1643,1839
20996,JAZZ HEARTS ADDRESS BOOK,merchandise,6131,1571.82,270,179,0.26,25,2009-12-06,2011-12-08,414,1840
23101,SILVER STARS TABLE DECORATION,merchandise,1942,1569.62,190,175,0.81,8,2011-05-12,2011-12-08,1235,1841
21281,VINTAGE KITCHEN PRINT SEAFOOD,merchandise,3650,1567.5,37,34,0.43,16,2009-12-10,2011-11-09,711,1842
23217,LAUREL HEART ANTIQUE SILVER,merchandise,1290,1567.0,84,64,1.21,7,2011-06-02,2011-12-06,1619,1843
21793,CLASSIC FRENCH STYLE BASKET BROWN,merchandise,344,1564.44,93,81,4.55,21,2010-01-20,2011-11-28,2776,1844
40001,WHITE BAMBOO RIBS LAMPSHADE,merchandise,2157,1563.81,73,39,0.72,23,2009-12-06,2011-11-08,1120,1845
85173,SET/6 FROG PRINCE T-LIGHT CANDLES,merchandise,954,1563.27,102,70,1.64,25,2009-12-03,2011-12-09,1930,1846
79160,HEART SHAPE WIRELESS DOORBELL,merchandise,828,1561.68,137,51,1.89,24,2009-12-02,2011-12-08,2082,1847
22421,LIPSTICK PEN FUSCHIA,merchandise,3803,1559.24,239,172,0.41,20,2010-05-06,2011-12-08,688,1848
23122,PARTY CHARMS 50 PIECES,merchandise,2091,1552.65,94,89,0.74,7,2011-06-17,2011-12-09,1161,1849
20767,BLUE PAISLEY JOURNAL,merchandise,752,1551.62,148,112,2.06,25,2009-12-01,2011-12-06,2173,1850
21645,ASSORTED TUTTI FRUTTI ROUND BOX,merchandise,939,1549.35,114,85,1.65,12,2009-12-02,2010-11-16,1948,1851
21529,RETRO SPOT CERAMIC TOASTRACK,merchandise,462,1548.9,115,94,3.35,9,2009-12-02,2010-09-13,2533,1852
23317,BLUE REFECTORY CLOCK,merchandise,161,1547.95,70,56,9.61,7,2011-06-26,2011-12-09,3317,1853
23280,FOLDING MIRROR HOT PINK,merchandise,1994,1546.08,133,87,0.78,8,2011-05-09,2011-12-08,1209,1854
22209,WOOD STAMP SET HAPPY BIRTHDAY,merchandise,1275,1544.62,193,159,1.21,25,2009-12-03,2011-12-08,1633,1855
21895,POTTING SHED SOW 'N' GROW SET,merchandise,530,1544.5,70,61,2.91,12,2009-12-01,2010-12-01,2452,1856
21276,TWO EMBOSSED HEART MINI DRAWERS,merchandise,676,1544.2,28,24,2.28,4,2009-12-03,2010-04-08,2253,1857
85103,SILVER T-LIGHT SETTING,merchandise,248,1543.6,54,46,6.22,15,2009-12-02,2011-07-19,3040,1858
23399,HOME SWEET HOME HANGING HEART,merchandise,1815,1539.63,176,146,0.85,4,2011-09-04,2011-12-08,1299,1859
21637,ASSORTED SANSKRIT MINI NOTEBOOK,merchandise,1274,1537.78,45,40,1.21,16,2009-12-01,2011-10-10,1634,1860
22975,SPACEBOY CHILDRENS EGG CUP,merchandise,1222,1535.97,147,113,1.26,14,2010-11-24,2011-12-07,1677,1861
21548,CERAMIC BIRDHOUSE FINCH BLUE ROOF,merchandise,641,1535.6,77,55,2.4,12,2009-12-01,2010-11-01,2304,1862
85222,ASSORTED COLOUR SILK COSMETIC PURSE,merchandise,1394,1535.4,41,39,1.1,7,2009-12-02,2010-06-21,1536,1863
84519B,CARROT CHARLIE+LOLA COASTER SET,merchandise,799,1534.69,156,98,1.92,24,2009-12-01,2011-12-09,2116,1864
23273,HEART T-LIGHT HOLDER WILLIE WINKIE,merchandise,928,1533.84,97,88,1.65,7,2011-06-05,2011-12-06,1965,1865
21391,FRENCH LAVENDER SCENT HEART,merchandise,1292,1533.3,132,113,1.19,23,2009-12-02,2011-11-21,1616,1866
21618,4 WILDFLOWER BOTANICAL CANDLES,merchandise,597,1530.25,98,86,2.56,22,2009-12-01,2011-11-14,2355,1867
16033,MINI HIGHLIGHTER PENS,merchandise,15001,1530.12,49,43,0.1,15,2009-12-10,2011-02-17,123,1868
75131,METAL TUBE CHIME ON BAMBOO,merchandise,1212,1529.64,62,40,1.26,17,2009-12-11,2011-04-04,1686,1869
22025,RING OF ROSES BIRTHDAY CARD,merchandise,3829,1528.26,203,148,0.4,25,2009-12-01,2011-12-06,678,1870
22934,BAKING MOULD EASTER EGG WHITE CHOC,merchandise,560,1527.2,69,65,2.73,9,2010-12-10,2011-10-25,2405,1871
21545,CERAMIC BIRDHOUSE BUTTERFLY SMALL,merchandise,678,1527.05,64,52,2.25,8,2009-12-01,2010-07-23,2250,1872
23483,HANGING  BUTTERFLY T-LIGHT HOLDER,merchandise,1310,1526.62,66,57,1.17,3,2011-10-03,2011-12-08,1599,1873
21628,TRIANGULAR POUFFE VINTAGE,merchandise,108,1524.4,40,24,14.11,21,2009-12-02,2011-12-08,3506,1874
85036B,CHOCOLATE 1 WICK MORRIS BOX CANDLE,merchandise,594,1523.56,79,70,2.56,21,2009-12-06,2011-11-17,2359,1875
23372,SET 36 COLOUR PENCILS DOLLY GIRL,merchandise,1294,1520.22,99,76,1.17,4,2011-09-22,2011-12-07,1614,1876
21043,APRON MODERN VINTAGE COTTON,merchandise,601,1519.95,89,81,2.53,17,2009-12-07,2011-06-01,2353,1877
72803A,ROSE SCENT CANDLE JEWELLED DRAWER,merchandise,720,1519.44,91,61,2.11,22,2009-12-02,2011-11-06,2206,1878
15059A,ENGLISH ROSE EDWARDIAN PARASOL,merchandise,505,1515.0,1,1,3.0,1,2009-12-03,2009-12-03,2483,1879
22802,FAUX FUR CHOCOLATE THROW,merchandise,89,1514.55,46,39,17.02,13,2010-10-28,2011-12-07,3612,1880
21581,SKULLS  DESIGN  COTTON TOTE BAG,merchandise,1039,1511.15,128,104,1.45,24,2009-12-01,2011-11-25,1834,1881
21927,BLUE/CREAM STRIPE CUSHION COVER,merchandise,1219,1508.55,171,93,1.24,21,2010-04-11,2011-12-01,1680,1882
22770,MIRROR CORNICE,merchandise,102,1507.3,63,49,14.78,15,2010-10-12,2011-12-04,3535,1883
21099,SET/6 STRAWBERRY PAPER CUPS,merchandise,13284,1506.6,29,20,0.11,6,2009-12-01,2010-05-07,148,1884
22183,CAKE STAND VICTORIAN FILIGREE MED,merchandise,292,1505.55,63,58,5.16,20,2009-12-02,2011-11-13,2918,1885
21092,SET/6 STRAWBERRY PAPER PLATES,merchandise,12806,1504.94,18,15,0.12,3,2010-01-05,2010-03-17,160,1886
21000,ROSE DU SUD COSMETICS BAG,merchandise,617,1497.25,40,37,2.43,20,2009-12-03,2011-11-25,2331,1887
21283,NATURAL BARK CANDLE SMALL,merchandise,491,1496.75,68,59,3.05,12,2009-12-11,2010-11-23,2502,1888
85039B,S/4 IVORY MINI ROSE CANDLE IN BOWL,merchandise,1260,1496.68,110,84,1.19,24,2009-12-02,2011-12-07,1644,1889
21275,ZINC TOP  2 DOOR WOODEN SHELF,merchandise,243,1494.85,48,45,6.15,16,2009-12-08,2011-11-10,3064,1890
21610,SET 12 PEAR BOTANICAL T-LIGHTS,merchandise,529,1493.35,87,72,2.82,12,2009-12-02,2010-11-18,2454,1891
22516,CHILDS GARDEN RAKE BLUE,merchandise,787,1492.68,126,106,1.9,19,2010-03-28,2011-11-27,2128,1892
23181,BULL DOG BOTTLE TOP WALL CLOCK,merchandise,185,1484.25,69,60,8.02,10,2011-03-08,2011-12-01,3249,1893
22686,"FRENCH BLUE METAL DOOR SIGN, No",merchandise,1248,1483.45,116,70,1.19,17,2010-08-17,2011-12-08,1653,1894
23462,ROCOCO WALL MIRROR WHITE,merchandise,77,1482.15,44,43,19.25,3,2011-10-20,2011-12-08,3691,1895
21448,12 DAISY PEGS IN WOOD BOX,merchandise,898,1481.7,178,132,1.65,23,2009-12-02,2011-10-16,2001,1896
84006,MAGIC TREE -PAPER FLOWERS,merchandise,1743,1481.55,142,86,0.85,23,2009-12-01,2011-12-08,1339,1897
22262,FELT EGG COSY CHICKEN,merchandise,1739,1481.27,185,135,0.85,23,2009-12-14,2011-12-06,1342,1898
23226,FILIGREE HEART DAISY WHITE,merchandise,1199,1478.59,71,56,1.23,8,2011-05-31,2011-12-05,1698,1899
21162,TOXIC AREA  DOOR HANGER,merchandise,2326,1477.4,239,172,0.64,25,2009-12-01,2011-12-09,1039,1900
85016,SET OF 6 VINTAGE NOTELETS KIT,merchandise,1456,1472.7,70,60,1.01,18,2009-12-08,2011-05-31,1502,1901
72008,FROSTED BOX 9 WHITE T-LIGHT CANDLES,merchandise,3699,1470.42,193,134,0.4,12,2009-12-01,2010-11-14,705,1902
21205,MULTICOLOUR 3D BALLS GARLAND,merchandise,602,1470.3,109,86,2.44,25,2009-12-02,2011-12-02,2350,1903
23394,POSTE FRANCE CUSHION COVER,merchandise,392,1470.0,119,90,3.75,4,2011-09-04,2011-12-08,2677,1904
21541,DINOSAURS WATER TRANSFER TATTOOS,merchandise,1782,1469.9,147,119,0.82,12,2009-12-01,2010-11-15,1316,1905
21284,RETROSPOT CANDLE  SMALL,merchandise,1493,1467.73,95,80,0.98,23,2009-12-03,2011-12-08,1484,1906
21785,RAIN PONCHO,merchandise,1974,1466.9,78,71,0.74,15,2009-12-05,2011-02-15,1222,1907
21384,IVORY HANGING DECORATION  BUTTERFLY,merchandise,1733,1466.81,113,99,0.85,6,2009-12-02,2010-05-19,1345,1908
22912,YELLOW COAT RACK PARIS FASHION,merchandise,319,1465.29,98,81,4.59,13,2010-11-19,2011-11-28,2846,1909
21925,UNION STRIPE CUSHION COVER,merchandise,1190,1464.7,154,100,1.23,21,2010-04-11,2011-12-06,1709,1910
84789,ENCHANTED BIRD PLANT CAGE,merchandise,432,1464.0,112,81,3.39,19,2009-12-06,2011-07-21,2603,1911
22929,SCHOOL DESK AND CHAIR,merchandise,23,1459.75,17,17,63.47,8,2010-11-24,2011-10-26,4125,1912
22052,VINTAGE CARAVAN GIFT WRAP,merchandise,3521,1458.82,124,105,0.41,18,2009-12-04,2011-07-11,733,1913
84795A,PASTEL STRIPE HAMMOCK,merchandise,194,1458.3,56,34,7.52,8,2009-12-06,2010-08-04,3213,1914
22517,CHILDS GARDEN RAKE PINK,merchandise,772,1458.18,125,106,1.89,22,2010-03-26,2011-12-06,2146,1915
23391,I LOVE LONDON MINI RUCKSACK,merchandise,360,1454.0,69,58,4.04,4,2011-09-11,2011-12-08,2732,1916
21146,ANTIQUE GLASS RIDGED HANGING BALL,merchandise,775,1453.65,52,47,1.88,5,2009-12-02,2010-11-02,2142,1917
21251,DINOSAUR HEIGHT CHART STICKER SET,merchandise,546,1453.5,102,91,2.66,24,2009-12-02,2011-11-25,2428,1918
21262,WHITE GOOSE FEATHER CHRISTMAS TREE,merchandise,464,1452.8,81,69,3.13,15,2009-12-02,2011-12-08,2530,1919
22976,CIRCUS PARADE CHILDRENS EGG CUP,merchandise,1158,1452.34,118,81,1.25,14,2010-11-24,2011-12-09,1730,1920
85177,BASKET OF FLOWERS SEWING KIT,merchandise,1777,1452.31,112,87,0.82,24,2009-12-02,2011-12-05,1318,1921
84472,PINK AND LILAC QUILTED THROW,merchandise,33,1450.4,25,23,43.95,6,2009-12-01,2010-05-11,4002,1922
21972,SET OF 36 DINOSAUR PAPER DOILIES,merchandise,1000,1450.0,133,105,1.45,23,2009-12-02,2011-11-30,1877,1923
22679,"FRENCH BLUE METAL DOOR SIGN, 4",merchandise,1155,1445.57,156,88,1.25,17,2010-08-17,2011-12-06,1735,1924
23287,RED VINTAGE SPOT BEAKER,merchandise,1774,1445.5,146,114,0.81,7,2011-06-13,2011-12-06,1321,1925
84619,BLUE GINGHAM ROSE QUILT,merchandise,69,1444.15,26,22,20.93,4,2009-12-02,2010-03-03,3736,1926
21542,WOODLAND WATER TRANSFER TATTOOS,merchandise,1748,1443.4,145,112,0.83,10,2009-12-03,2010-10-10,1334,1927
22157,ANGEL DECORATION WITH LACE PADDED,merchandise,1698,1443.3,112,88,0.85,10,2009-12-02,2011-08-31,1364,1928
90062,CARNIVAL BRACELET,merchandise,114,1443.25,38,33,12.66,13,2009-12-01,2011-04-10,3470,1929
21332,MOROCCAN BEATEN METAL MIRROR,merchandise,262,1442.9,42,36,5.51,16,2009-12-04,2011-08-15,2998,1930
23524,WALL ART HORSE & PONY,merchandise,465,1441.98,51,42,3.1,3,2011-10-02,2011-12-09,2527,1931
21446,12 RED ROSE PEG PLACE SETTINGS,merchandise,1159,1439.63,182,122,1.24,25,2009-12-03,2011-12-08,1729,1932
22204,MILK PAN BLUE RETROSPOT,merchandise,413,1439.41,97,66,3.49,24,2009-12-03,2011-12-08,2641,1933
21550,CERAMIC BIRDHOUSE CRESTED TIT LARGE,merchandise,285,1437.75,56,42,5.04,6,2009-12-02,2010-05-21,2941,1934
21399,BLUE POLKADOT COFFEE MUG,merchandise,2342,1437.24,95,76,0.61,17,2009-12-04,2011-06-05,1032,1935
20893,HANGING BAUBLE T-LIGHT HOLDER SMALL,merchandise,646,1437.15,63,41,2.22,22,2009-12-03,2011-12-04,2297,1936
44230,SQUARE MIRROR CURTAIN,merchandise,207,1434.18,44,25,6.93,10,2009-12-01,2010-10-10,3175,1937
21356,TOAST ITS - FAIRY FLOWER,merchandise,1165,1432.2,177,116,1.23,25,2009-12-01,2011-12-05,1725,1938
21382,SET/4 SPRING FLOWER DECORATION,merchandise,1135,1432.05,114,78,1.26,18,2010-05-16,2011-12-01,1751,1939
21292,SMALL STRIPES CHOCOLATE GIFT BAG,merchandise,2465,1430.93,82,69,0.58,20,2009-12-08,2011-12-06,990,1940
21869,POTTING SHED COFFEE MUG,merchandise,1245,1430.85,103,82,1.15,6,2009-12-01,2010-05-23,1654,1941
21066,VINTAGE RED MUG,merchandise,2258,1429.96,110,81,0.63,25,2009-12-01,2011-12-01,1071,1942
23267,SET OF 4 SANTA PLACE SETTINGS,merchandise,1158,1427.34,91,79,1.23,7,2011-06-23,2011-12-08,1731,1943
21634,ASSORTED MINI MADRAS NOTEBOOK,merchandise,1718,1425.1,49,42,0.83,20,2009-12-04,2011-10-16,1353,1944
79323B,BLACK CHERRY LIGHTS,merchandise,231,1421.45,48,35,6.15,7,2009-12-01,2011-02-11,3103,1945
21894,POTTING SHED SEED ENVELOPES,merchandise,1161,1421.38,151,120,1.22,25,2009-12-11,2011-12-08,1726,1946
85198,ASSORTED FARMYARD ANIMALS IN BUCKET,merchandise,3824,1421.24,38,37,0.37,11,2009-12-07,2011-05-18,681,1947
21711,FOLDING UMBRELLA WHITE/RED POLKADOT,merchandise,360,1416.4,54,51,3.93,21,2009-12-01,2011-11-24,2733,1948
22288,HANGING METAL RABBIT DECORATION,merchandise,1265,1416.25,86,75,1.12,13,2010-01-05,2011-11-22,1641,1949
22261,FELT EGG COSY WHITE RABBIT,merchandise,1754,1413.42,150,126,0.81,19,2010-01-04,2011-12-05,1329,1950
37343,SPOTS DESIGN MUG W PINK INSIDE,merchandise,974,1412.1,73,55,1.45,15,2009-12-01,2011-03-09,1906,1952
21631,HIPPY CHIC DECORATIVE PARASOL,merchandise,206,1412.1,42,38,6.85,18,2009-12-09,2011-11-17,3179,1951
22719,GUMBALL MONOCHROME COAT RACK,merchandise,1253,1411.21,109,69,1.13,13,2010-04-25,2011-04-28,1649,1953
22137,BATHROOM SET LOVE HEART DESIGN,merchandise,584,1410.8,31,24,2.42,15,2009-12-16,2011-08-11,2370,1954
48195,DOOR MAT GREEN PAISLEY,merchandise,253,1409.11,73,56,5.57,7,2009-12-01,2010-06-03,3023,1955
85167B,BLACK GRAND BAROQUE PHOTO FRAME,merchandise,717,1408.65,52,38,1.96,16,2009-12-15,2011-04-08,2212,1956
21286,RETROSPOT CANDLE  LARGE,merchandise,962,1407.82,67,56,1.46,16,2009-12-02,2011-12-08,1923,1957
84919,L BLUE C/COVER W PINK/YELLOW FLOWER,merchandise,260,1407.0,21,20,5.41,11,2009-12-09,2011-06-08,3001,1958
22608,PENS ASSORTED FUNKY JEWELED,merchandise,5401,1406.29,98,75,0.26,20,2010-02-26,2011-12-07,487,1959
21392,RED SPOTTY PUDDING BOWL,merchandise,7529,1404.51,37,32,0.19,12,2009-12-03,2011-03-17,331,1960
85194L,HANGING SPRING FLOWER EGG LARGE,merchandise,1713,1399.89,109,93,0.82,13,2009-12-07,2011-11-22,1358,1961
72816,SET/3 CHRISTMAS DECOUPAGE CANDLES,merchandise,1293,1397.95,75,65,1.08,8,2009-12-01,2011-10-17,1615,1962
47503A,ASS FLORAL PRINT MULTI SCREWDRIVER,merchandise,2846,1396.61,191,146,0.49,19,2010-04-21,2011-11-28,882,1963
23368,SET 12 COLOUR PENCILS DOLLY GIRL,merchandise,2152,1396.4,178,134,0.65,4,2011-09-22,2011-12-08,1124,1964
23527,WALL ART ANIMALS AND NATURE,merchandise,415,1394.97,43,40,3.36,3,2011-10-03,2011-12-09,2636,1965
22390,PAPERWEIGHT CHILDHOOD MEMORIES,merchandise,801,1393.52,73,56,1.74,22,2010-03-26,2011-12-08,2112,1966
84665,SQUARE CHERRY BLOSSOM CABINET,merchandise,230,1388.5,47,25,6.04,17,2009-12-09,2011-11-08,3109,1967
84843,WHITE SOAP RACK WITH 2 BOTTLES,merchandise,249,1387.95,86,66,5.57,24,2010-01-11,2011-12-07,3034,1968
22316,200 BENDY SKULL STRAWS,merchandise,1238,1387.9,95,62,1.12,24,2009-12-09,2011-12-06,1661,1969
22599,CHRISTMAS MUSICAL ZINC STAR,merchandise,2577,1387.49,131,114,0.54,11,2010-07-25,2011-12-08,964,1970
84795D,SEASIDE STRIPE HAMMOCK,merchandise,179,1387.05,73,53,7.75,8,2009-12-04,2010-08-03,3261,1971
21662,VINTAGE GLASS COFFEE CADDY,merchandise,239,1386.05,78,58,5.8,20,2009-12-04,2011-08-15,3077,1972
22323,PINK POLKADOT KIDS BAG,merchandise,570,1383.9,73,57,2.43,13,2009-12-03,2011-01-12,2386,1973
23528,WALL ART SPACEBOY,merchandise,462,1381.38,34,30,2.99,3,2011-10-03,2011-12-01,2534,1974
84819,DANISH ROSE ROUND SEWING BOX,merchandise,912,1381.04,94,82,1.51,23,2009-12-06,2011-12-09,1981,1975
85170A,SET/6 IVORY BIRD T-LIGHT CANDLES,merchandise,800,1380.42,62,45,1.73,13,2009-12-01,2010-12-07,2113,1976
22093,MOTORING TISSUE BOX,merchandise,2335,1378.21,247,179,0.59,24,2009-12-01,2011-12-06,1036,1977
85180A,RED HEARTS LIGHT CHAIN,merchandise,553,1377.53,66,60,2.49,19,2009-12-03,2011-12-05,2419,1978
22682,"FRENCH BLUE METAL DOOR SIGN, 7",merchandise,1096,1370.61,138,84,1.25,17,2010-08-17,2011-12-06,1779,1979
21282,NATURAL BARK CANDLE LARGE,merchandise,337,1369.25,59,49,4.06,12,2009-12-02,2010-11-14,2793,1980
22103,MIRROR MOSAIC T-LIGHT HOLDER ROUND,merchandise,1598,1368.54,50,43,0.86,20,2009-12-01,2011-10-24,1424,1981
23086,ZINC STAR T-LIGHT HOLDER,merchandise,1191,1367.79,36,31,1.15,8,2011-05-16,2011-12-05,1708,1982
20768,GREEN FERN JOURNAL,merchandise,705,1365.46,117,98,1.94,25,2009-12-01,2011-12-06,2227,1983
23546,WRAP PAISLEY PARK,merchandise,3250,1365.0,120,106,0.42,6,2011-07-19,2011-12-08,792,1984
22050,PINK PAISLEY ROSE GIFT WRAP,merchandise,3325,1364.5,115,100,0.41,25,2009-12-04,2011-12-05,778,1985
23348,CHILDRENS TOY COOKING UTENSIL SET,merchandise,676,1363.16,122,95,2.02,4,2011-08-26,2011-11-23,2254,1986
85116,BLACK CANDELABRA T-LIGHT HOLDER,merchandise,1365,1362.86,52,40,1.0,18,2009-12-04,2011-10-14,1554,1987
21675,BUTTERFLIES STICKERS,merchandise,1601,1362.41,160,124,0.85,23,2009-12-08,2011-12-05,1423,1988
20766,GARDEN PATH SKETCHBOOK,merchandise,479,1360.98,123,100,2.84,25,2009-12-04,2011-12-04,2514,1989
84965B,BLUE KASHMIRI COFFEE TABLE,merchandise,27,1359.95,4,3,50.37,3,2010-02-22,2010-11-02,4068,1990
22396,MAGNETS PACK OF 4 RETRO PHOTO,merchandise,1843,1359.19,159,122,0.74,22,2010-03-26,2011-12-06,1282,1991
23250,VINTAGE RED TRIM ENAMEL BOWL,merchandise,1103,1358.59,89,64,1.23,7,2011-06-14,2011-12-08,1774,1992
21532,DAIRY MAID SUGAR JAM BOWL,merchandise,1372,1358.4,76,58,0.99,11,2009-12-01,2010-10-11,1550,1993
21579,LOLITA  DESIGN  COTTON TOTE BAG,merchandise,967,1358.15,91,80,1.4,23,2009-12-01,2011-12-06,1917,1994
23104,IVORY PANTRY HANGING LAMP,merchandise,116,1355.5,44,38,11.69,8,2011-05-11,2011-12-07,3458,1995
85071A,BLUE CHARLIE+LOLA PERSONAL DOORSIGN,merchandise,1845,1354.11,124,106,0.73,23,2009-12-01,2011-12-06,1280,1996
21576,LETS GO SHOPPING COTTON TOTE BAG,merchandise,610,1353.92,144,118,2.22,24,2009-12-01,2011-12-08,2340,1997
22099,CARAVAN SQUARE TISSUE BOX,merchandise,2038,1352.92,214,168,0.66,25,2009-12-04,2011-12-08,1188,1998
21278,VINTAGE KITCHEN PRINT PUDDINGS,merchandise,2695,1352.25,70,63,0.5,16,2009-12-10,2011-07-15,921,1999
21190,PINK HEARTS PAPER GARLAND,merchandise,868,1351.2,84,71,1.56,16,2009-12-13,2011-11-25,2035,2000
22545,MINI JIGSAW BUNNIES AT HOME,merchandise,3378,1348.17,132,106,0.4,22,2010-03-26,2011-12-09,765,2001
23414,ZINC BOX SIGN HOME,merchandise,139,1348.01,62,58,9.7,3,2011-09-05,2011-11-30,3383,2002
23334,IVORY WICKER HEART SMALL,merchandise,2154,1345.5,95,83,0.62,5,2011-08-08,2011-12-09,1122,2003
21279,VINTAGE KITCHEN PRINT FRUITS,merchandise,3471,1343.85,56,51,0.39,21,2009-12-03,2011-12-04,742,2004
22681,"FRENCH BLUE METAL DOOR SIGN, 6",merchandise,1073,1343.07,132,79,1.25,17,2010-08-17,2011-12-05,1799,2005
21426,WOODLAND STORAGE BOX SMALL,merchandise,963,1340.7,51,44,1.39,20,2009-12-01,2011-11-30,1921,2006
21395,BLUE SPOTTY BEAKER,merchandise,2932,1340.04,100,79,0.46,19,2009-12-07,2011-11-03,861,2007
21991,BOHEMIAN COLLAGE STATIONERY SET,merchandise,876,1339.88,137,109,1.53,22,2009-12-06,2011-12-07,2028,2008
21289,LARGE STRIPES CHOCOLATE GIFT BAG,merchandise,1274,1338.9,60,52,1.05,19,2009-12-08,2011-11-27,1635,2009
22324,BLUE POLKADOT KIDS BAG,merchandise,555,1338.21,67,53,2.41,24,2009-12-04,2011-12-05,2416,2010
22068,BLACK PIRATE TREASURE CHEST,merchandise,940,1333.38,179,111,1.42,24,2009-12-01,2011-12-09,1946,2011
21910,WAY OUT METAL SIGN,merchandise,1035,1333.35,101,84,1.29,15,2009-12-03,2011-02-16,1840,2012
22051,BLUE SCANDINAVIAN PAISLEY WRAP,merchandise,3200,1328.0,116,95,0.41,24,2009-12-01,2011-11-24,804,2013
84854,GIRLY PINK TOOL SET,merchandise,285,1326.75,57,42,4.66,11,2009-12-01,2010-12-01,2942,2014
22317,FIVE CATS HANGING DECORATION,merchandise,450,1324.02,96,83,2.94,23,2009-12-04,2011-11-28,2560,2015
21159,MOODY BOY  DOOR HANGER,merchandise,2072,1323.84,214,146,0.64,25,2009-12-01,2011-12-09,1171,2016
23470,CARD HOLDER LOVE BIRD LARGE,merchandise,220,1323.4,75,70,6.02,3,2011-10-02,2011-12-05,3131,2017
85160A,WHITE BIRD GARDEN DESIGN MUG,merchandise,8800,1323.2,22,20,0.15,10,2009-12-16,2010-11-21,274,2018
21807,WHITE CHRISTMAS STAR DECORATION,merchandise,3166,1321.08,132,114,0.42,12,2009-12-01,2011-10-31,810,2019
23040,PAPER LANTERN 9 POINT SNOW STAR,merchandise,246,1318.5,36,33,5.36,9,2011-04-28,2011-12-09,3052,2020
22287,DECORATION WOBBLY CHICKEN,merchandise,1284,1317.66,89,81,1.03,16,2009-12-03,2011-12-01,1628,2021
23034,DRAWER KNOB CERAMIC BLACK,merchandise,935,1314.95,78,57,1.41,7,2011-06-14,2011-12-09,1954,2022
21059,PARTY INVITES DINOSAURS,merchandise,1574,1314.5,198,158,0.84,25,2009-12-06,2011-12-06,1440,2023
23271,CHRISTMAS TABLE SILVER CANDLE SPIKE,merchandise,1619,1314.33,75,69,0.81,6,2011-06-13,2011-12-07,1409,2024
21051,RIBBONS PURSE,merchandise,665,1312.43,93,79,1.97,20,2009-12-03,2011-12-08,2268,2025
22683,"FRENCH BLUE METAL DOOR SIGN, 8",merchandise,1047,1310.57,137,88,1.25,17,2010-08-17,2011-12-02,1824,2026
22337,ANGEL DECORATION PAINTED ZINC,merchandise,2189,1307.65,82,67,0.6,12,2009-12-01,2011-12-02,1102,2027
37441,ASSORTED WHITE EMBOSSED CHINA MUGS,merchandise,674,1307.4,39,31,1.94,8,2009-12-03,2010-08-02,2258,2028
22982,PANTRY PASTRY BRUSH,merchandise,1044,1307.05,146,120,1.25,10,2011-03-02,2011-12-08,1825,2029
22984,"CARD, GINGHAM ROSE",merchandise,3230,1305.58,184,115,0.4,16,2010-09-12,2011-12-06,797,2030
20993,JAZZ HEARTS MEMO PAD,merchandise,10945,1305.49,24,23,0.12,4,2009-12-09,2010-03-05,204,2031
21198,WHITE HEART CONFETTI IN TUBE,merchandise,1190,1304.46,82,75,1.1,23,2009-12-18,2011-12-07,1710,2032
35004G,SET OF 3 GOLD FLYING DUCKS,merchandise,351,1303.61,64,46,3.71,21,2009-12-03,2011-12-07,2762,2033
35809A,ENAMEL PINK TEA CONTAINER,merchandise,1037,1297.81,110,76,1.25,19,2009-12-03,2011-06-08,1836,2034
84616,SILVER ROCCOCO CHANDELIER,merchandise,69,1297.75,22,19,18.81,13,2009-12-16,2011-11-22,3737,2035
21157,RED SPOTTY WASHBAG,merchandise,620,1297.08,109,66,2.09,18,2009-12-03,2011-10-25,2326,2036
21358,TOAST ITS - HAPPY BIRTHDAY,merchandise,1042,1295.3,158,130,1.24,25,2009-12-02,2011-12-06,1829,2037
47503K,ASSORTED FLORAL SECATEURS,merchandise,3141,1293.75,33,29,0.41,7,2009-12-02,2010-06-21,813,2038
35241,ENAMEL BLUE RIM BISCUIT BIN,merchandise,273,1291.15,94,75,4.73,18,2009-12-02,2011-05-03,2970,2039
22393,PAPERWEIGHT VINTAGE COLLAGE,merchandise,800,1289.23,89,75,1.61,21,2010-03-26,2011-12-08,2114,2040
21684,SMALL MEDINA STAMPED METAL BOWL,merchandise,1692,1288.61,88,65,0.76,25,2009-12-01,2011-12-09,1369,2041
23055,IVORY CHANDELIER T-LIGHT HOLDER,merchandise,560,1286.72,36,33,2.3,8,2011-04-19,2011-11-15,2406,2042
21828,EIGHT PIECE SNAKE  SET,merchandise,1062,1286.46,146,107,1.21,25,2009-12-01,2011-12-07,1807,2043
84510B,SET OF 4 FAIRY CAKES COASTERS,merchandise,1094,1285.8,96,71,1.18,8,2009-12-02,2010-07-07,1780,2044
22685,"FRENCH BLUE METAL DOOR SIGN, 0",merchandise,1029,1285.65,127,82,1.25,17,2010-08-17,2011-12-02,1845,2045
21837,CROSS STITCH ALPHABET CUSHION COVER,merchandise,216,1285.2,70,61,5.95,6,2009-12-01,2010-05-18,3148,2046
35810A,ENAMEL PINK COFFEE CONTAINER,merchandise,1117,1282.36,104,72,1.15,22,2009-12-03,2011-10-30,1762,2047
85006,SET 4 NURSERY DES ROUND BOXES,merchandise,3047,1280.45,35,32,0.42,13,2009-12-01,2011-04-27,838,2048
21661,VINTAGE GLASS TEA CADDY,merchandise,219,1279.05,78,55,5.84,14,2009-12-04,2011-02-22,3135,2049
21011,GLITTER SNOW PEAR TREE DECORATION,merchandise,1792,1275.88,101,84,0.71,8,2009-12-02,2010-12-08,1308,2050
23119,PACK OF 6 LARGE FRUIT STRAWS,merchandise,2155,1275.71,116,97,0.59,7,2011-06-17,2011-12-05,1121,2051
23000,TRAVEL CARD WALLET TRANSPORT,merchandise,3042,1274.76,205,125,0.42,11,2011-02-16,2011-12-09,842,2052
23249,VINTAGE RED ENAMEL TRIM PLATE,merchandise,790,1274.7,68,57,1.61,7,2011-06-14,2011-12-07,2123,2053
23538,WALL ART VINTAGE HEART,merchandise,326,1273.92,27,25,3.91,3,2011-10-03,2011-12-08,2818,2054
20760,GARDEN PATH POCKET BOOK,merchandise,5488,1273.6,59,47,0.23,19,2009-12-04,2011-11-24,476,2055
22308,TEA COSY BLUE STRIPE,merchandise,515,1273.39,98,75,2.47,24,2009-12-03,2011-12-08,2476,2056
21199,PINK  HEART CONFETTI IN TUBE,merchandise,1170,1271.46,93,86,1.09,23,2009-12-07,2011-12-02,1721,2057
22923,FRIDGE MAGNETS LES ENFANTS ASSORTED,merchandise,1569,1271.25,84,70,0.81,14,2010-11-19,2011-12-08,1443,2058
23378,PACK OF 12 50'S CHRISTMAS TISSUES,merchandise,3413,1270.59,144,127,0.37,4,2011-09-01,2011-12-08,755,2059
20738,GREEN MINI TAPE MEASURE,merchandise,1585,1270.55,65,46,0.8,12,2009-12-03,2010-11-09,1433,2060
85141,JARDIN ETCHED GLASS FRUITBOWL,merchandise,180,1267.4,69,57,7.04,18,2009-12-15,2011-06-16,3258,2061
17091A,LAVENDER INCENSE IN TIN,merchandise,2080,1264.4,110,78,0.61,18,2009-12-06,2011-05-18,1167,2062
85071B,RED CHARLIE+LOLA PERSONAL DOORSIGN,merchandise,2387,1263.05,139,123,0.53,23,2009-12-01,2011-12-08,1021,2063
22543,MINI JIGSAW BAKE A CAKE,merchandise,3247,1262.83,87,72,0.39,21,2010-03-26,2011-12-08,793,2064
22977,DOLLY GIRL CHILDRENS EGG CUP,merchandise,1009,1262.46,116,101,1.25,14,2010-11-24,2011-12-05,1861,2065
21644,ASSORTED TUTTI FRUTTI HEART BOX,merchandise,1008,1260.0,116,72,1.25,23,2009-12-03,2011-11-27,1866,2066
22123,PING MICROWAVE APRON,merchandise,561,1257.75,91,77,2.24,20,2009-12-02,2011-12-09,2402,2067
21842,PINK HEART CANDY BUTTON CALCULATOR,merchandise,541,1257.15,38,32,2.32,4,2009-12-01,2010-03-04,2433,2068
23469,CARD HOLDER LOVE BIRD SMALL,merchandise,320,1255.76,63,61,3.92,4,2011-09-30,2011-12-08,2844,2069
22267,EASTER DECORATION EGG BUNNY,merchandise,1457,1255.43,105,91,0.86,16,2009-12-07,2011-12-05,1501,2070
85200,BUNNY EGG BOX,merchandise,1007,1253.95,94,81,1.25,8,2009-12-07,2011-04-18,1870,2071
22339,CHRISTMAS TREE PAINTED ZINC,merchandise,3332,1251.14,102,86,0.38,14,2009-12-02,2011-11-20,777,2072
35637A,IVORY STRING CURTAIN WITH POLE,merchandise,541,1250.95,45,41,2.31,18,2009-12-13,2011-11-27,2434,2073
37342,SPOTTY COFFEE CUP & SAUCER,merchandise,1471,1248.49,71,56,0.85,16,2010-02-18,2011-09-02,1497,2074
20933,YELLOW POT PLANT CANDLE,merchandise,493,1245.15,42,38,2.53,16,2009-12-11,2011-12-08,2499,2075
22917,HERB MARKER ROSEMARY,merchandise,1933,1244.45,198,138,0.64,14,2010-11-21,2011-12-08,1240,2076
72818,CHRISTMAS DECOUPAGE CANDLE,merchandise,2384,1242.86,106,82,0.52,9,2009-12-02,2011-10-31,1023,2077
22756,LARGE YELLOW BABUSHKA NOTEBOOK,merchandise,1136,1242.46,172,124,1.09,17,2010-08-08,2011-12-08,1750,2078
23373,VINTAGE CHRISTMAS PAPER GIFT BAG,merchandise,1563,1241.66,88,86,0.79,5,2011-08-02,2011-12-05,1447,2079
23221,REINDEER HEART DECORATION SILVER,merchandise,1461,1241.59,110,85,0.85,7,2011-06-02,2011-12-08,1498,2080
21867,PINK UNION JACK  LUGGAGE TAG,merchandise,993,1240.46,200,122,1.25,25,2009-12-01,2011-12-08,1886,2081
23505,PLAYING CARDS I LOVE LONDON,merchandise,1058,1238.5,104,93,1.17,4,2011-09-22,2011-12-08,1813,2082
22786,PILLOWCUSHION COVER PINK UNION JACK,merchandise,219,1237.09,75,62,5.65,13,2010-10-17,2011-12-07,3136,2083
85159B,"WHITE TEA,COFFEE,SUGAR JARS",merchandise,638,1236.1,68,53,1.94,18,2010-05-21,2011-11-30,2309,2084
22181,SNOWSTORM PHOTO FRAME FRIDGE MAGNET,merchandise,1512,1235.28,104,85,0.82,23,2009-12-02,2011-11-29,1475,2085
21285,RETROSPOT CANDLE  MEDIUM,merchandise,974,1232.42,73,56,1.27,20,2009-12-03,2011-12-08,1907,2086
84748,FOLK FELT HANGING MULTICOL GARLAND,merchandise,980,1231.8,31,27,1.26,13,2009-12-18,2011-11-28,1897,2087
84466,TOP SECRET PEN SET,merchandise,1210,1231.7,49,34,1.02,11,2009-12-01,2011-07-14,1688,2088
21689,SILVER VANILLA  FLOWER CANDLE POT,merchandise,338,1230.06,55,49,3.64,22,2009-12-07,2011-12-06,2791,2089
20761,BLUE PAISLEY SKETCHBOOK,merchandise,419,1229.87,116,93,2.94,25,2009-12-02,2011-12-07,2631,2090
22182,CAKE STAND VICTORIAN FILIGREE SMALL,merchandise,359,1229.05,65,58,3.42,18,2009-12-02,2011-12-09,2739,2091
20825,GOLD WINE GLASS,merchandise,360,1229.04,6,5,3.41,5,2009-12-01,2010-11-14,2734,2092
21926,RED/CREAM STRIPE CUSHION COVER,merchandise,992,1224.8,136,90,1.23,20,2010-04-11,2011-12-08,1888,2093
22915,ASSORTED BOTTLE TOP  MAGNETS,merchandise,3228,1223.16,141,116,0.38,14,2010-11-19,2011-12-09,798,2094
85125,SMALL ROUND CUT GLASS CANDLESTICK,merchandise,267,1222.95,43,32,4.58,17,2009-12-01,2011-11-27,2987,2095
21549,CERAMIC BIRDHOUSE RED ROOF SMALL,merchandise,539,1222.85,44,36,2.27,5,2009-12-01,2010-04-13,2438,2096
22916,HERB MARKER THYME,merchandise,1896,1220.4,193,135,0.64,14,2010-11-21,2011-12-08,1260,2097
85032A,ROMANTIC IMAGES GIFT WRAP SET,merchandise,1389,1213.15,118,103,0.87,21,2009-12-02,2011-12-08,1542,2098
72817,SET/2 CHRISTMAS DECOUPAGE CANDLES,merchandise,1252,1211.84,122,97,0.97,12,2009-12-02,2011-11-23,1650,2099
72232,FENG SHUI PILLAR CANDLE,merchandise,6378,1211.82,118,72,0.19,25,2009-12-06,2011-12-09,391,2100
85162A,SILVER RETRODISC LAMPSHADE,merchandise,605,1211.75,19,14,2.0,7,2009-12-01,2010-06-08,2345,2101
21383,PACK OF 12 STICKY BUNNIES,merchandise,1880,1210.0,190,169,0.64,22,2010-01-12,2011-12-08,1266,2102
84823,DANISH ROSE FOLDING CHAIR,merchandise,120,1210.0,29,29,10.08,7,2010-04-26,2011-02-07,3444,2103
23366,SET 12 COLOURING PENCILS DOILY,merchandise,1919,1208.95,141,115,0.63,4,2011-09-22,2011-12-08,1247,2104
79191C,RETRO PLASTIC ELEPHANT TRAY,merchandise,1568,1206.08,131,107,0.77,25,2009-12-02,2011-12-06,1444,2105
23138,SINGLE WIRE HOOK IVORY HEART,merchandise,870,1201.9,75,60,1.38,8,2011-04-21,2011-11-22,2034,2106
20704,MR ROBOT SOFT TOY,merchandise,345,1200.95,64,60,3.48,23,2009-12-06,2011-12-09,2773,2107
22097,SWALLOW SQUARE TISSUE BOX,merchandise,2037,1200.79,211,158,0.59,25,2009-12-02,2011-12-08,1189,2108
23444,Next Day Carriage,merchandise,79,1200.0,79,63,15.19,8,2011-05-26,2011-12-08,3676,2109
84816,DANISH ROSE BEDSIDE CABINET,merchandise,31,1198.45,18,18,38.66,14,2010-02-11,2011-08-19,4027,2110
40003,WHITE BAMBOO RIBS LAMPSHADE,merchandise,1130,1196.5,48,34,1.06,17,2010-01-19,2011-06-06,1754,2112
22761,CHEST 7 DRAWER MA CAMPAGNE,merchandise,50,1196.5,31,27,23.93,13,2010-10-19,2011-12-02,3854,2111
35649,VINTAGE BEAD COSMETIC BAG,merchandise,1776,1195.82,21,20,0.67,13,2009-12-02,2011-11-10,1319,2113
84830,LARGE ENGLISH ARBORETUM,merchandise,113,1195.15,7,7,10.58,4,2009-12-05,2010-03-07,3480,2114
22269,EGG CUP NATURAL CHICKEN,merchandise,1400,1194.64,149,107,0.85,25,2009-12-17,2011-12-07,1532,2115
20762,GREEN FERN SKETCHBOOK,merchandise,422,1194.21,111,88,2.83,24,2009-12-04,2011-12-06,2621,2116
21248,DOOR HANGER  MUM + DADS ROOM,merchandise,1008,1192.8,132,106,1.18,25,2009-12-01,2011-12-09,1867,2117
20986,BLUE CALCULATOR RULER,merchandise,1009,1192.51,130,94,1.18,25,2009-12-02,2011-12-08,1862,2118
72800B,S/4 PURPLE DINNER CANDLE BLK FLOCK,merchandise,974,1190.98,77,52,1.22,21,2009-12-04,2011-12-08,1908,2119
22389,PAPERWEIGHT SAVE THE PLANET,merchandise,636,1190.76,80,74,1.87,20,2010-03-30,2011-12-08,2312,2120
77101A,UNION FLAG WINDSOCK,merchandise,1056,1185.48,69,55,1.12,16,2009-12-06,2011-03-21,1815,2121
85231G,ORANGE SCENTED SET/9 T-LIGHTS,merchandise,1421,1184.45,208,139,0.83,23,2009-12-01,2011-10-04,1521,2122
22252,BIRDCAGE DECORATION TEALIGHT HOLDER,merchandise,962,1183.06,112,85,1.23,25,2009-12-10,2011-12-09,1924,2123
21317,GLASS SPHERE CANDLE STAND MEDIUM,merchandise,329,1181.25,64,56,3.59,20,2009-12-13,2011-12-06,2812,2124
20731,POSY CANDY BAG,merchandise,4101,1180.25,46,40,0.29,18,2009-12-07,2011-06-20,646,2125
23071,MARIE ANTOINETTE TRINKET BOX GOLD,merchandise,313,1180.1,17,16,3.77,6,2011-04-20,2011-10-26,2862,2126
22999,TRAVEL CARD WALLET VINTAGE LEAF,merchandise,2809,1178.34,185,108,0.42,11,2011-02-17,2011-12-08,890,2127
23061,VINTAGE ENGRAVED HEART,merchandise,946,1177.46,88,76,1.24,9,2011-04-19,2011-12-06,1941,2128
84856L,LARGE TAHITI BEACH BAG,merchandise,211,1177.45,55,46,5.58,11,2009-12-17,2010-11-10,3160,2129
21438,TUB 24 HANGING EASTER EGGS SPOTTY,merchandise,360,1177.2,33,33,3.27,4,2009-12-03,2010-03-18,2735,2130
22048,BIRTHDAY BANQUET GIFT WRAP,merchandise,2840,1176.8,102,93,0.41,24,2009-12-04,2011-12-05,883,2131
21822,GLITTER CHRISTMAS TREE WITH BELLS,merchandise,905,1175.05,97,73,1.3,10,2009-12-01,2011-12-07,1991,2132
23598,PAPER BUNTING VINTAGE PARTY,merchandise,420,1175.0,42,40,2.8,2,2011-11-10,2011-12-09,2624,2133
21774,DECORATIVE CATS BATHROOM BOTTLE,merchandise,1273,1174.01,108,79,0.92,24,2009-12-04,2011-11-29,1637,2134
22918,HERB MARKER PARSLEY,merchandise,1853,1172.45,194,135,0.63,14,2010-11-21,2011-12-08,1273,2135
85098B,BLUE FLYING SINGING CANARY,merchandise,328,1172.4,84,61,3.57,12,2009-12-03,2010-11-18,2813,2136
22924,FRIDGE MAGNETS LA VIE EN ROSE,merchandise,1434,1172.1,81,69,0.82,14,2010-11-19,2011-12-08,1512,2137
22106,MIRROR MOSAIC HURRICANE LAMP,merchandise,427,1171.85,36,29,2.74,17,2010-01-15,2011-12-01,2612,2138
20840,FRENCH FLORAL CUSHION COVER,merchandise,813,1170.83,60,50,1.44,16,2009-12-18,2011-12-06,2099,2139
21738,COSY SLIPPER SHOES SMALL  RED,merchandise,403,1169.65,103,89,2.9,18,2009-12-01,2011-10-20,2659,2140
84967B,BLUE KASHMIRI OCCASIONAL TABLE,merchandise,23,1169.5,10,8,50.85,7,2010-01-06,2010-11-02,4126,2141
47503E,ASS FLORAL PRINT SCISSORS,merchandise,6828,1169.4,22,21,0.17,7,2009-12-08,2010-09-13,366,2142
22290,STANDING METAL RABBIT WITH EGG,merchandise,657,1168.2,68,60,1.78,4,2009-12-09,2010-03-31,2281,2143
21063,PARTY INVITES JAZZ HEARTS,merchandise,1399,1167.31,198,143,0.83,25,2009-12-01,2011-12-05,1533,2144
22684,"FRENCH BLUE METAL DOOR SIGN, 9",merchandise,934,1166.9,115,81,1.25,17,2010-08-17,2011-12-02,1956,2145
22481,BLACK TEA TOWEL CLASSIC DESIGN,merchandise,1139,1166.49,166,132,1.02,22,2010-03-07,2011-12-09,1747,2146
23392,SPACEBOY ROCKET LOLLY MAKERS,merchandise,587,1165.28,78,70,1.99,4,2011-09-06,2011-12-07,2362,2147
85055,FRENCH ENAMEL UTENSIL HOLDER,merchandise,325,1164.35,79,62,3.58,14,2009-12-01,2011-01-18,2825,2148
21904,HOUSE WRECKING METAL SIGN,merchandise,740,1162.5,130,103,1.57,18,2009-12-08,2011-05-25,2185,2149
79030G,"TUMBLER, NEW ENGLAND",merchandise,1694,1162.14,93,69,0.69,19,2009-12-02,2011-06-02,1365,2150
84596G,SMALL CHOCOLATES PINK BOWL,merchandise,1970,1161.68,222,118,0.59,25,2009-12-01,2011-12-08,1223,2151
21530,DAIRY MAID TOASTRACK,merchandise,918,1160.82,130,99,1.26,25,2009-12-01,2011-12-08,1978,2152
15034,PAPER POCKET TRAVELING FAN,merchandise,9844,1159.76,172,123,0.12,24,2009-12-01,2011-11-28,233,2153
84536B,FAIRY CAKES NOTEBOOK A7 SIZE,merchandise,2882,1158.5,224,131,0.4,25,2009-12-01,2011-12-05,874,2154
21393,BLUE POLKADOT PUDDING BOWL,merchandise,5245,1158.03,38,34,0.22,12,2010-01-08,2011-03-28,507,2155
21763,VINTAGE WOODEN BAR STOOL,merchandise,43,1157.9,17,15,26.93,9,2010-01-31,2011-07-06,3923,2156
20802,SMALL GLASS SUNDAE DISH CLEAR,merchandise,907,1157.79,76,68,1.28,23,2010-01-15,2011-11-28,1987,2157
20729,RED SPOTTY CANDY BAG,merchandise,4626,1154.9,67,39,0.25,7,2009-12-01,2010-06-16,578,2158
23523,WALL ART TREASURE AHOY,merchandise,357,1151.43,38,35,3.23,3,2011-10-03,2011-12-08,2747,2159
22232,JIGSAW TOADSTOOLS 3 PIECE,merchandise,1019,1147.03,114,96,1.13,24,2009-12-01,2011-12-07,1856,2160
70007,HI TEC ALPINE HAND WARMER,merchandise,1107,1144.59,104,87,1.03,19,2009-12-01,2011-12-08,1771,2161
22040,BOTANICAL ROSE GIFT WRAP,merchandise,2815,1144.3,94,82,0.41,23,2009-12-04,2011-11-17,887,2162
23142,IVORY WIRE KITCHEN ORGANISER,merchandise,116,1137.65,36,34,9.81,8,2011-04-21,2011-11-27,3459,2163
23067,HANGING ENGRAVED METAL HEART,merchandise,274,1137.1,71,63,4.15,9,2011-04-26,2011-12-07,2969,2164
20733,GOLD MINI TAPE MEASURE,merchandise,1560,1135.6,101,67,0.73,24,2009-12-03,2011-12-08,1448,2165
85164B,BLACK BAROQUE CUCKOO CLOCK,merchandise,113,1134.75,41,27,10.04,10,2009-12-02,2010-09-29,3481,2166
21773,DECORATIVE ROSE BATHROOM BOTTLE,merchandise,1276,1133.96,106,87,0.89,24,2009-12-03,2011-11-29,1632,2167
21656,RIDGED GLASS POSY VASE,merchandise,821,1132.85,83,66,1.38,17,2009-12-03,2011-04-21,2088,2168
22265,EASTER DECORATION NATURAL CHICK,merchandise,1783,1130.95,134,107,0.63,22,2009-12-02,2011-11-29,1312,2169
85032D,YULETIDE IMAGES GIFT WRAP SET,merchandise,1040,1130.26,90,89,1.09,13,2009-12-02,2011-10-06,1832,2170
23539,WALL ART LOVES' SECRET,merchandise,237,1129.71,35,32,4.77,3,2011-10-03,2011-12-05,3081,2171
22228,BUNNY WOODEN PAINTED WITH BIRD,merchandise,1477,1129.41,175,148,0.76,22,2009-12-03,2011-12-08,1492,2172
23559,WOODLAND BUNNIES LOLLY MAKERS,merchandise,563,1129.28,75,69,2.01,4,2011-09-08,2011-12-07,2397,2173
23507,MINI PLAYING CARDS BUFFALO BILL,merchandise,2839,1128.18,101,91,0.4,4,2011-09-22,2011-12-08,884,2174
23405,HOME SWEET HOME 2 DRAWER CABINET,merchandise,235,1128.05,57,54,4.8,4,2011-09-05,2011-12-07,3088,2175
20765,CHRYSANTHEMUM SKETCHBOOK,merchandise,411,1127.29,120,96,2.74,24,2009-12-01,2011-12-05,2645,2176
17021,NAMASTE SWAGAT INCENSE,merchandise,4316,1127.04,75,45,0.26,24,2010-01-22,2011-12-05,612,2177
22615,PACK OF 12 CIRCUS PARADE TISSUES,merchandise,3787,1125.85,136,110,0.3,20,2010-05-06,2011-12-07,690,2178
85110,BLACK SILVER FLOWER T-LIGHT HOLDER,merchandise,11512,1124.68,19,17,0.1,8,2010-01-12,2010-09-27,195,2179
85130A,BEADED PEARL HEART WHITE LARGE,merchandise,683,1124.55,74,59,1.65,16,2009-12-17,2011-05-23,2247,2180
79163,BLACK CHAMPAGNE GLASS,merchandise,1823,1121.97,56,44,0.62,20,2009-12-02,2011-09-18,1293,2181
21817,GLITTER CHRISTMAS TREE,merchandise,1744,1120.84,121,102,0.64,10,2009-12-01,2011-11-09,1338,2182
21649,ASSORTED TUTTI FRUTTI PHOTO FRAME,merchandise,413,1120.75,23,19,2.71,2,2009-12-01,2010-01-08,2642,2183
85131A,BEADED PEARL HEART WHITE ON STICK,merchandise,1423,1120.43,77,64,0.79,18,2009-12-03,2011-10-30,1519,2184
22808,SET OF 6 T-LIGHTS EASTER CHICKS,merchandise,401,1119.55,61,58,2.79,11,2010-09-20,2011-12-09,2661,2185
85118,HEART T-LIGHT HOLDER,merchandise,2097,1117.89,62,55,0.53,13,2009-12-08,2011-01-13,1158,2186
84658,WHITE STITCHED CUSHION COVER,merchandise,206,1116.38,56,50,5.42,21,2009-12-01,2011-12-06,3180,2187
35598D,PINK/WHITE CHRISTMAS TREE 60CM,merchandise,1667,1115.97,52,43,0.67,17,2009-12-04,2011-12-04,1382,2188
21130,COLOURFUL STANDING GNOME,merchandise,706,1115.7,39,29,1.58,7,2009-12-07,2010-06-30,2225,2189
22919,HERB MARKER MINT,merchandise,1733,1114.45,197,136,0.64,14,2010-11-22,2011-12-08,1346,2190
23431,NATURAL HANGING QUILTED HEARTS,merchandise,1427,1113.13,67,63,0.78,5,2011-08-26,2011-12-01,1517,2191
84674,FLYING PIG WATERING CAN,merchandise,450,1111.5,92,67,2.47,23,2010-01-05,2011-12-05,2561,2192
21803,CHRISTMAS TREE STAR DECORATION,merchandise,2644,1110.48,101,86,0.42,13,2009-12-02,2011-12-09,934,2193
21849,SILVER DIAMANTE PEN IN GIFT BOX,merchandise,478,1109.44,59,46,2.32,20,2009-12-02,2011-12-04,2518,2194
21739,COSY SLIPPER SHOES SMALL GREEN,merchandise,379,1108.84,100,83,2.93,20,2009-12-02,2011-12-08,2702,2195
23506,MINI PLAYING CARDS SPACEBOY,merchandise,2694,1106.28,127,114,0.41,4,2011-09-22,2011-12-08,922,2196
21009,ETCHED GLASS STAR TREE DECORATION,merchandise,885,1106.25,79,72,1.25,5,2009-12-02,2010-10-28,2015,2197
22532,MAGIC SLATE LEAP FROG,merchandise,2892,1105.2,156,130,0.38,22,2010-03-28,2011-12-08,869,2198
22921,HERB MARKER CHIVES,merchandise,1711,1100.15,173,121,0.64,14,2010-11-21,2011-12-08,1360,2199
22422,TOOTHPASTE TUBE PEN,merchandise,2097,1099.15,149,119,0.52,18,2010-05-07,2011-12-08,1159,2200
23072,MARIE ANTOINETTE TRINKET BOX SILVER,merchandise,326,1099.0,22,21,3.37,5,2011-05-08,2011-10-26,2819,2201
21779,MA CAMPAGNE MINI WOODEN CHEST,merchandise,301,1097.8,22,21,3.65,2,2009-12-04,2010-01-15,2895,2202
21312,LARGE CHUNKY GLASS ROMAN BOWL,merchandise,293,1097.75,20,19,3.75,8,2009-12-02,2010-09-12,2915,2203
22253,6 CROCHET STRAWBERRIES,merchandise,937,1096.39,69,62,1.17,5,2009-12-01,2010-04-08,1950,2204
85039A,SET/4 RED MINI ROSE CANDLE IN BOWL,merchandise,1117,1095.35,90,61,0.98,22,2009-12-06,2011-12-07,1763,2205
37482B,CUBIC MUG BLUE POLKA DOT,merchandise,1249,1093.95,7,5,0.88,6,2009-12-05,2010-08-01,1652,2206
35962,SET/12 ZINC CHRISTMAS DECORATIONS,merchandise,520,1092.0,60,52,2.1,7,2009-12-01,2010-10-20,2468,2207
23225,CHERUB HEART DECORATION SILVER,merchandise,1296,1089.6,69,46,0.84,7,2011-06-02,2011-12-05,1613,2208
22709,WRAP WEDDING DAY,merchandise,2775,1089.5,76,68,0.39,17,2010-06-02,2011-12-08,902,2209
22815,CARD PSYCHEDELIC APPLES,merchandise,2626,1085.64,165,111,0.41,16,2010-09-16,2011-12-07,945,2210
22806,SET OF 6 T-LIGHTS WEDDING CAKE,merchandise,422,1085.3,44,42,2.57,14,2010-09-20,2011-12-08,2622,2211
22233,JIGSAW RABBIT AND BIRDHOUSE,merchandise,884,1082.3,127,112,1.22,24,2009-12-09,2011-12-07,2017,2212
17096,ASSORTED LAQUERED INCENSE HOLDERS,merchandise,6157,1081.65,35,25,0.18,16,2009-12-10,2011-07-19,410,2213
21396,RED SPOTTY EGG CUP,merchandise,909,1081.53,58,45,1.19,6,2009-12-02,2010-05-16,1984,2214
84562A,PINK/WHITE RIBBED MELAMINE JUG,merchandise,144,1081.2,63,48,7.51,13,2009-12-03,2011-02-20,3364,2215
22715,CARD WEDDING DAY,merchandise,2646,1081.08,168,125,0.41,17,2010-06-01,2011-11-27,933,2216
85017B,ENVELOPE 50 BLOSSOM IMAGES,merchandise,1859,1080.99,118,98,0.58,23,2009-12-04,2011-11-02,1271,2217
22249,DECORATION WHITE CHICK MAGIC GARDEN,merchandise,1291,1080.71,142,126,0.84,18,2009-12-13,2011-11-28,1617,2218
21802,CHRISTMAS TREE HEART DECORATION,merchandise,2572,1080.24,99,89,0.42,12,2009-12-04,2011-11-21,965,2219
20734,SILVER MINI TAPE MEASURE,merchandise,1379,1079.85,68,50,0.78,12,2009-12-01,2010-11-14,1548,2220
21806,WHITE CHRISTMAS HEART DECORATION,merchandise,2590,1079.16,104,95,0.42,7,2009-12-01,2010-11-29,956,2221
23041,PAPER LANTERN 9 POINT SNOW STAR,merchandise,260,1079.0,48,46,4.15,9,2011-04-28,2011-12-09,3002,2222
16225,RATTLE SNAKE EGGS,merchandise,1420,1078.64,112,90,0.76,24,2009-12-01,2011-12-08,1523,2223
22268,EASTER DECORATION SITTING BUNNY,merchandise,2345,1075.55,151,117,0.46,19,2009-12-13,2011-11-10,1031,2224
21219,SET/4 BADGES BALLOON GIRL,merchandise,858,1075.44,102,77,1.25,25,2009-12-07,2011-12-07,2046,2225
23515,EMBROIDERED RIBBON REEL DAISY,merchandise,558,1075.38,59,58,1.93,4,2011-09-22,2011-12-09,2411,2226
23513,EMBROIDERED RIBBON REEL SUSIE,merchandise,556,1072.96,62,59,1.93,4,2011-09-22,2011-12-05,2413,2227
84396,6 HOOK JEWELLERY STAND BLACK DRESS,merchandise,516,1071.6,28,22,2.08,3,2009-12-01,2010-02-24,2474,2228
84360,TABLE LAMP WHITE SHADE WOOD BASE,merchandise,211,1070.85,35,14,5.08,20,2009-12-01,2011-12-05,3161,2229
84910A,PINK PAISLEY CUSHION COVER,merchandise,414,1070.1,40,37,2.58,15,2009-12-01,2011-07-17,2639,2230
22214,CANDLE PLATE LACE WHITE,merchandise,462,1069.3,52,43,2.31,24,2009-12-01,2011-12-06,2535,2231
79066K,RETRO MOD TRAY,merchandise,1315,1067.41,173,103,0.81,25,2009-12-09,2011-12-09,1592,2232
23418,LAVENDER TOILETTE BOTTLE,merchandise,533,1066.88,60,55,2.0,4,2011-09-11,2011-12-06,2446,2233
23269,SET OF 2 CERAMIC CHRISTMAS TREES,merchandise,748,1065.4,76,63,1.42,7,2011-06-12,2011-12-08,2177,2234
35471D,SET OF 3 BIRD LIGHT PINK FEATHER,merchandise,1954,1065.0,205,158,0.55,25,2009-12-03,2011-12-09,1229,2235
84678,CLASSICAL ROSE SMALL VASE,merchandise,595,1064.85,64,52,1.79,16,2009-12-08,2011-03-23,2358,2236
21413,PERIWINKLE T-LIGHT HOLDER,merchandise,3135,1063.35,34,25,0.34,16,2009-12-13,2011-11-13,814,2237
22819,"BIRTHDAY CARD, RETRO SPOT",merchandise,2592,1062.72,168,125,0.41,16,2010-09-20,2011-12-08,954,2238
22817,CARD SUKI BIRTHDAY,merchandise,2590,1061.88,169,104,0.41,16,2010-09-16,2011-12-04,957,2239
84313C,ORANGE TV TRAY TABLE,merchandise,497,1061.15,47,29,2.14,16,2010-03-15,2011-06-02,2497,2240
23375,50'S CHRISTMAS PAPER GIFT BAG,merchandise,1317,1059.94,88,85,0.8,5,2011-08-22,2011-12-08,1591,2241
20771,CHRYSANTHEMUM  JOURNAL,merchandise,554,1059.61,112,91,1.91,22,2009-12-01,2011-12-06,2418,2242
21839,MUMMY MOUSE RED GINGHAM RIBBON,merchandise,198,1058.1,81,71,5.34,13,2009-12-01,2011-03-27,3203,2243
22403,MAGNETS PACK OF 4 VINTAGE LABELS,merchandise,1614,1057.08,161,137,0.65,22,2010-03-29,2011-12-07,1414,2244
21883,STARS GIFT TAPE,merchandise,2101,1056.31,165,132,0.5,25,2009-12-02,2011-12-07,1154,2245
85144,JARDIN ETCHED GLASS CHEESE DISH,merchandise,288,1054.1,70,61,3.66,18,2009-12-06,2011-05-03,2930,2246
47591B,SCOTTIES DES CHILD'S APRON,merchandise,669,1053.45,137,108,1.57,14,2009-12-01,2011-01-24,2263,2247
23369,SET 36 COLOUR PENCILS LOVE LONDON,merchandise,901,1053.29,95,80,1.17,4,2011-09-22,2011-12-08,1996,2248
84609,TALL ROCOCO CANDLE HOLDER,merchandise,129,1051.5,27,23,8.15,14,2010-02-17,2011-12-05,3415,2249
85224,ASSORTED COLOUR SILK GLASSES CASE,merchandise,1987,1051.14,47,35,0.53,13,2009-12-02,2011-03-23,1212,2250
84965A,PINK KASHMIRI COFFEE TABLE,merchandise,20,1050.0,3,2,52.5,3,2010-02-22,2010-11-02,4167,2251
47587A,PINK FAIRY CAKE COASTER,merchandise,2676,1049.64,9,7,0.39,4,2010-01-08,2010-05-14,928,2252
22062,CERAMIC BOWL WITH LOVE HEART DESIGN,merchandise,711,1048.49,93,68,1.47,22,2009-12-01,2011-10-14,2220,2253
72819,CUPID DESIGN SCENTED CANDLES,merchandise,673,1048.25,64,59,1.56,22,2009-12-04,2011-12-08,2260,2254
21490,SET OF THREE 50'S GIFT WRAPS,merchandise,598,1047.6,37,36,1.75,2,2009-12-01,2010-09-20,2354,2255
23511,EMBROIDERED RIBBON REEL EMILY,merchandise,524,1046.42,85,83,2.0,4,2011-09-22,2011-12-08,2464,2256
23432,PRETTY HANGING QUILTED HEARTS,merchandise,1272,1045.2,70,65,0.82,5,2011-08-31,2011-12-06,1638,2257
16046,TEATIME PEN CASE & PENS,merchandise,9950,1044.38,45,44,0.1,21,2009-12-04,2011-11-28,231,2258
22101,MIRROR MOSAIC VOTIVE HOLDER,merchandise,1102,1044.12,49,44,0.95,22,2009-12-01,2011-12-06,1775,2259
21090,SET/6 COLLAGE PAPER PLATES,merchandise,2287,1043.73,159,129,0.46,24,2009-12-16,2011-12-07,1059,2260
84847,FLORAL BATHROOM SET,merchandise,2315,1043.01,37,32,0.45,19,2009-12-16,2011-08-01,1046,2261
20755,BLUE PAISLEY POCKET BOOK,merchandise,5098,1042.9,86,74,0.2,21,2009-12-07,2011-12-07,520,2262
16235,RECYCLED PENCIL WITH RABBIT ERASER,merchandise,5139,1042.29,160,124,0.2,25,2009-12-01,2011-12-07,516,2263
85136C,RED SHARK HELICOPTER,merchandise,131,1041.45,80,70,7.95,18,2009-12-01,2011-12-08,3408,2264
72750B,FLOWER FAIRY SET 3 CANDLES LAVENDER,merchandise,495,1041.25,38,31,2.1,11,2009-12-14,2010-11-09,2498,2265
22718,CARD CAT AND TREE,merchandise,2508,1040.4,170,114,0.41,19,2010-06-02,2011-12-07,978,2266
85025C,PINK HEART SHAPE PHOTO FRAME,merchandise,648,1039.0,92,73,1.6,21,2009-12-02,2011-08-24,2295,2267
22997,TRAVEL CARD WALLET UNION JACK,merchandise,2477,1038.9,181,101,0.42,11,2011-02-17,2011-12-07,985,2268
21633,SUNFLOWER DECORATIVE PARASOL,merchandise,127,1038.45,34,32,8.18,15,2010-03-31,2011-11-21,3421,2269
21410,COUNTRY COTTAGE  DOORSTOP GREEN,merchandise,259,1036.75,101,81,4.0,12,2009-12-01,2010-11-11,3007,2270
85124C,GREEN JUICY FRUIT PHOTO FRAME,merchandise,419,1036.05,97,51,2.47,21,2009-12-08,2011-10-23,2632,2271
85169A,IVORY LOVE BIRD CANDLE,merchandise,941,1034.07,97,79,1.1,25,2009-12-08,2011-12-08,1945,2272
21880,RED RETROSPOT TAPE,merchandise,2017,1032.29,146,123,0.51,25,2009-12-02,2011-12-07,1195,2273
21195,PINK  HONEYCOMB PAPER BALL,merchandise,628,1031.28,55,49,1.64,18,2009-12-04,2011-05-17,2319,2274
72800F,4 IVORY DINNER CANDLES GOLD FLOCK,merchandise,816,1029.72,62,51,1.26,12,2009-12-01,2010-11-21,2093,2275
22256,FELT FARM ANIMAL CHICKEN,merchandise,849,1029.33,83,78,1.21,13,2009-12-07,2011-04-12,2059,2276
23402,HOME SWEET HOME 3 PEG HANGER,merchandise,280,1027.92,55,47,3.67,4,2011-09-05,2011-12-04,2957,2277
20777,CHRYSANTHEMUM NOTEBOOK,merchandise,3532,1027.8,94,78,0.29,23,2009-12-01,2011-11-30,729,2278
21825,PAINTED METAL TREE WITH HOLLY BELLS,merchandise,722,1027.7,67,62,1.42,6,2009-12-01,2010-11-14,2202,2279
22340,NOEL GARLAND PAINTED ZINC,merchandise,1345,1027.41,95,81,0.76,12,2009-12-02,2011-12-02,1567,2280
84989A,75 GREEN FAIRY CAKE CASES,merchandise,2066,1027.1,121,95,0.5,20,2009-12-02,2011-12-05,1175,2281
22049,WRAP CHRISTMAS SCREEN PRINT,merchandise,3525,1026.25,112,95,0.29,9,2009-12-02,2011-10-20,732,2282
23516,EMBROIDERED RIBBON REEL SOPHIE,merchandise,291,1025.01,40,39,3.52,4,2011-09-25,2011-12-05,2927,2283
84688,BEACH HUT DESIGN BLACKBOARD,merchandise,388,1025.0,47,39,2.64,17,2009-12-02,2011-05-12,2682,2284
84569D,PACK 6 HEART/ICE-CREAM PATCHES,merchandise,818,1024.92,96,82,1.25,23,2009-12-03,2011-11-11,2091,2285
22102,MIRROR MOSAIC T-LIGHT HOLDER,merchandise,1738,1024.5,41,35,0.59,20,2009-12-01,2011-11-28,1344,2286
23545,WRAP RED VINTAGE DOILY,merchandise,2475,1023.5,83,76,0.41,6,2011-07-20,2011-12-08,987,2287
84815,SET OF 3 DANISH ROSE PLANTERS,merchandise,906,1022.5,36,34,1.13,7,2009-12-10,2010-06-11,1988,2288
18007,ESSENTIAL BALM 3.5g TIN IN ENVELOPE,merchandise,11360,1021.68,51,40,0.09,18,2009-12-02,2011-07-19,198,2289
22446,PIN CUSHION RUSSIAN DOLL PINK,merchandise,336,1019.24,84,61,3.03,20,2010-03-18,2011-12-08,2797,2290
37479B,CUBIC MUG FLOCK BLUE ON BROWN,merchandise,1243,1019.13,24,20,0.82,12,2010-02-25,2011-06-15,1657,2291
21209,MULTICOLOUR HONEYCOMB FAN,merchandise,1355,1018.17,84,66,0.75,25,2009-12-16,2011-12-09,1562,2292
21065,BOOM BOX SPEAKER GIRLS,merchandise,517,1017.55,57,44,1.97,21,2009-12-07,2011-12-08,2473,2293
23026,DRAWER KNOB VINTAGE GLASS STAR,merchandise,503,1016.97,53,43,2.02,7,2011-06-16,2011-12-07,2486,2294
23411,TRELLIS COAT RACK,merchandise,217,1016.55,46,42,4.68,4,2011-09-04,2011-12-02,3146,2295
23544,WALL ART MID CENTURY MODERN,merchandise,164,1015.78,20,17,6.19,3,2011-10-03,2011-12-06,3306,2296
16047,POP ART PEN CASE & PENS,merchandise,10587,1015.59,23,21,0.1,9,2009-12-01,2010-10-24,213,2297
21827,EIGHT PIECE CREEPY CRAWLIE SET,merchandise,815,1014.19,119,89,1.24,14,2009-12-01,2011-03-29,2095,2298
21040,MODERN VINTAGE COTTON SHOPPING BAG,merchandise,856,1014.0,46,43,1.18,13,2009-12-08,2011-03-15,2052,2299
23508,MINI PLAYING CARDS DOLLY GIRL,merchandise,2472,1013.04,106,95,0.41,4,2011-09-22,2011-12-08,989,2300
84559A,3D SHEET OF DOG STICKERS,merchandise,1190,1012.28,151,107,0.85,24,2009-12-01,2011-11-28,1711,2301
23327,HANGING CLEAR MINI BOTTLE,merchandise,1710,1012.02,34,33,0.59,5,2011-08-10,2011-12-05,1361,2302
21666,RIDGED GLASS T-LIGHT HOLDER,merchandise,1678,1011.5,68,49,0.6,21,2009-12-03,2011-12-06,1377,2303
21316,SMALL CHUNKY GLASS ROMAN  BOWL,merchandise,669,1008.19,34,33,1.51,13,2009-12-03,2011-04-10,2264,2304
21010,ETCHED GLASS BIRD TREE DECORATION,merchandise,806,1007.5,66,62,1.25,5,2009-12-02,2010-10-24,2106,2305
23460,SWEETHEART WALL TIDY,merchandise,108,1007.08,43,41,9.32,3,2011-10-20,2011-12-05,3507,2306
22511,RETROSPOT BABUSHKA DOORSTOP,merchandise,395,1006.85,101,90,2.55,18,2010-03-14,2011-12-08,2674,2307
22857,ASSORTED EASTER GIFT TAGS,merchandise,1226,1004.66,62,60,0.82,9,2010-10-05,2011-10-24,1674,2308
23433,HANGING QUILTED PATCHWORK APPLES,merchandise,1215,1003.17,82,76,0.83,5,2011-08-26,2011-12-04,1683,2309
22258,FELT FARM ANIMAL RABBIT,merchandise,1113,1000.77,71,69,0.9,12,2009-12-04,2011-11-25,1768,2310
85179B,WHITE BITTY LIGHT CHAIN,merchandise,240,1000.08,39,33,4.17,10,2009-12-03,2010-11-15,3071,2311
23347,I LOVE LONDON BEAKER,merchandise,827,999.75,70,51,1.21,6,2011-07-24,2011-12-07,2084,2312
20832,RED FLOCK LOVE HEART PHOTO FRAME,merchandise,1580,997.5,103,86,0.63,21,2009-12-08,2011-12-09,1437,2313
23087,ZINC  HEART T-LIGHT HOLDER,merchandise,830,997.18,49,43,1.2,7,2011-05-13,2011-11-25,2076,2314
21690,SILVER  CANDLEPOT JARDIN,merchandise,266,996.7,75,65,3.75,14,2009-12-03,2011-01-30,2991,2315
23376,PACK OF 12 VINTAGE CHRISTMAS TISSUE,merchandise,2630,995.46,113,104,0.38,4,2011-09-01,2011-12-09,943,2316
23102,SILVER HEARTS TABLE DECORATION,merchandise,1231,995.33,139,128,0.81,8,2011-05-11,2011-12-04,1667,2317
21145,ANTIQUE GLASS PLACE SETTING,merchandise,839,994.03,39,34,1.18,13,2009-12-03,2011-11-16,2065,2318
84559B,3D SHEET OF CAT STICKERS,merchandise,1167,991.95,150,97,0.85,24,2009-12-01,2011-11-02,1724,2319
23365,SET 12 COLOUR PENCILS LOVE LONDON,merchandise,1529,991.45,128,107,0.65,4,2011-09-22,2011-12-07,1466,2320
23452,HEART MINI PORTRAIT FRAME,merchandise,510,990.9,81,69,1.94,3,2011-10-14,2011-12-08,2481,2321
21277,FRENCH STYLE EMBOSSED HEART CABINET,merchandise,46,990.75,40,36,21.54,21,2009-12-08,2011-11-23,3896,2322
85212,MINI PAINTED GARDEN DECORATION,merchandise,2766,990.62,96,82,0.36,23,2009-12-13,2011-12-07,904,2323
84964B,BLUE PAINTED KASHMIRI TABLE,merchandise,17,990.0,2,2,58.24,2,2010-02-22,2010-11-02,4219,2324
72800D,S/4 BLUE DINNER CANDLE SILVER FLOCK,merchandise,630,984.9,76,50,1.56,21,2009-12-04,2011-11-28,2315,2325
22856,ASSORTED EASTER DECORATIONS  BELLS,merchandise,872,980.56,27,25,1.12,10,2010-10-17,2011-11-20,2032,2326
21202,DOLLY HONEYCOMB GARLAND,merchandise,815,977.55,56,53,1.2,21,2009-12-14,2011-11-17,2096,2327
22260,FELT EGG COSY BLUE RABBIT,merchandise,1192,977.32,108,85,0.82,21,2009-12-02,2011-11-30,1706,2328
85008,SET OF 3 CONEY ISLAND OVAL BOXES,merchandise,262,976.65,89,77,3.73,16,2009-12-01,2011-04-10,2999,2329
23281,FOLDING MIRROR RED,merchandise,1270,976.22,91,56,0.77,8,2011-05-10,2011-12-08,1639,2330
37424,WHITE WITH BLACK CATS MUG,merchandise,5153,975.41,47,28,0.19,12,2009-12-01,2010-11-21,513,2331
72815,3 WICK CHRISTMAS BRIAR CANDLE,merchandise,260,975.0,59,53,3.75,7,2009-12-01,2011-01-26,3003,2332
20866,BLUE ROSE FABRIC MIRROR,merchandise,964,973.54,87,76,1.01,21,2009-12-01,2011-12-06,1920,2333
21752,GLASS CAKE STAND MIRRORED BASE,merchandise,68,972.6,30,28,14.3,6,2009-12-02,2010-09-09,3744,2334
20705,MRS ROBOT SOFT TOY,merchandise,269,972.55,49,47,3.62,23,2009-12-07,2011-12-06,2979,2335
35648,VINTAGE BEAD PINK PURSE,merchandise,879,972.41,68,48,1.11,17,2009-12-02,2011-12-08,2026,2336
20784,RED RETRO BAR STOOL,merchandise,26,970.7,8,6,37.33,6,2009-12-18,2010-10-21,4077,2337
22953,BIRTHDAY PARTY CORDON BARRIER TAPE,merchandise,794,968.77,99,76,1.22,14,2010-11-04,2011-12-08,2121,2338
22529,MAGIC SLATE GO TO THE FAIR,merchandise,2422,968.28,138,114,0.4,21,2010-03-28,2011-12-08,1008,2339
21759,METAL WALL SHELF UNIT WITH HOOKS,merchandise,27,968.08,11,11,35.85,4,2010-01-21,2010-04-29,4069,2340
84625C,BLUE NEW BAROQUE CANDLESTICK CANDLE,merchandise,775,965.35,57,29,1.25,19,2009-12-02,2011-09-28,2143,2341
84800L,LARGE WHITE/PINK ROSE ART FLOWER,merchandise,647,964.43,37,32,1.49,17,2010-01-19,2011-06-03,2296,2342
84687,BEACH HUT SHELF W 3 DRAWERS,merchandise,292,961.4,52,43,3.29,18,2009-12-03,2011-11-13,2919,2343
85126,LARGE ROUND CUTGLASS CANDLESTICK,merchandise,148,960.6,32,22,6.49,12,2009-12-01,2010-11-28,3353,2344
22860,EASTER TIN CHICKS PINK DAISY,merchandise,582,960.3,88,85,1.65,9,2010-10-05,2011-11-18,2373,2345
22717,CARD DOG AND BALL,merchandise,2346,959.4,152,118,0.41,18,2010-06-02,2011-11-28,1030,2346
78124,MAGAZINE RACK GEBRA ASSORTED,merchandise,724,959.0,26,25,1.32,14,2010-01-04,2011-11-28,2198,2347
23121,PACK OF 6 COCKTAIL PARASOL STRAWS,merchandise,2460,958.32,87,81,0.39,7,2011-06-17,2011-12-06,991,2348
22266,EASTER DECORATION HANGING BUNNY,merchandise,2476,958.3,123,101,0.39,17,2009-12-17,2011-12-07,986,2349
72484,ROSES IN WHITE HEART CANDLE,merchandise,1805,958.21,54,45,0.53,4,2009-12-02,2010-03-04,1301,2350
22701,PINK DOG BOWL,merchandise,553,957.73,86,65,1.73,19,2010-06-23,2011-12-08,2420,2351
84750B,BLACK SMALL GLASS CAKE STAND,merchandise,564,956.64,55,43,1.7,16,2009-12-02,2011-04-19,2396,2352
21250,SET OF SKULL WALL STICKERS,merchandise,396,956.4,53,47,2.42,21,2009-12-04,2011-11-17,2671,2353
85197,SET OF 12 MINI BUNNIES IN A BUCKET,merchandise,1667,955.26,73,63,0.57,12,2009-12-06,2011-07-29,1383,2354
23518,EMBROIDERED RIBBON REEL RACHEL,merchandise,357,954.93,41,40,2.67,4,2011-09-22,2011-12-02,2748,2355
22116,METAL SIGN HIS DINNER IS SERVED,merchandise,745,954.19,127,96,1.28,24,2009-12-01,2011-12-08,2179,2356
84664,CHERRY BLOSSOM BATHROOM CABINET,merchandise,192,950.4,50,17,4.95,8,2009-12-09,2010-10-20,3221,2357
72753B,S/3 FLWR FAIRY LAVENDER CANDLES,merchandise,444,949.95,13,11,2.14,4,2009-12-04,2010-03-26,2576,2358
21061,PARTY INVITES FOOTBALL,merchandise,1339,949.87,124,104,0.71,25,2009-12-08,2011-12-04,1576,2359
23088,ZINC HEART FLOWER T-LIGHT HOLDER,merchandise,760,947.18,57,52,1.25,8,2011-05-13,2011-12-07,2162,2360
22280,POCKET BAG PINK PAISELY BROWN SPOT,merchandise,582,946.78,87,79,1.63,23,2009-12-01,2011-12-08,2374,2361
47504H,ENGLISH ROSE SPIRIT LEVEL,merchandise,992,946.68,105,81,0.95,22,2010-02-03,2011-12-09,1889,2362
35958,FOLKART ZINC STAR CHRISTMAS DEC,merchandise,1112,945.2,69,58,0.85,7,2009-12-03,2010-12-09,1769,2363
21814,HEART T-LIGHT HOLDER,merchandise,653,944.45,71,59,1.45,17,2009-12-01,2011-11-27,2289,2364
21815,STAR  T-LIGHT HOLDER,merchandise,653,944.45,64,58,1.45,15,2009-12-01,2011-11-23,2290,2365
23033,DRAWER KNOB CERAMIC RED,merchandise,679,943.75,59,42,1.39,7,2011-06-14,2011-12-09,2248,2366
84625A,PINK NEW BAROQUECANDLESTICK CANDLE,merchandise,802,940.0,61,40,1.17,21,2009-12-03,2011-12-07,2109,2367
85019B,BLOSSOM  IMAGES NOTEBOOK SET,merchandise,704,940.0,36,31,1.34,17,2010-03-18,2011-12-08,2230,2368
22105,MIRROR MOSAIC GOBLET CANDLE HOLDER,merchandise,613,937.25,26,23,1.53,14,2009-12-07,2011-10-24,2335,2369
37492B,BLUE YELLOW FLOWER PIGGY BANK,merchandise,488,937.2,43,33,1.92,10,2009-12-04,2010-10-05,2505,2370
23533,WALL ART GARDEN HAVEN,merchandise,210,936.34,31,27,4.46,3,2011-10-03,2011-12-09,3164,2371
21630,FLOOR CUSHION ELEPHANT CARNIVAL,merchandise,107,935.65,47,21,8.74,20,2009-12-04,2011-12-07,3512,2372
85160B,BLACK BIRD GARDEN DESIGN MUG,merchandise,6149,934.87,30,28,0.15,17,2009-12-16,2011-11-13,411,2373
21636,MADRAS NOTEBOOK MEDIUM,merchandise,1003,934.05,88,74,0.93,19,2009-12-04,2011-12-05,1874,2374
22995,TRAVEL CARD WALLET SUKI,merchandise,2228,932.88,183,90,0.42,11,2011-02-17,2011-12-08,1087,2375
72814,SET/3 CHRISTMAS BRIAR CANDLES,merchandise,259,932.85,49,42,3.6,7,2009-12-01,2010-11-22,3008,2376
23331,DECORATIVE WICKER HEART SMALL,merchandise,1492,932.28,81,67,0.62,5,2011-08-10,2011-12-08,1485,2377
20932,PINK POT PLANT CANDLE,merchandise,305,932.05,56,54,3.06,20,2009-12-17,2011-12-08,2885,2378
20758,ABSTRACT CIRCLES POCKET BOOK,merchandise,5391,931.95,74,61,0.17,24,2009-12-01,2011-12-07,489,2379
20780,BLACK EAR MUFF HEADPHONES,merchandise,189,929.87,58,35,4.92,16,2009-12-02,2011-11-25,3237,2380
21425,SKULLS STORAGE BOX LARGE,merchandise,450,928.14,58,41,2.06,22,2009-12-02,2011-12-06,2562,2381
21562,HAWAIIAN GRASS SKIRT,merchandise,664,926.71,63,47,1.4,22,2010-01-07,2011-11-21,2271,2382
85018D,YULETIDE IMAGES S/6 PAPER BOXES,merchandise,771,924.45,63,57,1.2,10,2009-12-02,2011-01-14,2148,2383
23153,ZINC SWEETHEART WIRE LETTER RACK,merchandise,248,923.63,78,67,3.72,9,2011-04-18,2011-12-08,3041,2384
72586,SET OF 6 HALLOWEEN GHOST T-LIGHTS,merchandise,2196,922.32,108,95,0.42,15,2009-12-04,2011-11-22,1099,2385
23512,EMBROIDERED RIBBON REEL ROSIE,merchandise,484,921.46,49,46,1.9,4,2011-09-22,2011-12-08,2509,2386
84817,DANISH ROSE DECORATIVE PLATE,merchandise,1051,920.64,77,70,0.88,22,2010-02-08,2011-12-08,1821,2387
23107,WHITE WIRE PLANT POT HOLDER,merchandise,340,919.8,61,60,2.71,8,2011-05-12,2011-12-08,2784,2388
84358,FLOOR LAMP SHADE WOOD BASE,merchandise,114,919.58,22,11,8.07,16,2009-12-01,2011-08-09,3471,2389
23566,EGG CUP MILKMAID HEIDI,merchandise,784,919.52,46,44,1.17,3,2011-10-17,2011-12-05,2130,2390
22069,BROWN  PIRATE TREASURE CHEST,merchandise,640,919.38,89,66,1.44,23,2009-12-01,2011-12-09,2305,2391
21702,SET 5 MINI GATEAUX  FRIDGE MAGNETS,merchandise,2636,918.68,8,5,0.35,3,2009-12-15,2010-02-15,942,2392
20773,BLUE PAISLEY NOTEBOOK,merchandise,3320,918.0,95,78,0.28,22,2009-12-01,2011-09-12,779,2393
84826,ASSTD DESIGN 3D PAPER STICKERS,merchandise,1791,917.53,50,48,0.51,21,2009-12-06,2011-12-07,1309,2394
20707,CRAZY DAISY HEART DECORATION,merchandise,1280,915.37,63,48,0.72,25,2009-12-10,2011-12-05,1630,2395
84929,ASSTD FRUIT+FLOWERS FRIDGE MAGNETS,merchandise,2928,915.12,90,82,0.31,21,2009-12-01,2011-11-24,863,2396
20622,VIPPASSPORT COVER,merchandise,523,914.18,82,59,1.75,23,2009-12-01,2011-11-28,2465,2397
20671,BLUE TEATIME PRINT BOWL,merchandise,741,912.57,106,70,1.23,13,2009-12-07,2010-12-09,2183,2398
85104,SILVER GLASS T-LIGHT SET,merchandise,335,912.53,51,40,2.72,19,2009-12-01,2011-12-06,2799,2399
21131,GOLD STANDING GNOME,merchandise,253,910.25,28,18,3.6,15,2010-03-24,2011-12-06,3024,2400
46000P,POLYESTER FILLER PAD 65CMx65CM,merchandise,214,909.5,48,37,4.25,14,2009-12-01,2011-09-04,3155,2401
23514,EMBROIDERED RIBBON REEL SALLY,merchandise,458,909.14,62,57,1.99,4,2011-09-22,2011-12-04,2544,2402
85189,HANGING BUTTERFLY  EGG,merchandise,1117,908.89,58,53,0.81,11,2009-12-16,2011-03-16,1764,2403
85135B,BLUE DRAGONFLY HELICOPTER,merchandise,114,906.3,76,67,7.95,18,2009-12-02,2011-11-17,3472,2404
72045D,ROSES ON BLUE TEACUP CANDLE,merchandise,536,905.84,3,3,1.69,3,2009-12-03,2010-03-03,2442,2405
22707,WRAP MONSTER FUN,merchandise,2150,903.0,81,70,0.42,20,2010-05-27,2011-12-02,1126,2406
23510,MINI PLAYING CARDS GYMKHANA,merchandise,2297,901.74,95,90,0.39,4,2011-09-22,2011-12-08,1056,2407
21725,SWEETIES  STICKERS,merchandise,1060,901.0,109,81,0.85,24,2009-12-02,2011-11-17,1809,2409
22322,BIRD DECORATION GREEN POLKADOT,merchandise,1060,901.0,92,77,0.85,21,2009-12-02,2011-11-10,1810,2410
21269,ANTIQUE CREAM CUTLERY SHELF,merchandise,106,901.0,58,52,8.5,21,2009-12-08,2011-11-22,3517,2408
84405A,S/3 PINK COL METAL BASKET W HANDLE,merchandise,122,900.3,45,40,7.38,11,2009-12-02,2010-10-05,3438,2411
20798,CLEAR MILKSHAKE GLASS,merchandise,459,899.1,41,35,1.96,13,2010-01-19,2011-01-25,2542,2412
21691,SILVER VANILLA FLOWER CANDLE POT,merchandise,240,898.56,66,56,3.74,11,2009-12-01,2010-10-29,3072,2413
20778,GARDEN PATH NOTEBOOK,merchandise,3599,898.35,80,66,0.25,16,2009-12-03,2011-04-26,719,2414
84760L,LARGE HANGING GLASS+ZINC LANTERN,merchandise,560,896.0,1,1,1.6,1,2010-05-04,2010-05-04,2407,2415
23419,HOME SWEET HOME BOTTLE,merchandise,437,895.04,61,56,2.05,4,2011-09-11,2011-12-07,2589,2416
85111,SILVER GLITTER FLOWER VOTIVE HOLDER,merchandise,2884,894.92,63,50,0.31,19,2009-12-02,2011-12-08,871,2417
85019A,ROMANTIC IMAGES NOTEBOOK SET,merchandise,643,893.75,41,37,1.39,20,2010-01-05,2011-12-08,2301,2418
22643,SET OF 4 NAPKIN CHARMS LEAVES,merchandise,409,893.19,76,72,2.18,17,2010-07-18,2011-12-08,2648,2419
17109B,FLOWER FAIRY INCENSE LAVENDER,merchandise,4541,892.91,16,13,0.2,4,2009-12-02,2010-03-05,588,2420
84666,SQUARE CHERRY BLOSSOM CABINET,merchandise,226,892.7,33,13,3.95,10,2009-12-09,2011-04-19,3121,2421
37475,SET/4 COLOURFUL MIXING BOWLS,merchandise,94,891.5,51,45,9.48,23,2009-12-14,2011-12-02,3590,2422
21726,MULTI HEARTS  STICKERS,merchandise,1064,891.4,127,93,0.84,24,2009-12-01,2011-12-07,1806,2423
23540,WALL ART THE MAGIC FOREST,merchandise,146,890.54,10,9,6.1,3,2011-10-03,2011-12-06,3358,2424
22096,PINK PAISLEY SQUARE TISSUE BOX,merchandise,1648,888.78,163,129,0.54,24,2009-12-02,2011-12-08,1396,2425
22512,DOORSTOP RACING CAR DESIGN,merchandise,375,888.23,63,54,2.37,17,2010-03-12,2011-12-06,2707,2426
47593B,SCOTTIES DESIGN BABY BIB,merchandise,1832,887.64,124,89,0.48,25,2009-12-02,2011-12-07,1287,2427
22598,CHRISTMAS MUSICAL ZINC TREE,merchandise,1567,885.97,93,82,0.57,11,2010-07-26,2011-12-08,1445,2428
84963A,PINK PAINTED KASHMIRI CHAIR,merchandise,26,885.2,8,8,34.05,7,2010-05-19,2010-12-05,4078,2429
21721,CANDY SHOP  STICKER SHEET,merchandise,1042,882.58,89,73,0.85,21,2009-12-08,2011-10-26,1830,2430
22994,TRAVEL CARD WALLET RETROSPOT,merchandise,2104,882.24,160,89,0.42,11,2011-02-16,2011-12-09,1152,2431
46775D,SUNSET COLOUR CHUNKY KNITTED THROW,merchandise,52,881.4,32,28,16.95,17,2009-12-13,2011-12-05,3833,2432
84247E,PACK/12 XMAS FUN CARD,merchandise,305,880.55,69,68,2.89,11,2010-06-30,2011-10-19,2886,2433
84974,S/2 ZINC HEART DESIGN PLANTERS,merchandise,89,879.55,57,52,9.88,21,2010-01-06,2011-11-01,3613,2434
35957,SMALLFOLKART BAUBLE CHRISTMAS DEC,merchandise,3487,879.42,62,51,0.25,12,2009-12-01,2011-01-04,741,2435
72799A,BLACK PILLAR CANDLE SILVER FLOCK,merchandise,612,877.8,18,14,1.43,7,2009-12-03,2010-08-04,2337,2436
20934,SET/3 POT PLANT CANDLES,merchandise,167,877.15,47,44,5.25,16,2009-12-02,2011-11-04,3296,2437
22264,FELT FARM ANIMAL WHITE BUNNY,merchandise,1815,875.91,88,80,0.48,14,2010-01-07,2011-04-07,1300,2438
21805,WHITE CHRISTMAS TREE DECORATION,merchandise,2124,874.8,82,77,0.41,8,2009-12-01,2010-11-21,1141,2439
21060,PARTY INVITES BALLOON GIRL,merchandise,1220,874.4,123,102,0.72,25,2009-12-08,2011-12-04,1679,2440
22814,CARD PARTY GAMES,merchandise,2162,873.48,135,101,0.4,16,2010-09-22,2011-12-07,1116,2441
22255,FELT TOADSTOOL  SMALL,merchandise,1027,872.95,87,73,0.85,24,2009-12-01,2011-12-07,1849,2442
37330,SPOTS MUG,merchandise,504,872.64,22,19,1.73,11,2010-01-19,2011-03-22,2485,2443
47504E,ENGLISH ROSE SCISSORS,merchandise,4372,871.4,37,31,0.2,11,2009-12-01,2010-10-12,606,2444
21945,STRAWBERRIES  DESIGN FLANNEL,merchandise,1530,869.84,73,61,0.57,23,2009-12-10,2011-12-06,1465,2445
22821,GIFT BAG PSYCHEDELIC APPLES,merchandise,1336,868.76,103,83,0.65,16,2010-09-15,2011-12-01,1579,2446
20759,CHRYSANTHEMUM POCKET BOOK,merchandise,5739,867.75,44,35,0.15,23,2009-12-17,2011-12-07,455,2447
17033,"BROCADE PURSE,SMALL ARCH BUTTON",merchandise,3279,867.55,68,58,0.26,10,2009-12-02,2010-10-19,787,2448
20757,RED DAISY POCKET BOOK,merchandise,5314,867.28,55,49,0.16,19,2009-12-07,2011-11-27,502,2449
84637,KITCHEN FLOWER POTS WALL PLAQUE,merchandise,487,867.25,33,28,1.78,18,2010-02-12,2011-09-23,2506,2450
21189,WHITE HONEYCOMB PAPER GARLAND,merchandise,543,866.75,61,53,1.6,22,2009-12-04,2011-12-08,2430,2451
35923,CANDY HEART HANGING DECORATION,merchandise,1453,866.71,66,51,0.6,22,2009-12-08,2011-12-01,1504,2452
35599D,PINK AND WHITE CHRISTMAS TREE 120CM,merchandise,322,866.58,39,23,2.69,10,2009-12-02,2011-12-04,2832,2453
22647,CERAMIC LOVE HEART MONEY BANK,merchandise,1042,866.5,68,60,0.83,17,2010-05-14,2011-12-08,1831,2454
21720,CAKE SHOP  STICKER SHEET,merchandise,1036,866.04,87,73,0.84,17,2009-12-06,2011-07-26,1839,2455
20878,SET/9 CHRISTMAS T-LIGHTS SCENTED,merchandise,713,863.89,67,61,1.21,6,2009-12-03,2010-12-05,2217,2456
20617,FIRST CLASS PASSPORT COVER,merchandise,452,863.88,74,59,1.91,21,2009-12-06,2011-11-28,2554,2457
84791,GINGHAM HEART DECORATION,merchandise,296,863.6,75,66,2.92,8,2009-12-01,2010-07-20,2905,2458
85124B,BLUE JUICY FRUIT PHOTO FRAME,merchandise,344,861.0,84,45,2.5,24,2009-12-08,2011-11-06,2777,2459
23517,EMBROIDERED RIBBON REEL REBECCA,merchandise,312,860.88,51,50,2.76,4,2011-09-22,2011-12-05,2865,2460
84925F,PSYCHEDELIC WALL THERMOMETER,merchandise,712,860.48,31,29,1.21,15,2010-01-12,2011-07-31,2219,2461
23002,TRAVEL CARD WALLET SKULLS,merchandise,2052,860.4,140,85,0.42,11,2011-02-16,2011-12-09,1184,2462
21664,RIDGED GLASS STORAGE JAR CREAM LID,merchandise,236,859.08,54,44,3.64,20,2009-12-03,2011-10-17,3085,2463
23099,FRENCH CARRIAGE LANTERN,merchandise,132,858.9,54,46,6.51,8,2011-05-16,2011-12-07,3406,2464
84796A,PINK HAWAIIAN PICNIC HAMPER FOR 2,merchandise,150,856.5,25,23,5.71,11,2010-03-05,2011-12-02,3346,2465
84596E,SMALL LICORICE DES PINK BOWL,merchandise,884,855.2,124,90,0.97,17,2009-12-01,2011-04-01,2018,2466
21635,MADRAS NOTEBOOK LARGE,merchandise,400,855.0,39,35,2.14,15,2009-12-04,2011-07-13,2662,2467
20774,GREEN FERN NOTEBOOK,merchandise,3427,854.55,76,68,0.25,21,2009-12-01,2011-09-26,752,2468
72800C,S/4 PINK DINNER CANDLE SILVER FLOCK,merchandise,646,854.38,66,49,1.32,21,2009-12-07,2011-12-08,2298,2469
21062,PARTY INVITES SPACEMAN,merchandise,1033,853.93,120,102,0.83,25,2009-12-08,2011-12-02,1842,2470
23532,WALL ART WORK REST AND PLAY,merchandise,205,853.47,26,23,4.16,3,2011-10-03,2011-12-08,3183,2471
85129D,BEADED CRYSTAL HEART PINK SMALL,merchandise,656,851.6,85,59,1.3,24,2009-12-06,2011-12-05,2282,2472
21007,ETCHED GLASS DROPLET DECORATION,merchandise,1905,851.23,39,36,0.45,9,2009-12-02,2010-09-23,1257,2473
20991,JAZZ HEARTS MAGNETIC MEMO PAD,merchandise,7058,850.9,16,12,0.12,3,2009-12-02,2010-02-01,357,2474
85135C,RED DRAGONFLY HELICOPTER,merchandise,107,850.65,65,57,7.95,19,2009-12-07,2011-12-08,3513,2475
84985A,SET OF 72 GREEN PAPER DOILIES,merchandise,586,849.7,119,95,1.45,16,2009-12-01,2011-03-01,2367,2476
85226A,WHITE/BLUE PULL BACK RACING CAR,merchandise,1658,849.5,114,95,0.51,12,2009-12-02,2010-11-24,1390,2477
21303,FILIGREE WALL MIRROR  ANTIQUE WHITE,merchandise,92,848.8,26,24,9.23,4,2009-12-03,2010-03-10,3601,2478
21801,CHRISTMAS TREE DECORATION WITH BELL,merchandise,2020,848.4,80,69,0.42,13,2009-12-04,2011-10-30,1193,2479
21338,MARAKESH LANTERN SMALL,merchandise,196,848.35,11,9,4.33,4,2009-12-05,2010-03-04,3208,2480
21836,GINGHAM OVEN GLOVE RED HEART,merchandise,226,847.5,80,77,3.75,14,2009-12-08,2011-01-20,3122,2481
90200D,PINK SWEETHEART BRACELET,merchandise,202,846.5,55,41,4.19,21,2009-12-01,2011-12-07,3191,2482
84341B,SMALL PINK MAGIC CHRISTMAS TREE,merchandise,1715,846.28,94,79,0.49,13,2009-12-01,2011-11-15,1355,2483
85032B,BLOSSOM IMAGES GIFT WRAP SET,merchandise,929,846.0,106,95,0.91,22,2010-01-22,2011-12-08,1961,2484
20801,LARGE PINK GLASS SUNDAE DISH,merchandise,902,845.86,69,61,0.94,15,2010-01-27,2011-05-25,1995,2485
85124A,PINK JUICY FRUIT PHOTO FRAME,merchandise,339,843.75,70,43,2.49,11,2009-12-08,2010-10-01,2786,2486
84782A,PINK 3 TIER GLASS PLATE STAND,merchandise,119,840.45,26,24,7.06,6,2009-12-01,2010-08-19,3449,2487
22893,MINI CAKE STAND T-LIGHT HOLDER,merchandise,2054,839.64,93,70,0.41,14,2010-10-15,2011-12-08,1183,2488
23502,PLAYING CARDS VINTAGE DOILY,merchandise,690,838.98,87,80,1.22,4,2011-09-22,2011-12-07,2242,2489
21127,COLOURFUL FISHING GNOME,merchandise,284,838.6,36,25,2.95,7,2009-12-03,2010-06-10,2943,2490
23178,JAM CLOCK MAGNET,merchandise,309,838.47,55,50,2.71,10,2011-03-03,2011-12-09,2875,2491
21299,EDWARDIAN TOILET ROLL UNIT,merchandise,161,838.35,29,25,5.21,4,2009-12-01,2010-03-12,3318,2492
23179,CLOCK MAGNET MUM'S KITCHEN,merchandise,304,837.88,40,36,2.76,10,2011-03-03,2011-12-08,2890,2493
85025B,EAU DE NILE HEART SHAPE PHOTO FRAME,merchandise,525,837.45,65,55,1.6,21,2009-12-07,2011-12-05,2461,2494
20867,PINK ROSE FABRIC MIRROR,merchandise,880,836.72,75,68,0.95,23,2009-12-01,2011-12-06,2021,2495
22250,DECORATION  BUTTERFLY  MAGIC GARDEN,merchandise,1018,836.18,109,98,0.82,18,2009-12-13,2011-07-20,1857,2496
21780,MA CAMPAGNE 4 DRAWER WALL SHELF,merchandise,125,835.55,17,17,6.68,2,2009-12-08,2010-01-08,3428,2497
21261,GREEN GOOSE FEATHER CHRISTMAS TREE,merchandise,245,834.75,43,37,3.41,13,2009-12-07,2011-12-06,3056,2498
22143,CHRISTMAS CRAFT HEART DECORATIONS,merchandise,420,834.0,53,51,1.99,8,2009-12-01,2010-10-27,2625,2499
85130D,BEADED CRYSTAL HEART PINK LARGE,merchandise,739,832.53,80,63,1.13,25,2009-12-08,2011-12-07,2186,2500
20786,BLACK RETRO BAR STOOL,merchandise,22,830.9,9,9,37.77,7,2010-01-22,2010-10-06,4139,2501
21650,ASSORTED TUTTI FRUTTI BRACELET,merchandise,2797,830.89,101,84,0.3,22,2009-12-01,2011-12-07,895,2502
21014,SWISS CHALET TREE DECORATION,merchandise,1771,830.31,107,91,0.47,11,2009-12-01,2011-11-23,1323,2503
22164,STRING OF STARS CARD HOLDER,merchandise,309,829.95,42,40,2.69,14,2009-12-03,2011-11-28,2876,2504
72598,SET/12 TAPER CANDLES,merchandise,1059,829.59,89,74,0.78,23,2009-12-02,2011-12-08,1812,2505
72529W,WHITE ADVENT CANDLE,merchandise,443,829.08,39,39,1.87,5,2009-12-01,2010-09-30,2580,2506
35599B,BLACK CHRISTMAS TREE 120CM,merchandise,249,828.57,38,26,3.33,11,2009-12-02,2011-12-04,3035,2507
84820,DANISH ROSE TRINKET TRAYS,merchandise,317,828.15,49,46,2.61,20,2010-02-08,2011-12-08,2851,2508
85159A,"BLACK TEA,COFFEE,SUGAR JARS",merchandise,458,823.9,48,41,1.8,16,2010-05-10,2011-12-04,2545,2509
23338,EGG FRYING PAN RED,merchandise,405,820.32,91,62,2.03,7,2011-06-12,2011-12-09,2654,2510
84907,PINK/YELLOW PATCH CUSHION COVER,merchandise,365,820.05,14,12,2.25,10,2009-12-16,2011-06-08,2728,2511
23479,WIRE EGG BASKET,merchandise,109,819.65,40,35,7.52,3,2011-10-17,2011-12-08,3502,2512
23186,FRENCH STYLE STORAGE JAR CAFE,merchandise,1982,819.46,70,57,0.41,8,2011-03-08,2011-12-07,1217,2513
17107D,"FLOWER FAIRY,5 SUMMER B'DRAW LINERS",merchandise,321,818.55,82,68,2.55,24,2009-12-04,2011-12-05,2839,2514
20756,GREEN FERN POCKET BOOK,merchandise,5679,816.75,44,40,0.14,16,2009-12-01,2011-11-22,459,2515
84660A,WHITE STITCHED WALL CLOCK,merchandise,851,814.4,42,34,0.96,12,2010-03-01,2011-10-03,2056,2516
35598B,BLACK CHRISTMAS TREE 60CM,merchandise,945,814.35,48,37,0.86,13,2009-12-04,2011-11-30,1942,2517
84750A,PINK SMALL GLASS CAKE STAND,merchandise,447,814.05,49,42,1.82,7,2009-12-01,2011-03-20,2572,2518
17039,INLAID WOOD INCENSE HOLDER,merchandise,3641,813.09,30,20,0.22,9,2009-12-07,2010-08-09,714,2519
21580,RABBIT  DESIGN  COTTON TOTE BAG,merchandise,369,812.25,89,76,2.2,22,2009-12-01,2011-11-30,2723,2520
20833,SHAKER THROW  QUILTED,merchandise,52,811.8,5,3,15.61,3,2009-12-06,2010-03-09,3834,2521
23380,PACK OF 12 VINTAGE DOILY TISSUES,merchandise,2159,811.77,94,86,0.38,4,2011-09-05,2011-12-08,1119,2522
21724,PANDA AND BUNNIES STICKER SHEET,merchandise,955,811.75,126,81,0.85,25,2009-12-01,2011-12-08,1929,2523
21944,KITTENS DESIGN FLANNEL,merchandise,1538,811.1,75,53,0.53,20,2009-12-02,2011-12-08,1459,2524
85231L,LAVENDER SCENTED SET/9 T-LIGHTS,merchandise,1018,810.7,101,81,0.8,6,2009-12-01,2010-05-02,1858,2525
85145,JARDIN ETCHED GLASS LARGE BELL JAR,merchandise,91,809.05,30,27,8.89,12,2009-12-17,2011-04-28,3605,2526
16011,ANIMAL STICKERS,merchandise,3858,808.98,112,83,0.21,24,2009-12-04,2011-12-07,674,2527
21629,SQUARE FLOOR CUSHION VINTAGE RED,merchandise,103,808.85,49,27,7.85,24,2009-12-03,2011-12-08,3533,2528
47589,CONGRATULATIONS BUNTING,merchandise,148,806.6,70,59,5.45,14,2009-12-15,2011-05-24,3354,2529
21552,CERAMIC BIRDHOUSE BLACK ROSE  LARGE,merchandise,162,805.65,32,25,4.97,4,2009-12-02,2010-06-03,3315,2530
85130B,BEADED CRYSTAL HEART GREEN LARGE,merchandise,875,805.05,59,50,0.92,17,2010-01-21,2011-12-07,2029,2531
84660B,BLACK STITCHED WALL CLOCK,merchandise,727,804.65,44,26,1.11,16,2009-12-01,2011-09-01,2193,2532
82616B,FRAPPUCINO SCARF KNITTING KIT,merchandise,536,803.78,75,57,1.5,19,2009-12-01,2011-12-01,2443,2533
21676,FLOWERS  STICKERS,merchandise,1120,802.66,98,75,0.72,23,2009-12-02,2011-11-30,1761,2534
20669,RED HEART LUGGAGE TAG,merchandise,642,800.22,132,103,1.25,22,2009-12-02,2011-11-27,2303,2535
21555,CERAMIC STRAWBERRY TRINKET TRAY,merchandise,322,799.5,51,38,2.48,21,2009-12-02,2011-11-06,2833,2536
84632,DECORATIVE HANGING SHELVING UNIT,merchandise,14,799.3,10,8,57.09,7,2010-03-11,2011-07-21,4277,2537
85166B,BLACK METAL BAROQUE PHOTO FRAME,merchandise,501,798.75,31,28,1.59,11,2009-12-04,2010-11-14,2492,2538
82616C,MIDNIGHT GLAMOUR SCARF KNITTING KIT,merchandise,541,797.12,78,57,1.47,20,2009-12-02,2011-12-06,2435,2539
22510,GINGHAM BABUSHKA DOORSTOP,merchandise,316,796.36,82,70,2.52,19,2010-03-15,2011-12-08,2855,2540
22936,BAKING MOULD ROSE WHITE CHOCOLATE,merchandise,267,796.13,33,30,2.98,11,2010-12-08,2011-12-08,2988,2541
23022,SMALL BONNE JAM JAR  T-LIGHT HOLDER,merchandise,416,795.68,21,19,1.91,7,2011-06-15,2011-12-05,2635,2542
21331,MOROCCAN BEATEN METAL DISH LARGE,merchandise,104,793.74,24,23,7.63,14,2009-12-06,2011-11-16,3528,2543
22247,BUNNY DECORATION MAGIC GARDEN,merchandise,971,792.07,102,86,0.82,14,2009-12-13,2011-11-25,1912,2544
84685,BEACH HUT KEY CABINET,merchandise,360,790.0,54,46,2.19,16,2009-12-10,2011-05-22,2736,2545
20913,SET/5 BLUE SPOTTY LID GLASS BOWLS,merchandise,295,787.05,30,26,2.67,2,2009-12-02,2010-01-17,2908,2546
22134,MINI LADLE LOVE HEART RED,merchandise,1987,784.74,126,80,0.39,25,2009-12-02,2011-12-06,1213,2547
85032C,CURIOUS IMAGES GIFT WRAP SET,merchandise,799,784.7,100,85,0.98,22,2009-12-04,2011-12-08,2117,2548
85196,EASTER BUNNIES ON A STICK,merchandise,1536,783.96,66,59,0.51,4,2009-12-07,2010-03-29,1461,2549
85194S,HANGING SPRING FLOWER EGG SMALL,merchandise,1680,783.8,95,84,0.47,19,2010-01-05,2011-12-04,1375,2550
84767,ZINC POLICE BOX LANTERN,merchandise,193,783.7,4,4,4.06,3,2009-12-14,2010-03-14,3217,2551
21264,WHITE GOOSE FEATHER TREE 60CM,merchandise,352,782.4,57,51,2.22,12,2009-12-08,2011-12-06,2759,2552
21318,GLASS CHALICE BLUE SMALL,merchandise,936,780.3,77,70,0.83,16,2009-12-13,2011-05-06,1951,2553
23004,TRAVEL CARD WALLET PANTRY,merchandise,1853,779.9,123,73,0.42,11,2011-02-16,2011-12-09,1274,2554
21414,SCALLOP SHELL SOAP DISH,merchandise,1614,779.4,20,17,0.48,10,2009-12-14,2011-02-22,1415,2555
84660C,PINK STITCHED WALL CLOCK,merchandise,689,778.07,55,29,1.13,16,2009-12-02,2011-09-08,2243,2556
23472,NINE DRAWER OFFICE TIDY,merchandise,54,777.9,30,29,14.41,3,2011-10-02,2011-12-07,3822,2557
22216,T-LIGHT HOLDER WHITE LACE,merchandise,1069,775.57,57,48,0.73,21,2009-12-02,2011-12-09,1801,2558
22825,DECORATIVE PLANT POT WITH FRIEZE,merchandise,99,775.05,34,32,7.83,14,2010-10-22,2011-11-27,3555,2559
23220,REINDEER HEART DECORATION GOLD,merchandise,929,774.43,77,55,0.83,6,2011-06-09,2011-12-08,1962,2560
85170D,SET/6 PINK BIRD T-LIGHT CANDLES,merchandise,575,774.29,77,48,1.35,23,2009-12-01,2011-12-05,2380,2561
22547,MINI JIGSAW DINOSAUR,merchandise,1913,773.01,109,84,0.4,22,2010-03-28,2011-12-08,1250,2562
21551,CERAMIC BIRDHOUSE BUTTERFLY LARGE,merchandise,165,772.95,19,16,4.68,2,2009-12-02,2010-01-29,3301,2563
85163A,WHITE BAROQUE WALL CLOCK,merchandise,79,772.65,41,35,9.78,18,2009-12-02,2011-11-23,3677,2564
21632,VINTAGE PINK DECORATIVE PARASOL,merchandise,102,772.5,32,30,7.57,12,2009-12-02,2011-01-05,3536,2565
23409,PHOTO FRAME LINEN AND LACE LARGE,merchandise,208,771.72,41,39,3.71,4,2011-09-07,2011-12-05,3172,2566
85136A,YELLOW SHARK HELICOPTER,merchandise,97,771.15,67,64,7.95,20,2009-12-02,2011-12-06,3569,2567
35646,VINTAGE BEAD PINK EVENING BAG,merchandise,537,770.88,51,37,1.44,16,2009-12-02,2011-11-30,2441,2568
23324,RUSTIC STRAWBERRY JAMPOT LARGE,merchandise,381,770.4,39,38,2.02,4,2011-08-05,2011-11-27,2696,2569
22820,GIFT BAG BIRTHDAY,merchandise,1184,769.78,76,67,0.65,16,2010-09-15,2011-12-01,1715,2570
37327,ASSTD MULTICOLOUR CIRCLES MUG,merchandise,1541,769.73,52,42,0.5,17,2009-12-02,2011-11-10,1456,2571
84908A,PINK 5 PATCH FLOWER CUSHION COVER,merchandise,387,769.65,7,4,1.99,4,2010-02-07,2010-09-27,2687,2572
23106,ZINC PLANT POT HOLDER,merchandise,283,769.27,50,49,2.72,8,2011-05-13,2011-12-08,2946,2573
72750A,FLOWER FAIRY SET OF 3 LILY CANDLES,merchandise,383,766.85,16,13,2.0,5,2009-12-02,2010-04-23,2694,2574
16259,PIECE OF CAMO STATIONERY SET,merchandise,5473,766.09,55,46,0.14,20,2009-12-07,2011-11-13,477,2575
84659A,WHITE TRAVEL ALARM CLOCK,merchandise,311,765.66,71,55,2.46,20,2009-12-11,2011-11-21,2869,2576
85188A,GREEN METAL SWINGING BUNNY,merchandise,904,765.28,81,67,0.85,8,2010-01-11,2011-04-21,1992,2577
21444,BLUE CHALET BIRDFEEDER,merchandise,273,763.75,20,18,2.8,5,2009-12-02,2010-04-26,2971,2578
23458,DOLLY CABINET 3 DRAWERS,merchandise,51,762.45,30,30,14.95,3,2011-10-17,2011-12-08,3846,2579
21851,LILAC DIAMANTE PEN IN GIFT BOX,merchandise,388,761.42,46,34,1.96,18,2009-12-02,2011-11-17,2683,2580
23550,WRAP ALPHABET POSTER,merchandise,1850,761.0,63,60,0.41,6,2011-07-18,2011-12-09,1276,2581
22420,LIPSTICK PEN BABY PINK,merchandise,1818,758.87,149,111,0.42,20,2010-05-07,2011-12-08,1298,2582
72801G,S/4 BURGUNDY WINE DINNER CANDLES,merchandise,1308,758.52,52,43,0.58,17,2009-12-01,2011-11-15,1601,2583
23423,PANTRY 3 HOOK ROLLING PIN HANGER,merchandise,202,757.5,51,47,3.75,4,2011-09-08,2011-12-05,3192,2584
22408,TIN CAN CONFECTIONERY DESIGN,merchandise,638,756.35,76,72,1.19,20,2010-03-26,2011-12-06,2310,2585
21298,EDWARDIAN 2 DRAWER WALL CABINET,merchandise,52,755.8,14,14,14.53,3,2009-12-14,2010-03-03,3835,2586
84908B,BLUE 5 PATCH FLOWER CUSHION COVER,merchandise,385,755.75,5,2,1.96,2,2010-03-02,2010-06-22,2691,2587
23519,EMBROIDERED RIBBON REEL CLAIRE,merchandise,219,755.01,19,18,3.45,3,2011-09-25,2011-11-22,3137,2588
21335,LIBRARY LAMP,merchandise,36,754.2,22,17,20.95,6,2009-12-01,2010-05-18,3963,2589
23487,SWEET HEART CAKE CARRIER,merchandise,78,754.0,42,41,9.67,3,2011-10-14,2011-12-08,3681,2590
20775,DAISY NOTEBOOK,merchandise,3510,751.5,53,43,0.21,20,2009-12-06,2011-11-30,738,2591
23017,APOTHECARY MEASURING JAR,merchandise,64,751.4,21,20,11.74,6,2011-06-26,2011-11-21,3766,2592
17165B,ASS COL LARGE SAND GECKO P'WEIGHT,merchandise,809,750.63,56,43,0.93,11,2009-12-01,2010-10-10,2103,2593
72755C,FLOWER FAIRY OIL BURNER SET ROSE,merchandise,588,750.0,13,12,1.28,4,2009-12-22,2010-03-26,2361,2594
82613D,METAL SIGN CUPCAKE SINGLE HOOK,merchandise,852,749.6,126,98,0.88,25,2009-12-01,2011-12-06,2055,2595
22058,CERAMIC LOVE HEARTS DESIGN MUG,merchandise,503,749.47,92,71,1.49,12,2009-12-04,2010-11-21,2487,2596
84922,PINK BUTTERFLY WASHBAG,merchandise,335,748.75,10,9,2.24,10,2009-12-03,2011-12-02,2800,2597
71279,PINK GLASS CANDLEHOLDER,merchandise,257,748.55,52,34,2.91,22,2009-12-01,2011-11-07,3010,2598
17012C,ORIGAMI LAVENDER INCENSE/CANDL SET,merchandise,777,747.25,56,47,0.96,20,2010-02-05,2011-12-08,2139,2599
20989,URBAN CHIC CHOPSTICKS SET/5,merchandise,397,744.15,48,29,1.87,4,2009-12-01,2010-03-17,2669,2600
23413,VINTAGE COFFEE GRINDER BOX,merchandise,156,743.4,43,34,4.77,4,2011-09-07,2011-12-08,3336,2601
21185,HOME SWEET HOME  BLACKBOARD,merchandise,120,741.36,36,34,6.18,6,2009-12-03,2010-07-05,3445,2602
21641,ASSORTED TUTTI FRUTTI KEYRING BALL,merchandise,1541,741.13,48,43,0.48,20,2009-12-15,2011-09-16,1457,2603
21503,TOYBOX  WRAP,merchandise,1801,740.42,64,57,0.41,20,2009-12-16,2011-11-30,1303,2604
22289,HANGING METAL CHICKEN DECORATION,merchandise,723,738.75,49,45,1.02,15,2010-01-10,2011-11-22,2200,2605
85127,SMALL SQUARE CUT GLASS CANDLESTICK,merchandise,149,737.55,37,30,4.95,18,2009-12-16,2011-11-24,3351,2606
21300,ANTIQUE EDWARDIAN DRESSER,merchandise,52,737.4,11,11,14.18,3,2009-12-05,2010-03-05,3836,2607
84625D,WHITE NEWBAROQUE CANDLESTICK CANDLE,merchandise,639,734.25,46,36,1.15,12,2009-12-03,2010-11-17,2307,2608
21456,2 PICTURE BOOK EGGS EASTER CHICKS,merchandise,718,732.5,51,42,1.02,10,2009-12-04,2011-12-07,2210,2609
21458,2 PICTURE BOOK EGGS EASTER BUNNY,merchandise,718,732.5,57,51,1.02,10,2009-12-04,2011-11-09,2211,2610
85230F,JASMINE VOTIVE CANDLE,merchandise,2968,732.08,61,48,0.25,19,2009-12-02,2011-11-10,854,2611
ADJUST2,Adjustment by Peter on Jun 25 2010,merchandise,3,731.05,3,3,243.68,1,2010-06-25,2010-06-25,4509,2612
22230,JIGSAW TREE WITH WATERING CAN,merchandise,1366,731.02,123,96,0.54,25,2009-12-04,2011-12-04,1553,2613
47503F,ASS FLORAL PRINT TORCH,merchandise,2567,729.95,11,10,0.28,3,2009-12-02,2010-03-09,967,2614
21554,CERAMIC BIRDHOUSE RED ROOF LARGE,merchandise,163,729.85,19,17,4.48,2,2009-12-01,2010-01-21,3312,2615
84707A,SILVER JEWELLED MIRROR TRINKET TRAY,merchandise,95,729.29,40,36,7.68,19,2009-12-07,2011-12-08,3584,2616
21320,GLASS CHALICE GREEN  LARGE,merchandise,358,726.66,36,31,2.03,14,2009-12-04,2011-04-07,2742,2617
85180B,PINK HEARTS LIGHT CHAIN,merchandise,279,726.63,32,29,2.6,17,2009-12-03,2011-12-06,2959,2618
85187,S/12 MINI RABBIT EASTER,merchandise,452,726.6,88,75,1.61,14,2010-01-21,2011-11-27,2555,2619
90147,CHUNKY SILVER NECKLACE PASTEL FLOWE,merchandise,73,726.35,38,24,9.95,17,2009-12-02,2011-11-27,3709,2620
84596L,BISCUITS SMALL BOWL LIGHT BLUE,merchandise,1265,724.69,130,78,0.57,20,2009-12-01,2011-09-18,1642,2621
22486,PLASMATRONIC LAMP,merchandise,87,724.39,25,22,8.33,12,2010-03-08,2011-12-06,3622,2622
21719,LOVELY BONBON STICKER SHEET,merchandise,854,724.34,92,69,0.85,22,2009-12-04,2011-11-28,2054,2623
84849A,HELLO SAILOR BLUE SOAP HOLDER,merchandise,443,722.75,68,52,1.63,22,2009-12-08,2011-11-24,2581,2624
21376,LARGE  TALL CAMPHOR WOOD TOADSTOOL,merchandise,172,722.6,38,35,4.2,20,2009-12-06,2011-12-04,3279,2625
23335,EGG FRYING PAN IVORY,merchandise,358,722.56,81,62,2.02,7,2011-06-13,2011-12-08,2743,2626
84821,DANISH ROSE DELUXE COASTER,merchandise,1306,722.5,67,50,0.55,22,2010-03-09,2011-12-08,1603,2627
85121C,RETRO LAUNDRY TUB PISTACHIO,merchandise,85,722.5,42,39,8.5,10,2009-12-17,2010-11-17,3634,2628
20936,FORKED CACTUS CANDLE,merchandise,315,722.03,55,42,2.29,19,2009-12-06,2011-12-09,2859,2629
20941,FROG CANDLE,merchandise,928,719.62,69,54,0.78,20,2009-12-01,2011-07-06,1966,2630
85214,TUB 24 PINK FLOWER PEGS,merchandise,436,719.4,135,94,1.65,21,2009-12-06,2011-08-10,2591,2631
90200E,GREEN SWEETHEART BRACELET,merchandise,172,719.0,53,36,4.18,21,2009-12-01,2011-12-07,3280,2632
20769,DAISY JOURNAL,merchandise,407,718.67,61,48,1.77,20,2009-12-07,2011-12-06,2651,2633
84600,NEW BAROQUE JEWELLERY BOX,merchandise,94,717.3,39,31,7.63,17,2009-12-02,2011-12-08,3591,2634
35965,FOLKART HEART NAPKIN RINGS,merchandise,376,716.32,82,62,1.91,22,2009-12-02,2011-09-06,2705,2635
37423,WHITE WITH BLACK CATS PLATE,merchandise,6091,716.23,25,17,0.12,11,2009-12-03,2011-03-18,420,2636
84631,FRUIT TREE AND BIRDS WALL PLAQUE,merchandise,253,715.35,24,19,2.83,13,2009-12-16,2011-06-27,3025,2637
21374,MIRRORED WALL ART SKULLS,merchandise,458,715.0,61,57,1.56,20,2009-12-20,2011-12-01,2546,2638
84638,SMALL KITCHEN FLOWER POTS PLAQUE,merchandise,356,714.2,31,27,2.01,17,2010-02-12,2011-10-20,2751,2639
20850,ZINC HEART LATTICE PLANTER BOWL,merchandise,820,713.8,23,19,0.87,8,2010-01-06,2010-11-11,2090,2640
72131,COLUMBIAN CANDLE RECTANGLE,merchandise,759,713.73,55,42,0.94,18,2009-12-10,2011-11-25,2165,2641
21427,SKULLS STORAGE BOX SMALL,merchandise,450,713.4,73,55,1.59,20,2009-12-03,2011-12-06,2563,2642
20892,SET/3 TALL GLASS CANDLE HOLDER PINK,merchandise,87,712.45,23,21,8.19,13,2009-12-01,2010-12-08,3623,2643
16015,MEDIUM CHINESE STYLE SCISSOR,merchandise,1573,711.88,65,40,0.45,21,2009-12-03,2011-11-17,1441,2644
85208,SET/12 FUNKY FELT FLOWER PEG IN BAG,merchandise,357,710.34,59,56,1.99,20,2009-12-01,2011-11-29,2749,2645
21208,PASTEL COLOUR HONEYCOMB FAN,merchandise,981,709.89,75,65,0.72,22,2009-12-16,2011-12-09,1895,2646
23006,TRAVEL CARD WALLET FLOWER MEADOW,merchandise,1693,709.62,130,88,0.42,11,2011-02-16,2011-12-06,1366,2647
21129,SILVER FISHING GNOME,merchandise,105,709.3,42,24,6.76,17,2010-01-26,2011-11-29,3522,2648
21723,ALPHABET HEARTS STICKER SHEET,merchandise,833,708.05,93,66,0.85,23,2009-12-03,2011-12-05,2072,2649
85130C,BEADED CRYSTAL HEART BLUE  LARGE,merchandise,650,707.86,61,51,1.09,19,2010-01-05,2011-12-07,2293,2650
21344,MOROCCAN BEATEN METAL DISH,merchandise,164,707.8,24,21,4.32,13,2009-12-01,2011-12-08,3307,2651
23123,COCKTAIL SWORDS 50 PIECES,merchandise,899,705.25,68,64,0.78,7,2011-06-17,2011-12-08,1998,2652
21417,COCKLE SHELL DISH,merchandise,425,704.98,58,41,1.66,21,2009-12-01,2011-12-09,2617,2653
21654,RIDGED GLASS FINGER BOWL,merchandise,1135,704.91,62,53,0.62,19,2009-12-03,2011-09-18,1752,2654
23564,EGG CUP MILKMAID INGRID,merchandise,587,703.51,42,39,1.2,3,2011-10-13,2011-12-06,2363,2655
10134,COLOURING PENCILS BROWN TUBE,merchandise,612,702.3,48,44,1.15,12,2009-12-03,2010-11-12,2338,2656
23325,RUSTIC STRAWBERRY JAMPOT SMALL,merchandise,444,701.4,30,27,1.58,4,2011-08-11,2011-11-27,2577,2657
21850,BLUE  DIAMANTE PEN IN GIFT BOX,merchandise,326,700.5,43,29,2.15,18,2009-12-14,2011-12-06,2820,2658
84509C,SET OF 4 POLKADOT PLACEMATS,merchandise,202,699.9,54,45,3.46,20,2009-12-04,2011-11-25,3193,2659
37461,FUNKY MONKEY MUG,merchandise,711,699.15,66,35,0.98,13,2009-12-01,2010-12-05,2221,2660
20776,ABSTRACT CIRCLES NOTEBOOK,merchandise,3187,698.55,53,50,0.22,10,2009-12-01,2010-09-17,807,2661
23187,FRENCH STYLE STORAGE JAR BONBONS,merchandise,2338,695.06,74,66,0.3,7,2011-03-08,2011-11-03,1034,2662
20652,BLUE SPOTTY LUGGAGE TAG,merchandise,1217,694.51,89,73,0.57,24,2009-12-04,2011-12-08,1681,2663
22104,MIRROR MOSAIC CANDLE PLATE,merchandise,1026,694.26,41,31,0.68,16,2009-12-08,2011-11-29,1851,2664
72755D,FLOWER FAIRY OIL BURNER SET SUMMER,merchandise,533,693.25,13,12,1.3,4,2009-12-04,2010-03-26,2447,2665
85093,CANDY SPOT EGG WARMER HARE,merchandise,1044,692.74,59,57,0.66,15,2009-12-14,2011-11-03,1826,2666
21133,PAINTED BIRD ASSORTED CHRISTMAS,merchandise,409,691.21,41,38,1.69,9,2009-12-01,2010-09-13,2649,2667
21942,SKULLS DESIGN FLANNEL,merchandise,1322,691.2,64,41,0.52,23,2009-12-03,2011-12-05,1587,2668
23183,MOTHER'S KITCHEN SPOON REST,merchandise,178,690.71,58,45,3.88,9,2011-03-03,2011-11-24,3266,2669
23222,CHRISTMAS TREE HANGING GOLD,merchandise,776,690.64,64,49,0.89,6,2011-06-23,2011-12-08,2141,2670
79342B,BROWN FLOWER LIGHTS,merchandise,109,688.95,24,22,6.32,5,2009-12-01,2010-04-06,3503,2671
85071C,"CHARLIE+LOLA""EXTREMELY BUSY"" SIGN",merchandise,1203,685.12,98,85,0.57,21,2009-12-06,2011-12-09,1694,2672
82607A,GLASS BONBON JAR PARFUME AUX FLEURE,merchandise,568,684.73,88,65,1.21,11,2009-12-03,2010-10-12,2389,2673
84715,SET OF 6 ICE CREAM SKITTLES,merchandise,232,684.4,39,35,2.95,13,2010-02-09,2011-04-13,3100,2674
23114,VINTAGE LEAF CHOPPING BOARD,merchandise,144,684.0,41,40,4.75,4,2011-09-30,2011-12-07,3365,2675
23115,RED APPLES CHOPPING BOARD,merchandise,144,684.0,38,38,4.75,4,2011-09-30,2011-12-07,3366,2676
17165D,ASS COL LARGE SAND FROG P'WEIGHT,merchandise,716,682.32,89,62,0.95,14,2009-12-01,2011-01-12,2215,2677
21443,OLIVE CHALET BIRDFEEDER,merchandise,251,681.25,20,18,2.71,4,2009-12-04,2010-03-30,3028,2678
20803,SMALL PINK GLASS SUNDAE DISH,merchandise,1091,680.91,61,50,0.62,18,2009-12-07,2011-05-01,1784,2679
21674,RIDGED GLASS PENDANT LAMPSHADE,merchandise,43,680.85,9,8,15.83,4,2009-12-07,2010-03-10,3924,2680
84971L,LARGE HEART FLOWERS HOOK,merchandise,568,680.36,43,37,1.2,5,2009-12-01,2010-04-07,2390,2681
84925D,LA PALMIERA WALL THERMOMETER,merchandise,453,680.0,26,24,1.5,14,2009-12-07,2011-06-23,2553,2682
85023B,EAU DE NILE JEWELLED PHOTOFRAME,merchandise,292,679.8,37,32,2.33,18,2009-12-03,2011-12-05,2920,2683
21480,PINK STRIPE HOT WATER BOTTLE,merchandise,245,679.55,38,35,2.77,1,2009-12-01,2009-12-16,3057,2684
35954,SMALL FOLKART STAR CHRISTMAS DEC,merchandise,2112,679.35,66,58,0.32,11,2009-12-01,2011-11-09,1147,2685
23562,SET OF 6 RIBBONS PERFECTLY PRETTY,merchandise,243,678.27,37,37,2.79,2,2011-11-27,2011-12-09,3065,2686
21255,"FRENCH BOTTLE , LAVENDER",merchandise,422,677.1,55,46,1.6,5,2009-12-02,2010-04-18,2623,2687
72800A,S/4 BLACK DINNER CANDLE SILVER FLOC,merchandise,661,676.71,34,19,1.02,6,2009-12-02,2010-05-16,2277,2688
84842,HELLO SAILOR BATHROOM SET,merchandise,1495,675.05,26,22,0.45,13,2010-01-14,2011-11-27,1483,2689
47310M,"SMALL POP BOX,FUNKY MONKEY",merchandise,574,674.58,81,37,1.18,24,2009-12-17,2011-12-06,2383,2690
21222,SET/4 BADGES BEETLES,merchandise,530,672.18,84,70,1.27,23,2009-12-07,2011-12-09,2453,2691
84689,S/2 BEACH HUT TREASURE CHESTS,merchandise,305,671.65,34,29,2.2,13,2009-12-18,2011-05-04,2887,2692
35951,FOLKART BAUBLE CHRISTMAS DECORATION,merchandise,1339,671.51,40,35,0.5,12,2009-12-01,2010-11-25,1577,2693
72799C,PINK PILLAR CANDLE SILVER FLOCK,merchandise,452,670.28,39,32,1.48,16,2009-12-01,2011-12-07,2556,2694
21265,PINK GOOSE FEATHER TREE 60CM,merchandise,315,670.25,28,26,2.13,13,2009-12-06,2011-12-07,2860,2695
23223,CHRISTMAS TREE HANGING SILVER,merchandise,745,670.11,67,51,0.9,6,2011-06-23,2011-12-08,2180,2696
23025,DRAWER KNOB VINTAGE GLASS BALL,merchandise,317,669.61,46,40,2.11,7,2011-06-27,2011-12-02,2852,2697
85213,MINI  ZINC GARDEN DECORATIONS,merchandise,1270,669.58,49,48,0.53,17,2009-12-13,2011-07-31,1640,2698
22036,DINOSAUR BIRTHDAY CARD,merchandise,1618,668.76,110,77,0.41,9,2009-12-01,2010-08-12,1411,2699
84615,PINK ROUND BUTTERFLY MIRROR,merchandise,235,667.83,18,13,2.84,5,2009-12-08,2010-04-12,3089,2700
72753A,S/3 FLWR FAIRY LILLY CANDLES,merchandise,312,666.9,11,10,2.14,2,2009-12-01,2010-01-27,2866,2701
20661,BLUE SPOTTY PURSE,merchandise,788,665.12,42,37,0.84,15,2009-12-07,2011-10-31,2126,2702
84029C,BROWN FURRY HOT WATER BOTTLE,merchandise,191,665.05,38,27,3.48,2,2009-12-01,2010-01-05,3226,2703
23568,EGG CUP HENRIETTA HEN CREAM,merchandise,580,664.52,28,24,1.15,3,2011-10-16,2011-12-05,2377,2704
37492D,PURPLE GREEN FLOWER PIGGY BANK,merchandise,359,664.35,24,18,1.85,5,2009-12-04,2010-04-26,2740,2705
21457,2 PICTURE BOOK EGGS EASTER DUCKS,merchandise,663,663.75,48,45,1.0,10,2009-12-04,2011-11-09,2273,2706
22638,SET OF 4 NAPKIN CHARMS CROWNS,merchandise,366,663.07,59,56,1.81,16,2010-07-23,2011-12-08,2725,2707
21478,SILVER SKULL HOT WATER BOTTLE,merchandise,179,662.61,76,57,3.7,10,2010-01-19,2010-10-31,3262,2708
20894,HANGING BAUBLE T-LIGHT HOLDER LARGE,merchandise,231,662.25,60,47,2.87,17,2009-12-01,2011-11-17,3104,2709
23024,LARGE BONNE JAM JAR  T-LIGHT HOLDER,merchandise,254,662.06,10,8,2.61,6,2011-06-22,2011-11-14,3017,2710
23597,PAPER BUNTING PAISLEY PARK,merchandise,246,661.7,28,28,2.69,2,2011-11-10,2011-12-08,3053,2711
85231E,STRAWBERRY SCENTED SET/9 T-LIGHTS,merchandise,815,661.55,93,77,0.81,7,2009-12-01,2010-06-13,2097,2712
23547,WRAP FLOWER SHOP,merchandise,1575,661.5,62,57,0.42,6,2011-07-20,2011-12-06,1439,2713
17109C,FLOWER FAIRY INCENSE ROSE,merchandise,3124,661.23,15,13,0.21,4,2009-12-02,2010-03-03,817,2714
84620,BLUE GINGHAM ROSE CUSHION COVER,merchandise,111,660.45,46,41,5.95,13,2009-12-02,2010-12-15,3492,2715
35095B,RED VICTORIAN FABRIC OVAL BOX,merchandise,1824,659.87,92,73,0.36,25,2009-12-01,2011-12-06,1292,2716
21764,VINTAGE WOODEN PLATE RACK,merchandise,17,659.15,11,11,38.77,4,2009-12-08,2010-03-12,4220,2717
16169K,WRAP FOLK ART,merchandise,2075,658.75,59,56,0.32,13,2009-12-04,2011-09-28,1169,2718
23454,THREE MINI HANGING FRAMES,merchandise,161,658.55,46,41,4.09,3,2011-10-21,2011-12-08,3319,2719
23140,TRIPLE WIRE HOOK IVORY HEART,merchandise,160,658.54,35,29,4.12,8,2011-04-19,2011-11-13,3323,2720
23042,PAPER LANTERN 7 POINT SNOW STAR,merchandise,99,658.35,25,25,6.65,9,2011-04-28,2011-12-01,3556,2721
21220,SET/4 BADGES DOGS,merchandise,516,658.31,82,65,1.28,24,2009-12-07,2011-12-09,2475,2722
20783,HEART EAR MUFF HEADPHONES,merchandise,130,658.26,34,20,5.06,8,2009-12-02,2010-08-16,3413,2723
84976,RECTANGULAR SHAPED MIRROR,merchandise,652,656.9,42,40,1.01,17,2009-12-16,2011-12-08,2291,2724
84686,BEACH HUT MIRROR,merchandise,344,654.54,37,33,1.9,13,2009-12-11,2011-07-10,2778,2725
84952C,MIRROR LOVE BIRD T-LIGHT HOLDER,merchandise,381,654.15,24,18,1.72,12,2009-12-02,2011-10-11,2697,2726
21308,LOUVRE VANITY MIRROR,merchandise,129,653.85,3,3,5.07,2,2009-12-06,2010-01-12,3416,2727
84595E,LARGE TORTILLA DESIGN RED BOWL,merchandise,350,653.1,27,22,1.87,15,2009-12-03,2011-07-31,2766,2728
20862,PINK PATCH PENCIL CASE BLUE HEART,merchandise,316,652.53,28,21,2.06,6,2009-12-06,2010-06-30,2856,2729
35647,VINTAGE BEAD PINK SHADE,merchandise,525,652.5,43,19,1.24,12,2010-02-02,2011-03-11,2462,2730
23522,WALL ART DOG AND BALL,merchandise,341,652.17,21,20,1.91,3,2011-10-03,2011-12-08,2783,2731
23482,PEARLISED IVORY HEART LARGE,merchandise,415,651.15,36,32,1.57,3,2011-10-14,2011-12-06,2637,2732
84534B,FAIRY CAKE NOTEBOOK A5 SIZE,merchandise,766,651.1,107,69,0.85,14,2009-12-01,2011-01-20,2152,2733
21084,SET/6 COLLAGE PAPER CUPS,merchandise,2486,650.4,136,113,0.26,23,2009-12-06,2011-12-07,984,2734
20998,ROSE DU SUD OVEN GLOVE,merchandise,221,649.15,58,52,2.94,20,2009-12-02,2011-10-14,3128,2735
22248,DECORATION  PINK CHICK MAGIC GARDEN,merchandise,773,648.73,85,77,0.84,18,2009-12-13,2011-11-16,2144,2736
23521,WALL ART CAT AND BIRD,merchandise,388,648.62,22,21,1.67,3,2011-10-03,2011-12-06,2684,2737
21758,VINTAGE SHELLS PRINT,merchandise,101,647.45,45,34,6.41,18,2009-12-10,2011-11-16,3541,2738
85019C,CURIOUS  IMAGES NOTEBOOK SET,merchandise,424,647.0,23,18,1.53,14,2009-12-04,2011-06-09,2619,2739
85028S,FRENCH CHATEAU SMALL FRUITBOWL,merchandise,429,646.65,32,29,1.51,10,2009-12-01,2011-04-08,2608,2740
23408,PHOTO FRAME LINEN AND LACE SMALL,merchandise,310,644.8,59,53,2.08,4,2011-09-07,2011-12-07,2872,2742
21350,GINGHAM HEART WREATH,merchandise,224,644.8,41,39,2.88,6,2009-12-02,2010-11-05,3125,2741
22033,BOTANICAL ROSE GREETING CARD,merchandise,1552,644.64,107,80,0.42,19,2009-12-03,2011-07-21,1451,2743
23120,PACK OF 6 SMALL FRUIT STRAWS,merchandise,1617,644.58,79,69,0.4,7,2011-06-17,2011-12-06,1413,2744
22229,BUNNY WOODEN PAINTED WITH FLOWER,merchandise,860,644.52,114,101,0.75,20,2009-12-04,2011-12-05,2045,2745
84709B,PINK OVAL JEWELLED MIRROR,merchandise,113,641.15,41,32,5.67,17,2009-12-01,2011-06-26,3482,2746
16169M,WRAP DAISY CARPET,merchandise,2060,640.95,59,56,0.31,21,2009-12-03,2011-12-02,1179,2747
21319,GLASS CHALICE GREEN  SMALL,merchandise,474,640.26,48,44,1.35,17,2009-12-07,2011-04-10,2523,2748
85163B,BLACK BAROQUE WALL CLOCK,merchandise,68,639.6,37,26,9.41,20,2010-01-07,2011-11-23,3745,2749
84766,SILVER ROCOCO CANDLE STICK,merchandise,200,638.0,27,24,3.19,13,2010-01-14,2011-11-03,3198,2750
16169N,WRAP BLUE RUSSIAN FOLKART,merchandise,2050,636.75,56,52,0.31,12,2009-12-01,2010-12-06,1186,2751
22034,ROBIN CHRISTMAS CARD,merchandise,1536,636.48,83,71,0.41,7,2009-12-01,2010-12-05,1462,2752
22344,PARTY PIZZA DISH PINK+WHITE SPOT,merchandise,1356,636.24,84,65,0.47,22,2009-12-02,2011-12-08,1560,2753
22640,SET OF 4 NAPKIN CHARMS 3 KEYS,merchandise,300,634.92,69,58,2.12,18,2010-06-24,2011-12-06,2898,2754
85031A,ROMANTIC IMAGES SCRAP BOOK SET,merchandise,386,634.2,38,36,1.64,15,2009-12-02,2011-04-13,2690,2755
23456,MEDIUM PARLOUR PICTURE FRAME,merchandise,158,634.1,36,33,4.01,3,2011-10-16,2011-12-04,3330,2756
17164B,ASS COL SMALL SAND GECKO P'WEIGHT,merchandise,1586,634.08,80,64,0.4,14,2009-12-01,2011-01-26,1431,2757
20897,VINTAGE NOTEBOOK PARIS DAYS,merchandise,304,631.6,37,29,2.08,19,2009-12-01,2011-08-05,2891,2758
84869,CANDY BUTTON PHOTO ALBUM,merchandise,295,631.25,21,18,2.14,5,2009-12-09,2010-04-23,2909,2759
40018E,TEA TIME PAPER LANTERNS,merchandise,334,630.5,48,37,1.89,7,2009-12-01,2010-07-25,2802,2760
84964A,PINK PAINTED KASHMIRI TABLE,merchandise,11,630.0,2,2,57.27,2,2010-02-22,2010-11-02,4331,2761
23551,PACK OF 12 PAISLEY PARK TISSUES,merchandise,1614,629.46,95,88,0.39,4,2011-09-01,2011-12-08,1416,2762
23019,SMALL APOTHECARY MEASURING JAR,merchandise,81,629.05,28,26,7.77,7,2011-06-21,2011-12-08,3663,2763
84033,FLAG OF ST GEORGE,merchandise,381,628.65,44,41,1.65,12,2010-01-15,2011-09-14,2698,2764
72023F,RED ORGANIC CANDLE IN GLASS,merchandise,613,627.05,38,34,1.02,6,2009-12-01,2010-08-08,2336,2765
17129F,DEEP BLUE GLASS GEMS IN BAG,merchandise,940,626.5,41,19,0.67,19,2009-12-09,2011-11-10,1947,2766
71101E,STANDING FAIRY POLE SUPPORT,merchandise,777,626.13,47,34,0.81,20,2009-12-13,2011-11-21,2140,2767
85218,S/5 MINI ICE CREAM FRIDGE MAGNETS,merchandise,1992,625.2,2,2,0.31,2,2010-01-14,2010-02-15,1210,2768
37482P,CUBIC MUG PINK POLKADOT,merchandise,637,624.27,61,50,0.98,16,2009-12-03,2011-04-13,2311,2769
85170C,SET/6 EAU DE NIL BIRD T-LIGHTS,merchandise,432,624.23,48,40,1.44,23,2009-12-02,2011-11-29,2604,2770
21197,MULTICOLOUR  CONFETTI IN TUBE,merchandise,425,623.01,31,29,1.47,15,2010-03-03,2011-12-02,2618,2771
85028L,FRENCH CHATEAU LARGE FRUIT BOWL,merchandise,269,621.75,25,22,2.31,9,2009-12-01,2011-04-08,2980,2772
85230E,STRAWBRY SCENTED VOTIVE CANDLE,merchandise,2421,621.45,65,44,0.26,22,2009-12-08,2011-09-11,1009,2773
23224,CHERUB HEART DECORATION GOLD,merchandise,719,620.45,59,44,0.86,7,2011-06-02,2011-12-08,2208,2774
20898,VINTAGE NOTEBOOK TRAVELOGUE,merchandise,307,620.05,37,35,2.02,16,2009-12-08,2011-10-23,2881,2775
90175A,WHITE GLASS CHUNKY CHARM BRACELET,merchandise,70,620.05,28,20,8.86,15,2009-12-01,2011-06-05,3730,2776
22056,CERAMIC PLATE LOVE HEART DESIGN,merchandise,596,619.84,25,23,1.04,8,2009-12-08,2010-07-27,2356,2777
84708B,PINK JEWELLED PHOTO FRAME,merchandise,126,618.1,45,36,4.91,20,2009-12-02,2011-12-07,3426,2778
21415,CLAM SHELL SMALL,merchandise,322,617.89,56,41,1.92,23,2009-12-11,2011-12-08,2834,2779
21253,SET OF PICTURE FRAME  STICKERS,merchandise,231,616.29,51,41,2.67,21,2009-12-02,2011-12-08,3105,2780
84932C,SMALL ORIENTAL BLUE FOLDING STOOL,merchandise,282,615.4,34,31,2.18,7,2009-12-04,2010-06-30,2950,2781
21366,MIRRORED WALL ART PHOTO FRAMES,merchandise,156,615.0,26,24,3.94,18,2009-12-10,2011-12-07,3337,2782
84761,IVORY HANGING BIRD PLANTER,merchandise,245,613.95,46,33,2.51,10,2009-12-03,2010-09-16,3058,2783
23216,LAUREL HEART ANTIQUE GOLD,merchandise,518,613.51,40,32,1.18,7,2011-06-02,2011-12-06,2470,2784
16244B,MAXWELL 2 TONE BLUE 60 PAGE PHOTO A,merchandise,309,612.85,8,8,1.98,7,2009-12-06,2011-05-11,2877,2785
35651,VINTAGE BEAD PINK SCARF,merchandise,337,612.75,37,32,1.82,12,2009-12-02,2011-11-10,2794,2786
23282,FOLDING MIRROR IVORY,merchandise,753,612.72,102,67,0.81,8,2011-05-09,2011-12-05,2170,2787
22641,SET OF 4 NAPKIN CHARMS INSTUMENT,merchandise,269,611.87,53,49,2.27,16,2010-07-21,2011-12-07,2981,2788
23453,OVAL  MINI PORTRAIT FRAME,merchandise,315,611.85,46,40,1.94,3,2011-10-14,2011-12-08,2861,2789
20782,CAMOUFLAGE EAR MUFF HEADPHONES,merchandise,111,611.15,51,39,5.51,19,2009-12-01,2011-12-06,3493,2790
20763,DAISY SKETCHBOOK,merchandise,246,610.61,59,54,2.48,22,2009-12-07,2011-12-06,3054,2791
23492,VINTAGE JINGLE BELLS WREATH,merchandise,74,610.5,26,24,8.25,3,2011-10-20,2011-12-05,3705,2792
47594B,SCOTTIES DESIGN WASHBAG,merchandise,313,610.35,83,67,1.95,23,2009-12-04,2011-11-08,2863,2793
23070,EDWARDIAN HEART PHOTO FRAME,merchandise,147,610.05,33,29,4.15,8,2011-05-04,2011-12-04,3357,2794
16156N,"WRAP, FRIENDSHIP ON GREEN",merchandise,1450,609.0,55,51,0.42,7,2009-12-01,2010-06-21,1507,2795
90209C,PINK ENAMEL+GLASS HAIR COMB,merchandise,330,609.0,24,15,1.85,14,2009-12-01,2011-10-02,2809,2796
22345,PARTY PIZZA DISH BLUE+WHITE SPOT,merchandise,1311,608.61,82,62,0.46,24,2009-12-02,2011-12-08,1598,2797
16012,FOOD/DRINK SPUNGE STICKERS,merchandise,2901,608.01,82,67,0.21,22,2009-12-02,2011-12-05,866,2798
90200B,BLACK SWEETHEART BRACELET,merchandise,143,607.75,45,28,4.25,21,2009-12-01,2011-12-07,3369,2799
84601A,NEW BAROQUE IVORY CUSHION COVER,merchandise,254,607.7,12,9,2.39,7,2009-12-01,2010-07-15,3018,2800
35915B,BLUE KNITTED HEN,merchandise,434,606.66,31,31,1.4,10,2009-12-18,2011-03-28,2599,2801
23435,3 RAFFIA RIBBONS VINTAGE CHRISTMAS,merchandise,676,606.28,44,40,0.9,4,2011-09-11,2011-12-07,2255,2802
85044,RED REINDEER STRING OF 20 LIGHTS,merchandise,131,605.75,26,26,4.62,6,2009-12-01,2010-11-22,3409,2803
35095A,BLUE VICTORIAN FABRIC OVAL BOX,merchandise,1665,605.57,78,61,0.36,23,2009-12-01,2011-12-06,1386,2804
85135A,YELLOW DRAGONFLY HELICOPTER,merchandise,76,604.2,50,40,7.95,13,2009-12-02,2011-11-24,3698,2805
84932A,SMALL GREEN PEONY FOLDING STOOL,merchandise,262,602.6,24,22,2.3,7,2009-12-04,2010-06-14,3000,2806
22981,PANTRY APPLE CORER,merchandise,435,601.95,72,58,1.38,10,2011-03-03,2011-12-07,2596,2807
84986B,SET OF 36 SILVER PAPER DOILIES,merchandise,415,601.75,67,58,1.45,11,2009-12-01,2010-10-13,2638,2808
21378,SMALL TALL CAMPHOR WOOD TOADSTOOL,merchandise,522,601.5,57,47,1.15,22,2009-12-08,2011-12-07,2466,2809
21750,LARGE SKULL WINDMILL,merchandise,292,601.2,51,43,2.06,19,2009-12-14,2011-10-18,2921,2810
85017A,ENVELOPE 50 ROMANTIC IMAGES,merchandise,924,599.64,53,45,0.65,12,2009-12-03,2011-04-03,1974,2811
20854,BLUE PATCH PURSE PINK HEART,merchandise,374,599.3,83,66,1.6,15,2009-12-03,2011-02-20,2709,2812
84507C,BLUE CIRCLES DESIGN MONKEY DOLL,merchandise,427,599.25,62,27,1.4,21,2009-12-01,2011-10-23,2613,2813
21775,DECORATIVE FLORE BATHROOM BOTTLE,merchandise,511,598.91,79,63,1.17,22,2009-12-08,2011-11-29,2479,2814
85031B,BLOSSOM IMAGES SCRAP BOOK SET,merchandise,408,598.8,26,25,1.47,12,2009-12-02,2010-12-16,2650,2815
22042,CHRISTMAS CARD SINGING ANGEL,merchandise,1673,597.78,96,89,0.36,14,2009-12-01,2011-12-06,1379,2816
23027,DRAWER KNOB VINTAGE GLASS HEXAGON,merchandise,287,596.96,27,26,2.08,7,2011-06-22,2011-12-02,2936,2817
21386,IVORY HANGING DECORATION  EGG,merchandise,1097,596.69,82,72,0.54,20,2010-01-17,2011-12-04,1778,2818
21247,SET OF RED SALAD SERVERS,merchandise,400,596.0,61,44,1.49,11,2009-12-01,2010-10-03,2663,2819
23471,SIX DRAWER OFFICE TIDY,merchandise,64,596.0,26,26,9.31,4,2011-09-30,2011-12-02,3767,2820
84578,ELEPHANT TOY WITH BLUE T-SHIRT,merchandise,160,595.68,78,67,3.72,5,2009-12-01,2010-04-09,3324,2821
23124,18PC WOODEN CUTLERY SET DISPOSABLE,merchandise,503,595.15,24,23,1.18,5,2011-06-17,2011-10-11,2488,2822
20831,GOLD PHOTO FRAME,merchandise,394,594.84,51,34,1.51,22,2009-12-01,2011-12-09,2676,2823
85017C,ENVELOPE 50 CURIOUS IMAGES,merchandise,936,594.36,56,44,0.64,17,2009-12-04,2011-05-12,1952,2824
20615,BLUE SPOTTY PASSPORT COVER,merchandise,462,593.44,78,59,1.28,25,2009-12-07,2011-12-08,2536,2825
72772,SET/4 SCENTED CANDLES IN RAMEKINS,merchandise,454,592.5,8,8,1.31,2,2009-12-13,2010-01-17,2551,2826
20735,BLACK MINI TAPE MEASURE,merchandise,829,592.25,63,30,0.71,20,2009-12-06,2011-12-06,2079,2827
90199C,5 STRAND GLASS NECKLACE CRYSTAL,merchandise,100,592.0,26,24,5.92,14,2009-12-01,2011-11-08,3547,2828
20839,FRENCH PAISLEY CUSHION COVER,merchandise,513,591.79,60,53,1.15,18,2010-01-07,2011-12-07,2477,2829
84963B,BLUE PAINTED KASHMIRI CHAIR,merchandise,18,591.5,6,5,32.86,5,2010-05-19,2011-08-04,4197,2830
17012B,ORIGAMI JASMINE INCENSE/CANDLE SET,merchandise,617,590.85,48,43,0.96,18,2010-03-03,2011-11-30,2332,2831
21816,CHRISTMAS TREE T-LIGHT HOLDER,merchandise,407,590.15,41,34,1.45,10,2009-12-01,2011-11-27,2652,2832
84663A,GRASS HOPPER WOODEN WALL CLOCK,merchandise,345,589.79,39,34,1.71,16,2009-12-07,2011-11-20,2774,2833
21221,SET/4 BADGES CUTE CREATURES,merchandise,463,589.64,61,55,1.27,23,2009-12-01,2011-12-07,2531,2834
17109D,FLOWER FAIRY INCENSE BOUQUET,merchandise,1255,588.25,36,33,0.47,14,2009-12-04,2011-04-21,1647,2835
22043,CHRISTMAS CARD SCREEN PRINT,merchandise,2124,588.12,92,86,0.28,14,2009-12-06,2011-12-02,1142,2836
23018,LARGE APOTHECARY MEASURING JAR,merchandise,50,587.2,20,19,11.74,6,2011-06-26,2011-11-16,3855,2837
17012A,ORIGAMI VANILLA INCENSE/CANDLE SET,merchandise,644,586.6,34,30,0.91,18,2010-03-03,2011-12-02,2299,2838
20714,POSY SHOPPER BAG,merchandise,1513,586.25,12,10,0.39,2,2009-12-02,2010-01-05,1474,2839
85078,SCANDINAVIAN 3 HEARTS NAPKIN RING,merchandise,2068,585.8,84,63,0.28,18,2009-12-03,2011-10-31,1174,2840
23520,EMBROIDERED RIBBON REEL RUBY,merchandise,165,585.63,30,30,3.55,4,2011-09-22,2011-12-05,3302,2841
21076,SET/20 COLLAGE PAPER NAPKIN,merchandise,759,584.67,73,60,0.77,4,2009-12-02,2010-03-16,2166,2842
84247G,"DECOUPAGE,GREETING CARD,",merchandise,1404,584.64,87,54,0.42,20,2009-12-03,2011-07-14,1530,2843
84684,BEACH HUT PHOTO FRAME,merchandise,574,583.1,21,17,1.02,6,2009-12-01,2010-06-04,2384,2844
21263,GREEN GOOSE FEATHER TREE 60CM,merchandise,286,581.7,44,39,2.03,9,2010-09-13,2011-12-06,2938,2845
22100,SKULLS SQUARE TISSUE BOX,merchandise,949,581.67,81,71,0.61,22,2009-12-03,2011-12-06,1936,2846
35811A,ENAMEL PINK SUGAR CONTAINER,merchandise,391,581.58,47,24,1.49,11,2009-12-03,2010-10-08,2679,2847
84934,ASSTD DESIGN POP ART SLIM PEN,merchandise,684,581.4,12,12,0.85,5,2009-12-01,2010-04-09,2245,2848
21440,12 MINI TOADSTOOL PEGS,merchandise,465,581.25,88,72,1.25,8,2009-12-01,2010-07-01,2528,2849
22538,MINI JIGSAW GO TO THE FAIR,merchandise,1409,580.74,62,56,0.41,21,2010-03-28,2011-12-05,1528,2850
22092,BLUE PAISLEY TISSUE BOX,merchandise,929,580.55,133,105,0.62,22,2009-12-23,2011-12-08,1963,2851
21365,MIRRORED WALL ART STARS,merchandise,450,579.3,60,51,1.29,18,2009-12-07,2011-12-08,2564,2852
75013B,"STRING OF 8 BUTTERFLIES,PINK",merchandise,365,579.3,58,48,1.59,13,2009-12-01,2011-01-16,2729,2853
21134,VICTORIAN METAL POSTCARD CHRISTMAS,merchandise,351,579.15,42,40,1.65,10,2009-12-03,2010-11-16,2763,2854
22447,PIN CUSHION RUSSIAN DOLL BLUE,merchandise,181,579.05,48,41,3.2,18,2010-03-23,2011-12-09,3256,2855
84569A,PACK 3 IRON ON DOG PATCHES,merchandise,462,578.71,64,59,1.25,23,2009-12-06,2011-12-05,2537,2856
21307,SET/4 BUTTERFLY MIRROR MAGNETS,merchandise,728,576.5,54,41,0.79,17,2009-12-11,2011-07-13,2192,2857
21416,CLAM SHELL LARGE,merchandise,747,576.45,17,15,0.77,12,2009-12-13,2011-03-22,2178,2858
82616A,BUBBLE GUM SCARF KNITTING KIT,merchandise,306,576.3,46,42,1.88,10,2009-12-02,2010-10-27,2884,2859
84858C,PINK RIVIERA HANDBAG,merchandise,344,575.7,27,22,1.67,12,2009-12-18,2011-04-13,2779,2860
85230B,CINNAMON SCENTED VOTIVE CANDLE,merchandise,2167,574.67,66,49,0.27,23,2009-12-08,2011-12-06,1114,2861
84993A,75 GREEN PETIT FOUR CASES,merchandise,1368,574.56,126,88,0.42,25,2009-12-03,2011-12-09,1551,2862
84762B,PINK PICNIC BARBECUE BUCKET,merchandise,82,574.3,21,19,7.0,6,2010-02-22,2010-09-12,3655,2863
47421,ASSORTED COLOUR LIZARD SUCTION HOOK,merchandise,1461,571.86,72,23,0.39,21,2010-02-15,2011-12-08,1499,2864
37351,ORANGE FLOWER MUG,merchandise,5395,571.71,7,7,0.11,7,2010-01-21,2011-03-20,488,2865
84952B,BLACK LOVE BIRD T-LIGHT HOLDER,merchandise,374,571.61,21,15,1.53,13,2009-12-01,2011-11-14,2710,2866
90200C,BLUE SWEETHEART BRACELET,merchandise,134,569.5,40,32,4.25,14,2009-12-01,2011-02-09,3399,2867
85188B,PINK METAL SWINGING BUNNY,merchandise,669,568.65,51,48,0.85,7,2010-01-11,2011-03-27,2265,2868
16169C,WRAP BLUE REINDEER,merchandise,1350,567.0,43,42,0.42,4,2009-12-01,2010-11-04,1565,2869
23455,SMALL PARLOUR PICTURE FRAME,merchandise,206,566.54,34,32,2.75,3,2011-10-16,2011-12-08,3181,2870
82613B,"METAL SIGN,CUPCAKE SINGLE HOOK",merchandise,639,566.35,94,73,0.89,25,2009-12-03,2011-12-06,2308,2871
20619,TROPICAL PASSPORT COVER,merchandise,373,566.33,68,46,1.52,22,2009-12-01,2011-11-28,2713,2872
85113,POLKA DOT PISTACHIO PAIL,merchandise,279,566.22,43,36,2.03,6,2009-12-02,2010-08-19,2960,2873
20849,ZINC HEART LATTICE DOUBLE PLANTER,merchandise,670,566.1,20,15,0.84,10,2009-12-16,2010-11-21,2262,2874
21147,JINGLE BELLS TREE DECORATION,merchandise,334,565.44,46,33,1.69,11,2009-12-04,2011-12-05,2803,2875
21223,SET/4 BADGES WOODLAND ANIMAL,merchandise,482,564.5,35,33,1.17,5,2009-12-01,2010-04-01,2512,2876
85146,JARDIN ETCHED GLASS SMALL BELL JAR,merchandise,115,564.25,27,23,4.91,10,2010-03-26,2011-04-07,3464,2877
85119,WATERING CAN SINGLE HOOK PISTACHIO,merchandise,412,564.12,38,36,1.37,10,2009-12-15,2010-11-18,2643,2878
85088,CANDY SPOT HAND BAG,merchandise,273,563.77,44,38,2.07,19,2009-12-02,2011-11-24,2972,2879
79315W,FLYING SAUCER TABLE LIGHT IN WHITE,merchandise,191,563.45,7,6,2.95,4,2010-02-18,2010-08-09,3227,2880
20863,BLUE PATCH PENCIL CASE PINK HEART,merchandise,284,563.19,42,35,1.98,9,2009-12-07,2010-08-15,2944,2881
90160C,TURQ+RED BOUDICCA LARGE BRACELET,merchandise,81,562.95,32,25,6.95,18,2010-03-07,2011-11-17,3664,2882
84876D,BLUE HEART COMPACT MIRROR,merchandise,328,562.5,28,24,1.71,15,2010-02-03,2011-09-11,2814,2883
21322,GLASS SPHERE CANDLE STAND LARGE,merchandise,299,562.45,13,12,1.88,2,2009-12-09,2010-01-07,2900,2884
22044,CHRISTMAS CARD STACK OF PRESENTS,merchandise,1969,562.02,85,80,0.29,11,2009-12-07,2011-11-07,1224,2885
47583A,SET OF 3 WICKER BASKET ROSE,merchandise,70,561.8,5,5,8.03,2,2010-01-11,2010-02-17,3731,2886
21442,GREEN BIRDHOUSE DECORATION,merchandise,883,561.67,80,66,0.64,22,2010-01-04,2011-12-08,2019,2887
84859A,SILVER DISCO HANDBAG,merchandise,284,560.76,50,40,1.97,17,2009-12-11,2011-11-25,2945,2888
84086C,PINK/PURPLE RETRO RADIO,merchandise,190,560.5,34,25,2.95,16,2009-12-16,2011-11-30,3230,2889
84773,RED ROSE AND LACE C/COVER,merchandise,190,560.5,46,34,2.95,12,2009-12-01,2010-12-05,3231,2890
82613A,"METAL SIGN,CUPCAKE SINGLE HOOK",merchandise,448,560.0,81,63,1.25,20,2009-12-03,2011-07-14,2570,2891
37474,SET/4 2 TONE EGG SHAPE MIXING BOWLS,merchandise,58,559.58,39,33,9.65,11,2009-12-02,2010-11-29,3802,2892
23428,IVORY RETRO KITCHEN WALL CLOCK,merchandise,70,559.5,26,25,7.99,2,2011-11-17,2011-12-09,3732,2893
90082D,DIAMANTE BOW BROOCH BLACK COLOUR,merchandise,88,558.8,35,28,6.35,12,2009-12-01,2011-11-27,3616,2894
84920,PINK FLOWER FABRIC PONY,merchandise,150,556.1,54,43,3.71,21,2009-12-01,2011-12-08,3347,2895
37333,"RETRO ""TEA FOR ONE""",merchandise,122,555.3,34,26,4.55,15,2009-12-03,2011-05-03,3439,2896
35653,VINTAGE BEAD NOTEBOOK,merchandise,188,554.6,56,42,2.95,19,2009-12-02,2011-08-11,3239,2897
85084,HOLLY TOP CHRISTMAS STOCKING,merchandise,605,554.57,62,53,0.92,6,2009-12-08,2010-12-15,2346,2898
16162L,THE KING GIFT BAG,merchandise,8083,553.79,17,16,0.07,10,2009-12-09,2011-09-13,302,2899
84931B,BLUE SCOTTIE DOG W FLOWER PATTERN,merchandise,219,553.05,52,44,2.53,21,2010-01-28,2011-11-30,3138,2900
20856,DENIM PATCH PURSE PINK BUTTERFLY,merchandise,335,552.75,88,70,1.65,21,2009-12-06,2011-08-09,2801,2901
21441,BLUE BIRDHOUSE DECORATION,merchandise,867,550.41,83,67,0.63,24,2009-12-13,2011-12-08,2038,2902
22703,PINK CAT BOWL,merchandise,311,550.02,74,57,1.77,18,2010-06-30,2011-12-08,2870,2903
79030D,"TUMBLER, BAROQUE",merchandise,887,548.79,41,35,0.62,18,2009-12-08,2011-11-10,2014,2904
85205B,PINK FELT EASTER RABBIT GARLAND,merchandise,215,548.25,43,36,2.55,8,2010-01-12,2011-04-18,3150,2905
47594A,CAROUSEL DESIGN WASHBAG,merchandise,281,547.95,74,65,1.95,20,2009-12-15,2011-11-24,2955,2906
84805B,BLUE CLIMBING HYDRANGA ART FLOWER,merchandise,339,547.65,8,7,1.62,6,2010-01-07,2011-12-07,2787,2907
20819,SILVER TEDDY BEAR,merchandise,209,547.46,50,39,2.62,19,2009-12-02,2011-11-30,3167,2908
85186A,EASTER BUNNY GARLAND OF FLOWERS,merchandise,1302,546.84,81,76,0.42,10,2009-12-07,2011-04-14,1608,2909
85027L,FRENCH CHATEAU LARGE PLATTER,merchandise,191,546.45,40,36,2.86,12,2010-01-17,2011-04-19,3228,2910
23549,WRAP BIRD GARDEN,merchandise,1300,546.0,51,46,0.42,6,2011-07-19,2011-12-01,1610,2911
84051,ASS COLOUR GLOWING TIARAS,merchandise,701,545.45,52,50,0.78,19,2009-12-17,2011-12-06,2233,2912
22391,PAPERWEIGHT HOME SWEET HOME,merchandise,305,545.31,50,45,1.79,19,2010-03-30,2011-12-08,2888,2913
23381,PACK OF 12 VINTAGE LEAF TISSUES,merchandise,1474,544.62,64,59,0.37,4,2011-09-05,2011-12-08,1495,2914
21339,MARAKESH LANTERN LARGE,merchandise,30,544.5,12,12,18.15,7,2009-12-08,2010-07-14,4041,2915
23069,EDWARDIAN PHOTO FRAME,merchandise,87,543.75,31,27,6.25,9,2011-04-26,2011-12-04,3624,2916
85031C,CURIOUS IMAGES SCRAP BOOK SET,merchandise,343,543.45,28,23,1.58,13,2009-12-02,2010-12-16,2782,2917
84806B,WHITE CANDYSTUFT ARTIFICIAL FLOWER,merchandise,433,543.37,30,28,1.25,15,2010-03-14,2011-12-06,2600,2918
16049,TEATIME GEL PENS ASST,merchandise,3144,542.88,25,22,0.17,11,2009-12-04,2011-05-25,811,2919
84859C,PINK DISCO HANDBAG,merchandise,302,542.64,37,29,1.8,13,2009-12-11,2011-12-05,2893,2920
45008C,DECORATIVE NET CANOPY CREAM,merchandise,68,541.6,20,16,7.96,8,2009-12-03,2010-07-14,3746,2921
84984B,RED PEONY DES C/COVER,merchandise,322,541.3,16,13,1.68,10,2010-01-08,2011-11-08,2835,2922
84932D,SMALL ORIENTAL RED FOLDING STOOL,merchandise,237,540.75,19,16,2.28,5,2009-12-04,2010-04-20,3082,2923
21304,ARCHED GREY MIRROR,merchandise,84,540.6,16,16,6.44,5,2009-12-02,2010-04-13,3641,2924
84569B,PACK 3 FIRE ENGINE/CAR PATCHES,merchandise,432,540.0,63,54,1.25,16,2009-12-04,2011-03-01,2605,2925
21293,MIRRORED DOVE WALL DECORATION,merchandise,256,539.63,42,29,2.11,17,2009-12-06,2011-12-05,3012,2926
21016,LIGHT BIRD HOUSE TREE DECORATION,merchandise,804,538.92,65,58,0.67,7,2009-12-01,2010-11-26,2107,2927
22108,PING! MICROWAVE PLATE,merchandise,197,537.89,49,34,2.73,17,2009-12-07,2011-12-08,3206,2928
37345,ASSTD HEARTS DESIGN MUGS,merchandise,318,536.1,6,5,1.69,2,2009-12-03,2010-01-07,2849,2929
21419,CONCH SHELL,merchandise,1252,535.8,13,12,0.43,6,2009-12-17,2010-07-14,1651,2930
20935,ROUND CACTUS CANDLE,merchandise,293,535.55,39,35,1.83,13,2009-12-08,2011-11-16,2916,2931
20657,TROPICAL LUGGAGE TAG,merchandise,1693,535.39,71,54,0.32,22,2009-12-01,2011-11-07,1367,2932
47367B,PAIR PADDED HANGERS PINK CHECK,merchandise,153,535.35,38,35,3.5,19,2010-01-14,2011-10-26,3340,2933
85129A,"WHITE PEARL BEADED HEART, SMALL",merchandise,428,535.0,62,51,1.25,9,2009-12-01,2010-08-29,2610,2934
85092,CANDY SPOT TEA COSY,merchandise,374,534.7,14,14,1.43,7,2010-01-19,2011-02-20,2711,2935
16169P,WRAP GREEN RUSSIAN FOLKART,merchandise,1750,533.75,48,46,0.3,13,2009-12-04,2010-12-19,1332,2936
85096,HILDA CANDY SPOT RABBIT,merchandise,142,532.5,50,42,3.75,18,2009-12-04,2011-12-05,3372,2937
84916,HAND TOWEL PALE BLUE W FLOWERS,merchandise,233,532.35,30,28,2.28,12,2009-12-04,2011-05-04,3095,2938
85030,FRENCH CHATEAU OVAL PLATTER,merchandise,211,531.45,29,26,2.52,12,2009-12-15,2011-04-08,3162,2939
84762C,GREEN PICNIC BARBECUE BUCKET,merchandise,78,531.3,18,18,6.81,4,2010-01-15,2010-05-21,3682,2940
23473,WOODLAND SMALL RED FELT HEART,merchandise,665,530.83,43,41,0.8,3,2011-10-20,2011-12-07,2269,2941
35915C,PEACH KNITTED HEN,merchandise,388,530.76,23,23,1.37,11,2009-12-18,2011-04-06,2685,2942
84913A,SOFT PINK ROSE TOWEL,merchandise,114,530.1,32,26,4.65,18,2009-12-11,2011-11-07,3473,2943
79190B,RETRO PLASTIC POLKA TRAY,merchandise,1404,529.68,96,57,0.38,25,2009-12-02,2011-12-09,1531,2944
84712B,PINK JEWELLED PHOTO FRAME,merchandise,67,529.47,36,29,7.9,17,2009-12-11,2011-11-30,3754,2945
84682,CLASSICAL ROSE DISH,merchandise,283,528.85,38,31,1.87,10,2009-12-08,2010-09-27,2947,2946
84827,ASS DES PHONE SPONGE CRAFT STICKER,merchandise,1087,528.79,28,23,0.49,14,2009-12-08,2011-12-05,1788,2947
21373,MIRRORED WALL ART SNOWFLAKES,merchandise,629,528.15,57,52,0.84,12,2009-12-04,2011-12-07,2317,2948
84584,PINK GINGHAM CAT WITH SCARF,merchandise,207,527.85,50,47,2.55,18,2009-12-06,2011-07-10,3176,2949
21173,LOO ROLL  METAL SIGN,merchandise,321,527.25,60,44,1.64,5,2009-12-02,2010-04-01,2840,2950
21879,HEARTS GIFT TAPE,merchandise,1373,526.93,93,81,0.38,23,2009-12-04,2011-12-05,1549,2951
21454,PAINTED PINK RABBIT,merchandise,619,526.15,85,78,0.85,17,2010-01-17,2011-12-07,2327,2952
20730,STRAWBERRY CANDY BAG,merchandise,1659,524.25,41,34,0.32,9,2009-12-01,2010-09-05,1389,2953
37494A,FAIRY CAKE CERAMIC BUTTER DISH,merchandise,192,523.2,25,18,2.72,3,2009-12-02,2010-02-15,3222,2954
21893,POTTING SHED SEED TIN,merchandise,164,523.0,13,13,3.19,3,2009-12-01,2010-02-04,3308,2955
23272,TREE T-LIGHT HOLDER WILLIE WINKIE,merchandise,352,522.74,35,34,1.49,7,2011-06-22,2011-12-09,2760,2956
23499,SET 12 VINTAGE DOILY CHALK,merchandise,1244,522.48,93,86,0.42,3,2011-10-20,2011-12-08,1656,2957
20699,MOUSEY LONG LEGS SOFT TOY,merchandise,209,522.15,45,42,2.5,20,2009-12-06,2011-12-05,3168,2958
22054,MINI CAKE STAND HANGING HEARTS,merchandise,321,520.05,51,45,1.62,4,2009-12-02,2010-03-03,2841,2959
22346,PARTY PIZZA DISH GREEN+WHITE SPOT,merchandise,1141,519.91,61,43,0.46,21,2009-12-02,2011-12-08,1744,2960
23451,SQUARE MINI PORTRAIT FRAME,merchandise,268,519.0,44,38,1.94,3,2011-10-14,2011-12-08,2983,2961
17013D,ORIGAMI ROSE INCENSE IN TUBE,merchandise,1048,515.46,21,17,0.49,15,2009-12-16,2011-06-07,1823,2962
84799,SPRIG LAVENDER ARTIFICIAL FLOWER,merchandise,667,515.03,29,26,0.77,15,2010-01-21,2011-03-01,2266,2963
84313B,BLUE TV TRAY TABLE,merchandise,158,513.74,45,24,3.25,16,2009-12-15,2011-04-01,3331,2964
84824,DANISH ROSE UMBRELLA STAND,merchandise,33,513.55,27,23,15.56,11,2009-12-14,2011-11-20,4003,2965
20823,GOLD WINE GOBLET,merchandise,248,513.2,17,14,2.07,8,2009-12-01,2011-06-09,3042,2966
23016,GLASS TWIST BON BON JAR,merchandise,69,512.85,19,19,7.43,7,2011-06-16,2011-12-06,3738,2967
47469,ASSORTED SHAPES PHOTO CLIP SILVER,merchandise,1094,512.38,27,21,0.47,16,2010-01-19,2011-12-08,1781,2968
21015,DARK BIRD HOUSE TREE DECORATION,merchandise,1431,511.39,90,80,0.36,10,2009-12-01,2011-12-07,1513,2969
85121B,RETRO LAUNDRY TUB PINK,merchandise,60,510.0,27,27,8.5,7,2009-12-09,2010-06-27,3786,2970
84782C,GREEN 3 TIER GLASS PLATE STAND,merchandise,74,509.9,18,18,6.89,8,2009-12-01,2010-09-06,3706,2971
72801C,S/4 ROSE PINK DINNER CANDLES,merchandise,705,509.01,47,40,0.72,19,2009-12-11,2011-12-08,2228,2972
90058B,CRYSTAL STUD EARRINGS ASSORTED COL,merchandise,1081,508.7,28,27,0.47,13,2010-01-13,2011-12-01,1792,2973
84846A,SCENTED CANDLE IN DIGITALIS TIN,merchandise,242,508.2,42,39,2.1,16,2009-12-04,2011-10-10,3067,2974
23060,HEART BEADED TRELLIS DECORATION,merchandise,244,507.52,39,34,2.08,9,2011-04-18,2011-12-07,3062,2975
21377,SMALL CAMPHOR WOOD FIELD  MUSHROOM,merchandise,451,506.31,43,37,1.12,23,2009-12-01,2011-12-07,2557,2976
84520D,PACK OF 20 FAIRY CAKE PAPER NAPKINS,merchandise,619,505.99,61,53,0.82,3,2009-12-02,2010-02-26,2328,2977
90200A,PURPLE SWEETHEART BRACELET,merchandise,119,505.75,43,32,4.25,19,2009-12-01,2011-12-07,3450,2978
72122,COFFEE SCENT PILLAR CANDLE,merchandise,532,505.4,93,80,0.95,25,2009-12-04,2011-12-08,2450,2979
23219,LAUREL STAR ANTIQUE SILVER,merchandise,404,504.6,49,41,1.25,7,2011-06-02,2011-12-06,2657,2980
37352,BIRD IN TREE MUG,merchandise,4643,504.55,8,6,0.11,7,2009-12-17,2010-11-01,576,2981
16236,KITTY PENCIL ERASERS,merchandise,2425,503.65,143,108,0.21,24,2009-12-07,2011-12-08,1007,2982
23139,SINGLE WIRE HOOK PINK HEART,merchandise,406,502.38,22,20,1.24,9,2011-04-21,2011-12-07,2653,2983
84913B,MINT GREEN ROSE TOWEL,merchandise,108,502.2,30,27,4.65,18,2010-03-11,2011-12-02,3508,2984
21117,BLOND DOLL DOORSTOP,merchandise,328,502.08,26,23,1.53,17,2009-12-10,2011-11-23,2815,2985
84804B,BLUE DELPHINIUM ARTIFICIAL FLOWER,merchandise,355,501.97,19,17,1.41,12,2010-01-05,2011-12-07,2755,2986
79337,BLUE FLOCK GLASS CANDLEHOLDER,merchandise,1197,501.85,19,16,0.42,15,2010-01-04,2011-07-08,1700,2987
20830,SILVER PHOTO FRAME,merchandise,296,501.6,46,36,1.69,20,2009-12-01,2011-10-02,2906,2988
20910,VINTAGE PHOTO ALBUM PARIS DAYS,merchandise,82,501.5,28,11,6.12,12,2009-12-07,2010-12-16,3656,2989
20888,SET 3 JARDIN DE FEMME SCENT CANDLES,merchandise,359,499.81,11,10,1.39,4,2009-12-08,2010-03-26,2741,2990
22394,PAPERWEIGHT KINGS CHOICE,merchandise,337,499.35,47,43,1.48,18,2010-04-06,2011-12-09,2795,2991
16048,TEATIME ROUND PENCIL SHARPENER,merchandise,3413,498.66,69,59,0.15,22,2009-12-08,2011-11-25,756,2992
21194,PINK  HONEYCOMB PAPER FAN,merchandise,501,498.64,60,51,1.0,22,2009-12-04,2011-12-09,2493,2993
23457,LARGE PARLOUR PICTURE FRAME,merchandise,104,498.6,29,27,4.79,3,2011-10-16,2011-12-08,3529,2994
72728,ROSE SCENT CANDLES IN GLASS,merchandise,614,498.5,50,44,0.81,9,2009-12-10,2010-08-04,2333,2995
85161,ACRYLIC GEOMETRIC LAMP,merchandise,27,497.65,20,16,18.43,14,2009-12-10,2011-11-27,4070,2996
85071D,CHARLIE+LOLA MY ROOM DOOR SIGN,merchandise,844,497.64,87,78,0.59,21,2009-12-01,2011-12-06,2063,2997
21270,ANTIQUE CREAM CUTLERY CUPBOARD,merchandise,39,497.25,27,24,12.75,16,2009-12-08,2011-12-05,3941,2998
84414B,FUSCHIA/GREEN STRIPE WOOLLY BLANKET,merchandise,77,497.15,8,7,6.46,3,2009-12-10,2010-03-25,3692,2999
85230A,OPIUM SCENTED VOTIVE CANDLE,merchandise,1992,497.04,48,31,0.25,21,2009-12-13,2011-12-02,1211,3000
85129C,BEADED CRYSTAL HEART BLUE SMALL,merchandise,396,496.35,48,37,1.25,19,2009-12-02,2011-11-10,2672,3001
84657,GREEN ROSE CUSHION COVER,merchandise,245,496.25,19,14,2.03,5,2009-12-18,2010-04-19,3059,3002
21026,SPACE OWL,merchandise,398,496.12,55,48,1.25,18,2009-12-02,2011-11-30,2666,3003
22407,MONEY BOX FIRST AID DESIGN,merchandise,427,496.08,65,55,1.16,19,2010-03-26,2011-12-07,2614,3004
23398,HANGING HEART BONHEUR,merchandise,587,495.83,57,53,0.84,4,2011-09-04,2011-12-08,2364,3005
85186C,BUNNY EGG GARLAND,merchandise,1179,495.18,79,75,0.42,10,2009-12-07,2011-10-20,1717,3006
84706D,CHERRY BLOSSOM TABLE CLOCK,merchandise,218,495.1,14,14,2.27,10,2010-01-12,2011-05-22,3141,3007
85117,NIGHTINGALE COATHOOK WHITE,merchandise,317,493.45,40,29,1.56,5,2009-12-05,2010-04-29,2853,3008
51020B,STRIPY DESIGN SHOWER CAP,merchandise,1087,491.87,60,40,0.45,16,2009-12-04,2011-04-27,1789,3009
85020,ROUND PINK HEART MIRROR,merchandise,234,491.4,44,36,2.1,20,2009-12-09,2011-12-05,3093,3010
84875B,GREEN SQUARE COMPACT MIRROR,merchandise,371,491.25,35,16,1.32,10,2010-04-18,2011-11-29,2717,3011
17084N,FAIRY DREAMS INCENSE,merchandise,2416,491.11,67,42,0.2,24,2009-12-02,2011-12-08,1012,3012
90161C,ANT COPPER LIME BOUDICCA BRACELET,merchandise,99,490.05,34,28,4.95,19,2009-12-06,2011-12-07,3557,3013
85215,ASSORTED CHEESE FRIDGE MAGNETS,merchandise,762,489.54,46,33,0.64,18,2009-12-10,2011-08-10,2159,3014
85185D,FROG SOCK PUPPET,merchandise,170,489.5,45,38,2.88,15,2009-12-03,2011-05-25,3288,3015
84951A,SET OF 4 PISTACHIO LOVEBIRD COASTER,merchandise,461,488.72,46,37,1.06,20,2009-12-01,2011-12-05,2539,3016
21311,SET/4 BIRD MIRROR MAGNETS,merchandise,688,488.71,75,62,0.71,22,2009-12-13,2011-12-04,2244,3017
35964,FOLKART CLIP ON STARS,merchandise,1005,487.53,56,50,0.49,8,2009-12-16,2011-12-08,1872,3018
85091,CANDY SPOT BREAD BASKETS,merchandise,337,487.35,14,14,1.45,6,2010-01-07,2010-08-15,2796,3019
22135,MINI LADLE LOVE HEART PINK,merchandise,1196,487.08,103,58,0.41,25,2009-12-02,2011-12-06,1702,3020
35972,DAISY FOLKART HEART DECORATION,merchandise,389,486.25,51,43,1.25,20,2009-12-05,2011-11-06,2681,3021
20865,PATCHWORK PENCIL CASE BUTTERFLY,merchandise,247,485.49,30,24,1.97,7,2009-12-02,2010-06-30,3045,3022
21160,KEEP OUT GIRLS DOOR HANGER,merchandise,763,485.23,49,44,0.64,9,2009-12-06,2010-08-31,2158,3023
22263,FELT EGG COSY LADYBIRD,merchandise,722,484.34,43,34,0.67,17,2009-12-06,2011-11-28,2203,3024
21740,COSY SLIPPER SHOES LARGE RED,merchandise,164,483.8,48,44,2.95,5,2009-12-01,2010-05-30,3309,3025
84875D,BLUE SQUARE COMPACT MIRROR,merchandise,371,483.75,37,17,1.3,11,2009-12-03,2011-09-23,2718,3026
23484,HEART TRELLISTRIPLE T-LIGHT HOLDER,merchandise,174,483.66,25,25,2.78,4,2011-09-30,2011-12-04,3275,3027
72132,COLUMBIAN CUBE CANDLE,merchandise,560,483.6,27,22,0.86,13,2009-12-21,2011-11-27,2408,3028
23660,HENRIETTA HEN MUG,merchandise,293,483.45,31,30,1.65,3,2011-10-13,2011-12-08,2917,3029
20864,DENIM PATCH PENCIL CASE BUTTERFLY,merchandise,247,483.33,26,20,1.96,8,2009-12-06,2010-10-24,3046,3030
84798B,PURPLE FOXGLOVE ARTIIFCIAL FLOWER,merchandise,322,482.7,9,8,1.5,5,2010-01-07,2011-03-22,2836,3031
22861,EASTER TIN CHICKS IN GARDEN,merchandise,292,481.8,38,36,1.65,5,2010-12-12,2011-04-19,2922,3032
23691,WRAP KEEP CALM BIRTHDAY,merchandise,1175,481.5,38,36,0.41,2,2011-11-02,2011-12-07,1718,3033
23045,PAPER LANTERN 5 POINT STAR MOON 30,merchandise,116,481.4,23,22,4.15,6,2011-05-05,2011-11-29,3460,3034
16238,PARTY TIME PENCIL ERASERS,merchandise,2289,481.39,135,104,0.21,25,2009-12-01,2011-12-08,1058,3035
22038,BOTANICAL LAVENDER GIFT WRAP,merchandise,1150,481.0,45,43,0.42,21,2009-12-22,2011-12-06,1737,3036
20794,BLUE  TILE HOOK,merchandise,190,480.9,30,27,2.53,19,2010-01-07,2011-12-05,3232,3037
84592,CROCHET ROSE PURSE WITH SUEDE BACK,merchandise,163,480.85,38,33,2.95,18,2009-12-06,2011-11-30,3313,3038
84218,BOX/12 CHICK & EGG IN BASKET,merchandise,254,479.7,89,74,1.89,8,2010-01-31,2011-03-31,3019,3039
90160D,PINK BOUDICCA LARGE BRACELET,merchandise,69,479.55,21,18,6.95,12,2009-12-06,2011-11-17,3739,3040
84989B,75 BLACK FAIRY CAKE CASES,merchandise,985,479.35,46,34,0.49,9,2009-12-03,2010-08-08,1893,3041
72267,PREMIUM CHURCH CANDLE,merchandise,247,479.34,40,38,1.94,4,2009-12-01,2010-03-28,3047,3042
84683,CLASSICAL ROSE CANDLESTAND,merchandise,533,479.05,27,18,0.9,15,2009-12-10,2011-05-03,2448,3043
21128,GOLD FISHING GNOME,merchandise,98,478.61,28,22,4.88,17,2009-12-17,2011-12-07,3561,3044
84917,WHITE HAND TOWEL WITH BUTTERFLY,merchandise,183,477.85,17,16,2.61,8,2010-01-07,2011-05-04,3253,3045
72750C,"F.FAIRY S/3 CANDLE/GLASS, ROSE",merchandise,232,476.4,15,12,2.05,3,2009-12-01,2010-03-30,3101,3046
35600D,PINK AND WHITE CHRISTMAS TREE 180CM,merchandise,140,476.0,12,11,3.4,6,2009-12-04,2010-09-28,3380,3047
23021,GLASS BONNE JAM JAR,merchandise,117,475.95,25,24,4.07,7,2011-06-22,2011-12-06,3454,3048
84865,NEW BAROQUE BLACK PHOTO ALBUM,merchandise,67,475.15,37,26,7.09,16,2010-01-25,2011-07-01,3755,3049
21665,TRIANGULAR RIDGED GLASS POSY HOLDER,merchandise,766,475.1,40,35,0.62,6,2009-12-02,2010-05-26,2153,3050
84762A,WHITE PICNIC BARBECUE BUCKET,merchandise,54,474.9,24,24,8.79,6,2010-01-08,2010-06-30,3823,3051
37492C,GREEN BLUE FLOWER PIGGY BANK,merchandise,241,472.65,23,19,1.96,6,2009-12-01,2010-05-18,3070,3052
84924A,WAKE UP COCKEREL CALENDAR SIGN,merchandise,123,472.38,46,41,3.84,20,2009-12-04,2011-12-02,3433,3053
23180,MUM'S KITCHEN CLOCK,merchandise,104,471.9,36,29,4.54,10,2011-03-04,2011-12-08,3530,3054
22541,MINI JIGSAW LEAP FROG,merchandise,1192,471.56,40,34,0.4,18,2010-03-28,2011-12-05,1707,3055
16202B,PASTEL BLUE PHOTO ALBUM,merchandise,1034,469.21,18,13,0.45,11,2009-12-02,2011-04-19,1841,3056
23043,PAPER LANTERN 9 POINT HOLLY STAR L,merchandise,75,468.75,19,18,6.25,5,2011-05-05,2011-11-24,3701,3057
16239,BALLERINA HEART DECORATION.,merchandise,338,468.4,13,13,1.39,4,2009-12-09,2010-03-02,2792,3058
23377,PACK OF 12 DOLLY GIRL TISSUES,merchandise,1200,468.0,80,69,0.39,4,2011-09-04,2011-12-06,1697,3059
84675,FROG KING WATERING CAN,merchandise,187,467.65,44,39,2.5,13,2009-12-17,2011-01-17,3243,3060
21002,ROSE DU SUD DRAWSTRING BAG,merchandise,110,467.5,26,25,4.25,13,2010-01-19,2011-10-23,3496,3061
23136,IVORY WIRE SWEETHEART LETTER TRAY,merchandise,127,467.05,44,39,3.68,9,2011-04-21,2011-12-06,3422,3062
21459,YELLOW EASTER EGG HUNT START POST,merchandise,250,465.9,37,33,1.86,7,2010-01-28,2011-04-18,3031,3063
23218,LAUREL STAR ANTIQUE GOLD,merchandise,372,465.81,33,27,1.25,5,2011-07-18,2011-12-01,2715,3064
84596J,MIXED NUTS LIGHT GREEN BOWL,merchandise,677,465.28,68,50,0.69,16,2010-01-04,2011-05-23,2251,3065
BANK CHARGES,Bank Charges,service_or_admin_line,32,465.0,30,19,14.53,17,2009-12-08,2011-12-07,4021,3066
84809A,WHITE CHRYSANTHEMUMS ART FLOWER,merchandise,271,464.34,18,18,1.71,10,2010-01-27,2011-05-22,2976,3067
21379,CAMPHOR WOOD PORTOBELLO MUSHROOM,merchandise,548,464.02,52,43,0.85,22,2009-12-01,2011-12-07,2425,3068
20845,ZINC HEART LATTICE 2 WALL PLANTER,merchandise,73,463.55,21,15,6.35,11,2009-12-17,2011-08-16,3710,3069
72127,COLUMBIAN CANDLE ROUND,merchandise,385,463.39,59,49,1.2,21,2009-12-01,2011-11-23,2692,3070
51020A,SUMMER FUN DESIGN SHOWER CAP,merchandise,1303,463.31,49,37,0.36,17,2009-12-16,2011-04-27,1606,3071
85109,PINK BOUDOIR T-LIGHT HOLDER,merchandise,4203,462.15,18,17,0.11,10,2009-12-11,2010-12-19,635,3072
84247L,FAWN AND MUSHROOM GREETING CARD,merchandise,1100,462.0,82,62,0.42,15,2009-12-04,2011-04-12,1776,3073
84926E,FLOWERS TILE COASTER,merchandise,1077,461.63,48,40,0.43,18,2009-12-04,2011-12-06,1793,3074
20696,FLORAL SOFT CAR TOY,merchandise,123,461.25,34,28,3.75,17,2009-12-02,2011-11-04,3434,3075
85226C,BLUE PULL BACK RACING CAR,merchandise,952,461.2,66,54,0.48,12,2009-12-02,2010-11-09,1932,3076
21881,CUTE CATS TAPE,merchandise,1196,459.2,65,49,0.38,23,2009-12-02,2011-12-05,1703,3077
23561,SET OF 6 RIBBONS PARTY,merchandise,167,458.63,13,13,2.75,2,2011-11-27,2011-12-09,3297,3078
21884,CAKES AND BOWS GIFT  TAPE,merchandise,1233,458.01,68,61,0.37,22,2009-12-02,2011-12-04,1665,3079
82605,OLD DOC.RUSSEL METAL SIGN,merchandise,218,457.8,87,65,2.1,14,2009-12-03,2011-03-18,3142,3080
90184B,AMETHYST CHUNKY BEAD BRACELET W STR,merchandise,51,456.45,26,23,8.95,13,2009-12-03,2011-12-02,3847,3081
47574A,ENGLISH ROSE SCENTED HANGING FLOWER,merchandise,443,454.75,60,44,1.03,14,2010-05-07,2011-10-07,2582,3082
85203,HANGING WOOD AND FELT BUTTERFLY,merchandise,1089,454.5,111,94,0.42,22,2010-01-04,2011-12-05,1785,3083
62096A,PINK/YELLOW FLOWERS HANDBAG,merchandise,349,454.45,51,47,1.3,14,2010-01-07,2011-02-24,2768,3084
72225C,LAVENDER SCENT CAKE CANDLE,merchandise,1877,454.09,35,25,0.24,19,2010-01-15,2011-11-29,1267,3085
72789,BASKET/8 SCENTED LOVE TOKEN CANDLES,merchandise,121,453.75,44,42,3.75,8,2009-12-10,2010-10-10,3443,3086
90209B,GREEN ENAMEL+GLASS HAIR COMB,merchandise,248,453.6,18,9,1.83,11,2010-01-28,2011-10-02,3043,3087
84653,GREEN ROSE QUILT,merchandise,10,453.5,8,8,45.35,3,2010-01-17,2010-03-17,4350,3088
90195A,PURPLE GEMSTONE BRACELET,merchandise,56,453.2,26,24,8.09,11,2009-12-06,2011-12-06,3812,3089
23548,WRAP MAGIC FOREST,merchandise,1075,451.5,43,42,0.42,6,2011-07-20,2011-12-08,1797,3091
21536,DAIRY MAID  SMALL  MILK JUG,merchandise,215,451.5,55,42,2.1,4,2009-12-03,2010-03-30,3151,3090
17012F,ORIGAMI SANDLEWOOD INCENSE/CAND SET,merchandise,493,451.45,47,38,0.92,15,2010-03-03,2011-12-08,2500,3092
84984A,GREEN PEONY DES C/COVER,merchandise,265,450.25,16,12,1.7,10,2010-01-08,2011-11-08,2992,3093
90203,SILVER CHARM NECKLACE 70CM,merchandise,60,450.0,24,18,7.5,10,2009-12-02,2010-10-25,3787,3094
16161M,WRAP  PINK FLOCK,merchandise,1075,449.5,39,36,0.42,12,2009-12-03,2010-12-02,1798,3095
21847,GREEN  DIAMANTE PEN IN GIFT BOX,merchandise,252,448.2,22,20,1.78,11,2009-12-08,2011-11-02,3026,3096
35810B,ENAMEL BLUE RIM COFFEE CONTAINER,merchandise,308,448.13,50,43,1.45,19,2009-12-02,2011-11-30,2879,3097
23560,SET OF 6 RIBBONS COUNTRY STYLE,merchandise,163,447.07,20,20,2.74,2,2011-11-27,2011-12-08,3314,3098
23537,WALL ART I LOVE LONDON,merchandise,98,446.7,21,20,4.56,3,2011-10-03,2011-12-09,3562,3099
21004,ROSE DU SUD CHILDS APRON,merchandise,105,446.25,48,40,4.25,12,2009-12-01,2010-11-05,3523,3100
21256,"FRENCH BOTTLE, BRASSERIE DES ARTIST",merchandise,282,446.1,35,31,1.58,3,2009-12-02,2010-02-18,2951,3101
17164D,ASS COL SMALL SAND FROG P'WEIGHT,merchandise,1144,444.48,27,26,0.39,4,2009-12-01,2010-03-19,1742,3102
23074,EMBOSSED HEART TRINKET BOX,merchandise,221,444.02,35,32,2.01,4,2011-09-11,2011-12-08,3129,3103
23125,6PC WOOD PLATE SET DISPOSABLE,merchandise,405,443.25,16,15,1.09,5,2011-06-17,2011-11-27,2655,3104
84972L,GIANT PINK HEART MEMO HOLDER,merchandise,112,442.4,44,41,3.95,4,2009-12-09,2010-07-14,3489,3105
84948,SILVER HANGING T-LIGHT HOLDER DOME,merchandise,268,442.2,33,28,1.65,6,2009-12-01,2010-05-11,2984,3106
82613C,"METAL SIGN,CUPCAKE SINGLE HOOK",merchandise,526,441.7,71,56,0.84,24,2009-12-03,2011-11-20,2459,3107
21403,BLUE EGG  SPOON,merchandise,2151,440.58,108,80,0.2,24,2009-12-03,2011-12-06,1125,3108
85230G,ORANGE VOTIVE CANDLE,merchandise,1728,439.68,46,32,0.25,23,2009-12-02,2011-12-02,1348,3109
37444A,YELLOW BREAKFAST CUP AND SAUCER,merchandise,2686,439.06,26,16,0.16,15,2009-12-01,2011-07-13,925,3110
84569C,PACK 4 FLOWER/BUTTERFLY PATCHES,merchandise,351,438.75,50,45,1.25,13,2009-12-03,2011-03-25,2764,3111
20804,GLASS CHICKEN BUTTER DISH,merchandise,283,438.15,24,21,1.55,6,2009-12-01,2010-07-01,2948,3112
20868,SILVER FABRIC MIRROR,merchandise,789,437.66,46,40,0.55,17,2009-12-06,2011-12-08,2125,3113
20689,RETRO SISTERS EXPRESSO CUPS,merchandise,400,436.0,27,25,1.09,8,2009-12-07,2010-07-14,2664,3114
20787,BLUE RETRO BAR STOOL,merchandise,11,435.45,8,7,39.59,7,2010-01-17,2010-09-03,4332,3115
23425,STORAGE TIN HOME SWEET HOME,merchandise,237,435.43,35,35,1.84,4,2011-09-06,2011-12-09,3083,3116
16168M,FUNKY MONKEY GIFT BAG MEDIUM,merchandise,1602,435.24,53,42,0.27,22,2009-12-10,2011-12-08,1422,3117
21167,WHITE SAGE INCENSE,merchandise,2108,435.18,50,32,0.21,24,2009-12-10,2011-12-08,1151,3118
23565,EGG CUP MILKMAID HELGA,merchandise,348,435.0,31,28,1.25,3,2011-10-16,2011-12-06,2769,3119
23509,MINI PLAYING CARDS FUN FAIR,merchandise,1040,433.2,54,51,0.42,4,2011-09-22,2011-12-08,1833,3120
84858B,BLUE RIVIERA HANDBAG,merchandise,326,431.0,9,8,1.32,3,2010-04-28,2010-06-02,2821,3121
90154,LAZER CUT NECKLACE W PASTEL BEADS,merchandise,58,430.7,6,6,7.43,6,2010-06-07,2011-11-18,3803,3122
90161B,ANT COPPER TURQ BOUDICCA BRACELET,merchandise,87,430.65,26,21,4.95,17,2009-12-06,2011-12-07,3625,3123
85169C,EAU DE NIL LOVE BIRD CANDLE,merchandise,397,429.97,38,27,1.08,20,2009-12-08,2011-12-08,2670,3124
90184C,BLACK CHUNKY BEAD BRACELET W STRAP,merchandise,48,429.6,26,21,8.95,10,2009-12-06,2011-11-10,3877,3125
20653,CHERRY BLOSSOM LUGGAGE TAG,merchandise,1927,428.89,31,26,0.22,15,2009-12-06,2011-12-05,1244,3126
23379,PACK OF 12 RED APPLE TISSUES,merchandise,1175,428.01,50,49,0.36,4,2011-09-05,2011-12-06,1719,3127
16045,POPART WOODEN PENCILS ASST,merchandise,9300,428.0,72,65,0.05,13,2010-03-03,2011-12-05,254,3128
84966B,BLUE KASHMIRI BOXED MIRROR,merchandise,33,428.0,4,3,12.97,4,2010-01-19,2010-11-02,4004,3129
84801A,PINK HYDRANGEA ART FLOWER,merchandise,272,427.44,15,14,1.57,12,2010-01-05,2011-11-23,2974,3130
21455,PAINTED YELLOW WOODEN DAISY,merchandise,502,426.7,63,60,0.85,21,2010-01-28,2011-12-07,2490,3132
17012D,ORIGAMI ROSE INCENSE/CANDLE SET,merchandise,426,426.7,51,41,1.0,13,2010-07-15,2011-12-08,2616,3131
84918,CREAM CUSHION COVER WITH FLOWERS,merchandise,113,425.35,17,15,3.76,9,2009-12-06,2010-09-27,3483,3133
20715,LITTLE FLOWER SHOPPER BAG,merchandise,400,424.0,1,1,1.06,1,2010-01-07,2010-01-07,2665,3134
84876B,GREEN HEART COMPACT MIRROR,merchandise,327,423.75,27,22,1.3,11,2009-12-10,2011-11-30,2816,3135
16008,SMALL FOLDING SCISSOR(POINTED EDGE),merchandise,3143,423.46,85,64,0.13,17,2010-03-19,2011-12-09,812,3136
84508B,STRIPES DESIGN TEDDY,merchandise,166,423.3,65,40,2.55,22,2009-12-04,2011-11-27,3300,3137
22124,SET OF 2 TEA TOWELS PING MICROWAVE,merchandise,179,422.97,39,29,2.36,17,2009-12-07,2011-12-08,3263,3138
84597C,RETRO PINK BALL ASHTRAY,merchandise,353,422.05,36,21,1.2,17,2009-12-02,2011-06-02,2758,3139
21518,BANK ACCOUNT  GREETING  CARD,merchandise,1028,421.68,70,58,0.41,17,2009-12-02,2011-04-05,1847,3140
23058,CHRISTMAS HANGING SNOWFLAKE,merchandise,486,421.02,44,39,0.87,4,2011-09-14,2011-12-07,2507,3141
23117,POPPY FIELDS CHOPPING BOARD,merchandise,85,420.75,39,39,4.95,4,2011-09-30,2011-12-06,3635,3142
47581B,FAIRY CAKE WICKER PICNIC BASKET,merchandise,33,420.75,26,24,12.75,6,2009-12-17,2010-05-25,4005,3143
37476,CONDIMENT TRAY 4 BOWLS AND 4 SPOONS,merchandise,44,420.28,27,22,9.55,14,2009-12-02,2011-10-20,3911,3144
84596K,JELLY BABIES YELLOW SMALL BOWL,merchandise,358,420.14,64,48,1.17,12,2009-12-01,2010-11-16,2744,3145
20700,GREEN CAT FLORAL CUSHION COVER,merchandise,288,420.0,12,11,1.46,7,2009-12-07,2011-06-20,2931,3146
84967C,GREEN KASHMIRI OCCASIONAL TABLE,merchandise,9,419.85,4,3,46.65,4,2010-05-19,2010-10-11,4373,3147
84770,ROUND GEORGIAN SILVER MIRROR,merchandise,135,419.25,16,14,3.11,3,2010-02-28,2010-04-08,3396,3148
20857,BLUE ROSE PATCH PURSE PINK BUTTERFL,merchandise,254,419.1,72,57,1.65,15,2009-12-06,2011-02-17,3020,3149
90120D,WHITE MURANO TWIST BRACELET,merchandise,102,418.25,20,16,4.1,12,2009-12-09,2011-02-09,3537,3150
20621,ECONOMY PASSPORT COVER,merchandise,199,417.9,29,23,2.1,10,2009-12-02,2010-09-02,3201,3151
20851,ZINC HEART LATTICE TRAY OVAL,merchandise,334,417.7,27,21,1.25,15,2009-12-08,2011-04-27,2804,3152
84859B,BLUE DISCO HANDBAG,merchandise,279,417.43,15,14,1.5,10,2010-02-03,2011-11-25,2961,3153
72780,BLACK SILOUETTE CANDLE PLATE,merchandise,513,417.33,43,36,0.81,23,2009-12-06,2011-12-08,2478,3154
47422,ASSORTED MONKEY SUCTION CUP HOOK,merchandise,1077,416.34,61,28,0.39,22,2010-02-23,2011-12-01,1794,3155
23336,EGG FRYING PAN PINK,merchandise,199,415.97,63,46,2.09,7,2011-06-13,2011-12-08,3202,3156
84510F,SET OF 4 NEW ENGLAND COASTERS,merchandise,1092,415.0,31,23,0.38,10,2009-12-02,2010-10-07,1783,3159
20943,SET/6 GINGERBREAD STAR T-LIGHTS,merchandise,332,415.0,48,46,1.25,6,2009-12-01,2010-10-22,2806,3157
23044,PAPER LANTERN 9 POINT HOLLY STAR S,merchandise,100,415.0,24,24,4.15,8,2011-05-08,2011-12-01,3548,3158
90195B,BLACK GEMSTONE BRACELET,merchandise,47,414.65,20,19,8.82,9,2009-12-01,2011-11-09,3890,3160
20654,FIRST CLASS LUGGAGE TAG,merchandise,339,414.63,84,65,1.22,25,2009-12-06,2011-12-04,2788,3161
22031,BOTANICAL LAVENDER BIRTHDAY CARD,merchandise,975,414.21,80,65,0.42,24,2009-12-01,2011-12-08,1902,3162
85169D,PINK LOVE BIRD CANDLE,merchandise,374,413.98,45,39,1.11,19,2010-01-13,2011-11-29,2712,3163
72799B,PURPLE PILLAR CANDLE BLACK FLOCK,merchandise,313,413.35,9,7,1.32,2,2009-12-01,2010-01-05,2864,3164
90160B,RED BOUDICCA LARGE BRACELET,merchandise,60,412.55,23,19,6.88,17,2010-01-29,2011-11-09,3788,3165
23459,DOLLY CABINET 2 DRAWERS,merchandise,33,412.5,19,19,12.5,3,2011-10-16,2011-12-08,4006,3166
84563A,PINK & WHITE BREAKFAST TRAY,merchandise,95,412.25,33,26,4.34,15,2009-12-09,2011-05-17,3585,3167
23023,RIDGED BONNE JAM JAR T-LIGHT HOLDER,merchandise,260,411.44,23,23,1.58,7,2011-06-20,2011-12-05,3004,3168
16169F,WRAP BLIZZARD,merchandise,975,409.5,34,34,0.42,5,2009-12-01,2010-10-17,1903,3169
84798A,PINK FOXGLOVE ARTIIFCIAL FLOWER,merchandise,186,409.5,9,9,2.2,7,2010-01-05,2011-09-28,3248,3170
20694,FLORAL PINK MONSTER,merchandise,112,408.48,25,23,3.65,15,2010-01-07,2011-10-31,3490,3171
23422,PANTRY HOOK BALLOON WHISK,merchandise,196,407.68,31,29,2.08,4,2011-09-08,2011-12-04,3209,3172
35240,ENAMEL BLUE RIM OVAL TRAY SET/2,merchandise,48,407.52,38,35,8.49,7,2010-05-27,2010-11-21,3878,3173
71270,PHOTO CLIP LINE,merchandise,325,407.46,54,29,1.25,23,2009-12-18,2011-12-01,2826,3174
47592A,CAROUSEL DES CHILD'S OVERALL,merchandise,194,407.4,36,31,2.1,10,2009-12-02,2010-09-08,3214,3175
72128,COLUMBIAN CANDLE ROUND,merchandise,696,405.96,78,61,0.58,21,2009-12-07,2011-11-27,2239,3176
23415,HOME SWEET HOME HOOK,merchandise,326,405.6,45,42,1.24,4,2011-09-07,2011-12-08,2822,3177
84595B,LARGE TRIFLE DESIGN L BLUE BOWL,merchandise,229,405.15,15,13,1.77,7,2009-12-15,2010-06-27,3111,3178
62094B,TURQ ICE CREAM BUM BAG,merchandise,251,405.05,27,20,1.61,11,2010-02-12,2011-01-27,3029,3179
21001,ROSE DU SUD WASHBAG,merchandise,68,404.6,31,29,5.95,20,2009-12-16,2011-11-07,3747,3180
21336,GOLD WASHBAG,merchandise,1789,404.59,24,13,0.23,11,2009-12-08,2011-05-20,1310,3181
21663,VINTAGE GLASS SUGAR CADDY,merchandise,69,404.55,25,21,5.86,5,2009-12-02,2010-04-13,3740,3182
21882,SKULLS TAPE,merchandise,928,403.28,70,61,0.43,20,2009-12-02,2011-11-28,1967,3183
20793,BLUE TILED TRAY,merchandise,273,402.75,15,13,1.48,12,2009-12-02,2011-09-08,2973,3184
90010B,BLACK/WHITE GLASS/SILVER BRACELET,merchandise,45,402.75,17,16,8.95,12,2009-12-06,2011-04-10,3907,3185
84857C,PINK MONTE CARLO HANDBAG,merchandise,193,402.55,14,13,2.09,6,2010-06-16,2011-07-04,3218,3186
20618,QUEEN OF THE SKIES PASSPORT COVER,merchandise,194,402.48,74,50,2.07,23,2009-12-02,2011-12-06,3215,3187
72801E,S/4 FESTIVE GREEN DINNER CANDLES,merchandise,768,402.24,23,19,0.52,8,2009-12-01,2010-09-02,2151,3188
84932B,SMALL PINK PEONY FOLDING STOOL,merchandise,189,401.3,17,17,2.12,5,2009-12-04,2010-04-26,3238,3189
79071B,ENGLISH ROSE METAL WASTE BIN,merchandise,136,401.2,60,51,2.95,16,2010-02-01,2011-06-13,3391,3190
20997,ROSE DU SUD CUSHION COVER,merchandise,81,400.95,28,25,4.95,13,2009-12-08,2011-08-31,3665,3191
90082B,DIAMANTE BOW BROOCH RED COLOUR,merchandise,63,400.05,24,18,6.35,15,2009-12-15,2011-12-07,3773,3192
84951B,SET OF 4 BLACK LOVEBIRD COASTERS,merchandise,366,400.04,40,31,1.09,17,2010-01-12,2011-12-08,2726,3193
90143,SILVER BRACELET W PASTEL FLOWER,merchandise,54,400.0,18,15,7.41,13,2009-12-21,2011-09-25,3824,3194
16243B,BROWN COZY SQUARE PHOTO ALBUM,merchandise,205,399.75,1,1,1.95,1,2010-03-11,2010-03-11,3184,3195
16156L,"WRAP, CAROUSEL",merchandise,950,399.0,36,33,0.42,19,2010-01-10,2011-12-02,1934,3196
23466,TUSCAN VILLA DOVECOTE BIRD FEEDER,merchandise,49,398.25,21,20,8.13,4,2011-09-30,2011-12-07,3867,3197
D,Discount,merchandise,196,397.89,5,5,2.03,4,2010-04-15,2010-11-30,3210,3198
20701,PINK CAT FLORAL CUSHION COVER,merchandise,282,397.5,13,12,1.41,8,2009-12-07,2011-06-20,2952,3199
85142,JARDIN ETCHED GLASS GINGER JAR,merchandise,50,397.5,27,26,7.95,8,2009-12-06,2010-07-08,3856,3200
90149,SILVER FLOWR PINK SHELL NECKLACE,merchandise,60,395.28,7,6,6.59,6,2010-02-16,2011-09-30,3789,3201
84726,LILLIES CANVAS PICTURE,merchandise,233,394.85,5,4,1.69,3,2010-03-03,2010-08-20,3096,3202
20662,FIRST CLASS HOLIDAY PURSE,merchandise,697,394.27,25,23,0.57,12,2009-12-06,2011-10-24,2237,3203
21553,CERAMIC BIRDHOUSE FINCH BLUE  LARGE,merchandise,75,393.6,27,24,5.25,4,2009-12-01,2010-04-06,3702,3204
18094C,WHITE/BLUE RECT CERAMIC OIL BURNER,merchandise,345,392.85,43,22,1.14,19,2009-12-06,2011-10-07,2775,3205
84905,PINK BUTTERFLY CUSHION COVER,merchandise,151,392.25,20,19,2.6,12,2009-12-16,2011-04-15,3344,3206
20889,JARDIN DE FEMME SCENTED CANDLE,merchandise,656,392.0,12,12,0.6,4,2009-12-02,2010-03-26,2283,3207
20753,RETRO PINK SPOT WASHING UP GLOVES,merchandise,187,391.1,38,30,2.09,2,2009-12-01,2010-01-18,3244,3208
47562,ENGLISH ROSE IRONING BOARD COVER,merchandise,104,390.0,41,16,3.75,4,2009-12-03,2010-03-29,3531,3209
84016,FLAG OF ST GEORGE CAR FLAG,merchandise,978,389.76,46,43,0.4,7,2010-01-15,2011-09-14,1898,3210
20781,GOLD EAR MUFF HEADPHONES,merchandise,80,389.64,41,34,4.87,19,2009-12-07,2011-12-07,3672,3211
85136B,BLUE SHARK HELICOPTER,merchandise,49,389.55,39,39,7.95,11,2009-12-03,2010-12-14,3868,3212
21371,MIRRORED WALL ART POPPIES,merchandise,368,389.4,41,33,1.06,18,2009-12-01,2011-12-08,2724,3213
16044,POP-ART FLUORESCENT PENS,merchandise,6192,388.8,2,2,0.06,2,2010-01-21,2010-02-18,406,3214
35004S,SET OF 3 SILVER FLYING DUCKS,merchandise,136,388.4,16,12,2.86,1,2009-12-03,2009-12-23,3392,3215
84007,MAGIC GARDEN MOUNT FUJI,merchandise,152,387.6,37,30,2.55,11,2009-12-01,2010-11-30,3341,3216
40046A,RED DAISY PAPER LAMPSHADE,merchandise,321,387.57,34,26,1.21,15,2009-12-02,2011-10-17,2842,3217
84804A,CREAM DELPHINIUM ARTIFICIAL FLOWER,merchandise,215,387.53,17,15,1.8,13,2010-01-19,2011-12-06,3152,3218
20838,FRENCH LATTICE CUSHION COVER,merchandise,391,387.29,39,36,0.99,12,2010-02-14,2011-11-23,2680,3219
84306,S/3 PINK SQUARE PLANTERS ROSES,merchandise,35,383.25,19,18,10.95,10,2010-01-17,2011-03-09,3979,3220
21520,BOOZE & WOMEN GREETING CARD,merchandise,926,383.16,68,61,0.41,22,2009-12-08,2011-11-01,1971,3221
46776B,WOVEN BERRIES CUSHION COVER,merchandise,194,383.1,20,16,1.97,14,2009-12-03,2011-12-06,3216,3222
20659,ECONOMY LUGGAGE TAG,merchandise,288,382.06,89,55,1.33,23,2009-12-01,2011-12-06,2932,3223
72801D,S/4 SKY BLUE DINNER CANDLES,merchandise,532,381.56,47,33,0.72,18,2009-12-04,2011-12-08,2451,3224
85090,CANDY SPOT APRON,merchandise,82,381.3,35,26,4.65,11,2009-12-01,2010-11-24,3657,3225
90035B,"PEARL & SHELL 42""NECKL. PINK",merchandise,43,380.89,4,4,8.86,2,2009-12-02,2010-06-24,3925,3226
71403,"PINK/WHITE ""KEEP CLEAN"" BULLET BIN",merchandise,129,380.55,27,20,2.95,15,2009-12-09,2011-11-16,3417,3227
84802B,PURPLE ANEMONE ARTIFICIAL FLOWER,merchandise,405,379.65,16,16,0.94,10,2009-12-02,2011-03-01,2656,3228
85167A,WHITE GRAND BAROQUE PHOTO FRAME,merchandise,174,379.5,12,12,2.18,3,2009-12-03,2010-03-31,3276,3229
85097B,BLUE ROCKING SINGING CANARY,merchandise,101,378.75,36,25,3.75,7,2009-12-02,2010-08-09,3542,3230
22032,BOTANICAL LILY GREETING CARD,merchandise,903,378.42,74,64,0.42,22,2009-12-03,2011-11-25,1993,3231
85211,S/4 GROOVY CAT MAGNETS,merchandise,279,377.97,51,43,1.35,18,2009-12-01,2011-10-13,2962,3232
35969,FOLKART CROWN TABLE DECORATIONS,merchandise,450,376.74,40,36,0.84,10,2009-12-04,2010-11-10,2565,3233
85007,SET OF 3 VINTAGE TEA TIME BOXES,merchandise,139,376.35,19,16,2.71,4,2009-12-02,2010-03-02,3384,3234
84563B,BLUE & WHITE BREAKFAST TRAY,merchandise,97,376.15,37,27,3.88,14,2009-12-20,2011-06-19,3570,3235
21252,SET OF MEADOW  FLOWER STICKERS,merchandise,161,375.65,16,14,2.33,2,2009-12-01,2010-01-25,3320,3236
16218,CARTOON  PENCIL SHARPENERS,merchandise,4525,375.6,70,60,0.08,20,2010-02-23,2011-12-06,591,3237
21418,STARFISH SOAP DISH,merchandise,161,375.35,35,24,2.33,18,2009-12-06,2011-12-07,3321,3238
84422,PINK/BLUE DISC/MIRROR STRING,merchandise,749,374.31,25,19,0.5,14,2009-12-20,2011-09-16,2176,3239
84661B,BLACK SQUARE TABLE CLOCK,merchandise,207,374.29,26,21,1.81,13,2009-12-18,2011-12-07,3177,3240
47021G,SET/6 BEAD COASTERS GAUZE BAG GOLD,merchandise,633,374.15,45,28,0.59,17,2009-12-01,2011-06-23,2313,3241
72803B,OCEAN SCENT CANDLE JEWELLED DRAWER,merchandise,88,374.0,34,28,4.25,11,2009-12-03,2010-11-01,3617,3242
21375,LARGE CAMPHOR WOOD FIELD MUSHROOM,merchandise,94,373.7,28,26,3.98,19,2009-12-01,2011-12-04,3592,3243
84680,CLASSICAL ROSE URN,merchandise,94,372.3,17,14,3.96,7,2009-12-03,2010-09-05,3593,3244
46126A,ELVIS WALLHANGING / CURTAIN,merchandise,297,371.25,34,23,1.25,13,2009-12-03,2011-05-18,2901,3245
16219,HOUSE SHAPE PENCIL SHARPENER,merchandise,3206,371.01,66,58,0.12,22,2009-12-06,2011-12-01,802,3246
23039,T-LIGHT HOLDER SILVER HEART HANDLE,merchandise,192,370.8,22,22,1.93,6,2011-06-19,2011-12-05,3223,3247
84931A,PINK SCOTTIE DOG W FLOWER PATTERN,merchandise,146,369.6,47,42,2.53,23,2009-12-21,2011-11-30,3359,3248
84707B,PINK JEWELLED MIRROR TRINKET TRAY,merchandise,48,367.61,22,22,7.66,14,2009-12-08,2011-12-08,3879,3249
35915A,CREAM KNITTED HEN,merchandise,288,365.76,1,1,1.27,1,2009-12-18,2009-12-18,2933,3250
90198B,VINTAGE ROSE BEAD BRACELET BLACK,merchandise,86,365.5,32,22,4.25,19,2010-01-31,2011-12-04,3628,3251
84901,BLACK FACE LAMB WITH PANTS,merchandise,98,365.34,56,44,3.73,11,2009-12-01,2010-10-20,3563,3252
21678,PAISLEY PATTERN  STICKERS,merchandise,522,364.74,46,39,0.7,22,2009-12-11,2011-11-25,2467,3253
85204,HANGING WOOD AND FELT FLOWER,merchandise,2150,364.62,78,69,0.17,23,2010-01-31,2011-12-07,1127,3254
90161D,ANT COPPER PINK BOUDICCA BRACELET,merchandise,74,363.85,24,18,4.92,15,2009-12-06,2011-12-07,3707,3255
46776A,WOVEN BUBBLE GUM CUSHION COVER,merchandise,190,363.3,20,19,1.91,13,2010-01-04,2011-11-08,3233,3256
46776F,WOVEN ROSE GARDEN CUSHION COVER,merchandise,172,363.0,17,13,2.11,12,2009-12-03,2011-12-02,3281,3257
35922,EASTER BUNNY WREATH,merchandise,76,362.2,21,20,4.77,8,2010-01-11,2011-04-08,3699,3258
47579,TEA TIME BREAKFAST BASKET,merchandise,171,359.1,43,37,2.1,12,2009-12-02,2010-12-05,3283,3259
23429,RED RETRO KITCHEN WALL CLOCK,merchandise,44,358.6,20,19,8.15,2,2011-11-21,2011-12-09,3912,3260
22259,FELT FARM ANIMAL HEN,merchandise,478,358.46,33,31,0.75,10,2010-01-24,2011-04-26,2519,3261
21017,RED BIRD HOUSE TREE DECORATION,merchandise,548,358.28,39,32,0.65,6,2009-12-01,2010-11-16,2426,3262
16216,LETTER SHAPE PENCIL SHARPENER,merchandise,4135,358.18,78,69,0.09,23,2009-12-04,2011-12-07,643,3263
79191B,RETRO PLASTIC POLKA TRAY,merchandise,456,355.92,53,46,0.78,24,2009-12-04,2011-12-09,2550,3264
84800M,MEDIUM WHITE/PINK ROSE ART FLOWER,merchandise,249,355.53,26,25,1.43,14,2010-01-28,2011-08-28,3036,3265
46000R,POLYESTER FILLER PAD 45x30cm,merchandise,245,355.25,59,42,1.45,21,2010-01-31,2011-12-07,3060,3266
35004P,SET OF 3 PINK FLYING DUCKS,merchandise,84,354.6,21,17,4.22,9,2009-12-02,2010-12-10,3642,3267
21729,SMALL MARAKESH METAL  LANTERN,merchandise,114,354.5,23,19,3.11,2,2009-12-02,2010-01-14,3474,3268
85169B,BLACK LOVE BIRD CANDLE,merchandise,331,353.99,45,31,1.07,20,2010-01-05,2011-11-30,2807,3269
22039,BOTANICAL LILY GIFT WRAP,merchandise,850,353.0,30,27,0.42,15,2009-12-22,2011-10-25,2057,3270
78033,FLAG OF ST GEORGE CHAIR,merchandise,73,352.75,14,13,4.83,10,2010-01-27,2011-10-06,3711,3271
72487,ROSES WHITE ROUND CANDLE,merchandise,826,351.62,13,13,0.43,1,2009-12-01,2009-12-14,2085,3272
84809B,PINK CHRYSANTHEMUMS ART FLOWER,merchandise,296,351.6,8,7,1.19,6,2010-01-27,2011-02-25,2907,3273
23337,EGG FRYING PAN MINT,merchandise,169,351.52,60,49,2.08,7,2011-06-13,2011-12-08,3291,3274
47563A,RETRO LONGBOARD IRONING BOARD COVER,merchandise,225,351.25,62,39,1.56,19,2009-12-02,2011-12-08,3124,3275
84741C,CITRUS GARLAND FELT FLOWERS,merchandise,180,351.0,47,42,1.95,12,2009-12-06,2011-04-27,3259,3276
20903,VINTAGE KEEPSAKE BOX TRAVELOGUE,merchandise,105,349.95,19,19,3.33,14,2009-12-08,2011-10-23,3524,3277
35471A,SET OF 3 BIRD L.BLUE FEATHER,merchandise,360,349.2,54,41,0.97,12,2009-12-02,2010-11-14,2737,3278
84497,BUTTONS AND STRIPES NOTEBOOK,merchandise,93,348.75,32,29,3.75,13,2009-12-02,2011-11-15,3596,3279
85168B,BLACK BAROQUE CARRIAGE CLOCK,merchandise,37,348.67,23,17,9.42,16,2009-12-02,2011-12-05,3955,3280
16258A,SWIRLY CIRCULAR RUBBERS IN BAG,merchandise,1028,348.03,74,58,0.34,22,2009-12-11,2011-12-08,1848,3281
84915,HAND TOWEL PINK FLOWER AND DAISY,merchandise,210,347.4,18,15,1.65,10,2010-03-30,2011-11-14,3165,3282
84402D,PINK DRESS JEWELLERY STAND,merchandise,371,346.85,11,9,0.93,4,2009-12-01,2010-03-19,2719,3283
23576,SNACK TRAY RED VINTAGE DOILY,merchandise,185,346.35,29,28,1.87,2,2011-11-27,2011-12-08,3250,3284
23150,IVORY SWEETHEART SOAP DISH,merchandise,139,346.11,40,33,2.49,9,2011-04-21,2011-12-05,3385,3285
17129D,CLEAR COLOUR GLASS GEMS IN BAG,merchandise,518,344.54,19,12,0.67,4,2009-12-02,2010-03-05,2471,3286
37444C,PINK BREAKFAST CUP AND SAUCER,merchandise,1597,344.43,17,14,0.22,11,2009-12-01,2011-03-28,1425,3287
37444B,BLUE BREAKFAST CUP AND SAUCER,merchandise,1998,344.34,17,14,0.17,10,2009-12-01,2011-03-28,1206,3288
21736,GOLD SCROLL GLASS T-LIGHT HOLDER,merchandise,178,343.02,22,22,1.93,14,2009-12-07,2011-04-06,3267,3289
84926D,LA PALMIERA TILE COASTER,merchandise,766,342.89,38,29,0.45,16,2009-12-04,2011-12-07,2154,3290
79336,LIGHT PINK FLOCK GLASS CANDLEHOLDER,merchandise,832,342.83,16,13,0.41,10,2009-12-02,2011-09-02,2075,3291
17181,CIRCLE OF FRIENDS CANDLE HOLDER,merchandise,294,341.7,28,26,1.16,8,2009-12-10,2010-07-30,2913,3292
84984C,ORIENTAL BLUE CUSHION COVER,merchandise,227,341.55,12,11,1.5,6,2009-12-09,2010-11-14,3118,3294
21757,LIGHTHOUSE PRINTED METAL SIGN,merchandise,69,341.55,31,15,4.95,7,2009-12-08,2011-02-17,3741,3293
20666,ECONOMY HOLIDAY PURSE,merchandise,871,340.65,22,22,0.39,11,2009-12-08,2011-04-10,2033,3295
75149N,STRING CRYSTALS NATURAL,merchandise,272,340.0,25,18,1.25,6,2009-12-04,2010-05-04,2975,3296
21027,NINJA RABBIT PINK,merchandise,276,339.3,46,39,1.23,21,2009-12-04,2011-11-21,2965,3297
82076,BEECH WOOD PHOTO FRAME,merchandise,271,338.75,6,5,1.25,2,2009-12-08,2010-01-27,2977,3298
84898F,YELLOW FLOWERS FELT HANDBAG KIT,merchandise,161,338.1,47,37,2.1,13,2009-12-01,2011-03-24,3322,3299
84081,WHITE CERAMIC PARTY SET (5PCS),merchandise,94,337.58,15,14,3.59,7,2009-12-10,2010-07-14,3594,3300
20976,12 PENCILS SMALL TUBE POSY,merchandise,518,336.7,64,51,0.65,9,2009-12-02,2010-08-13,2472,3301
85086A,CANDY SPOT HEART DECORATION,merchandise,396,336.6,49,44,0.85,16,2010-01-14,2011-06-29,2673,3303
23661,MILK MAIDS MUG,merchandise,204,336.6,23,23,1.65,3,2011-10-13,2011-12-08,3185,3302
82081,PINK HEARTS PHOTO ALBUM,merchandise,159,336.25,12,11,2.11,3,2009-12-01,2010-02-24,3328,3305
20695,FLORAL BLUE MONSTER,merchandise,83,336.25,26,24,4.05,14,2009-12-01,2011-11-17,3649,3304
84249D,FAIRY CAKE GREETINGS CARD,merchandise,809,335.46,55,48,0.41,9,2009-12-02,2010-08-23,2104,3306
90002D,FLOWER BURST SILVER RING CRYSTAL,merchandise,96,335.0,21,17,3.49,12,2009-12-02,2011-05-08,3579,3307
79051A,SMOKEY GREY COLOUR GLASS,merchandise,895,334.43,46,39,0.37,19,2009-12-18,2011-12-07,2005,3308
84292,ROSE PINK METAL FOLDING CHAIR,merchandise,42,333.9,12,11,7.95,5,2010-02-17,2010-06-16,3929,3309
85170B,SET/6 BLACK BIRD T-LIGHT CANDLES,merchandise,247,333.78,33,19,1.35,17,2010-01-25,2011-11-29,3048,3310
17109A,FLOWER FAIRY INCENSE LILY,merchandise,709,333.61,13,12,0.47,4,2009-12-02,2010-03-26,2223,3311
23047,PAPER LANTERN 5 POINT STUDDED STAR,merchandise,58,333.5,25,25,5.75,7,2011-05-08,2011-11-24,3804,3312
47583B,SET OF 3 WICKER BASKET TEA AND CAKE,merchandise,27,332.6,6,6,12.32,2,2009-12-16,2010-02-17,4071,3313
82011C,BATHROOM SCALES FOOTPRINTS IN SAND,merchandise,97,331.75,42,36,3.42,17,2010-01-07,2011-11-23,3571,3314
21038,SET/4 MODERN VINTAGE COTTON NAPKINS,merchandise,160,331.6,49,39,2.07,16,2009-12-21,2011-05-04,3325,3315
37464,ROBOT MUG IN DISPLAY BOX,merchandise,276,331.32,46,45,1.2,12,2009-12-02,2010-12-17,2966,3316
85024B,EAU DE NILE JEWELLED PHOTOFRAME,merchandise,218,330.9,20,19,1.52,15,2010-01-19,2011-12-05,3143,3317
23420,PANTRY HOOK TEA STRAINER,merchandise,159,330.72,28,26,2.08,4,2011-09-15,2011-12-04,3329,3318
84881,BLUE WIRE SPIRAL CANDLE HOLDER,merchandise,52,330.2,22,21,6.35,14,2010-01-28,2011-07-17,3837,3319
84925A,WAKE UP COCKEREL WALL THERMOMETER,merchandise,177,328.95,15,14,1.86,4,2009-12-02,2010-03-28,3269,3320
72811,SMALL ZINC/GLASS CANDLEHOLDER,merchandise,441,328.77,20,18,0.75,14,2009-12-02,2011-12-08,2584,3321
84711A,SILVER OVAL SHAPE TRINKET BOX,merchandise,33,328.35,14,13,9.95,13,2009-12-13,2011-12-04,4007,3322
84984D,ORIENTAL RED CUSHION COVER,merchandise,152,328.0,15,14,2.16,9,2009-12-01,2011-11-08,3342,3323
72130,COLUMBIAN CANDLE ROUND,merchandise,802,326.9,50,39,0.41,20,2009-12-13,2011-11-27,2110,3324
35912B,WHITE/PINK CHICK DECORATION,merchandise,283,326.39,26,22,1.15,12,2010-01-07,2011-10-30,2949,3325
20902,VINTAGE KEEPSAKE BOX PARIS DAYS,merchandise,71,326.05,15,11,4.59,12,2009-12-14,2011-08-03,3719,3326
20655,QUEEN OF SKIES LUGGAGE TAG,merchandise,268,326.02,91,55,1.22,24,2009-12-01,2011-12-04,2985,3327
21309,LOUVRE CHALKBOARD,merchandise,49,325.6,5,5,6.64,3,2009-12-08,2010-02-17,3869,3328
90209A,PURPLE ENAMEL+GLASS HAIR COMB,merchandise,173,325.5,10,7,1.88,8,2009-12-01,2011-11-04,3277,3330
90120B,BLUE MURANO TWIST BRACELET,merchandise,77,325.5,21,17,4.23,13,2009-12-09,2011-11-17,3693,3329
85087,CANDY SPOT CUSHION COVER,merchandise,113,325.11,21,21,2.88,15,2009-12-04,2011-09-27,3484,3331
90175C,BLUE GLASS CHUNKY CHARM BRACELET,merchandise,36,322.2,17,15,8.95,9,2010-05-19,2011-11-17,3964,3332
85112,S/3 TEAR DROP CUT GLASS DECORATION,merchandise,429,320.25,23,20,0.75,3,2009-12-02,2010-02-07,2609,3333
85070,ANT WHITE SWEETHEART TABLE W 3 DRAW,merchandise,3,320.0,3,3,106.67,2,2010-05-16,2010-07-26,4510,3334
84801B,WHITE HYDRANGEA ART FLOWER,merchandise,202,319.8,16,14,1.58,13,2009-12-17,2011-04-06,3194,3335
35967,FOLK ART METAL STAR T-LIGHT HOLDER,merchandise,810,319.2,59,50,0.39,17,2009-12-07,2011-12-08,2101,3336
90148,LONG SILVER NECKLACE PASTEL FLOWER,merchandise,25,318.75,16,15,12.75,13,2009-12-02,2011-09-25,4091,3337
23116,VEGETABLE GARDEN CHOPPING BOARD,merchandise,70,317.7,17,17,4.54,4,2011-09-30,2011-12-05,3733,3338
84933C,LARGE BLUE ORIENTAL FOLDING STOOL,merchandise,136,317.0,6,6,2.33,2,2009-12-04,2010-01-22,3393,3340
21132,SILVER STANDING GNOME,merchandise,76,317.0,29,25,4.17,17,2010-03-24,2011-12-08,3700,3339
84952A,CLEAR LOVE BIRD T-LIGHT HOLDER,merchandise,102,316.61,14,13,3.1,10,2009-12-06,2011-11-14,3538,3341
47597,NEW ENGLAND TEATOWELS,merchandise,124,316.2,41,34,2.55,8,2009-12-10,2010-08-29,3431,3342
90180A,BLACK+WHITE NECKLACE W TASSEL,merchandise,36,316.2,19,18,8.78,10,2009-12-02,2011-10-23,3965,3343
23421,PANTRY HOOK SPATULA,merchandise,152,316.16,26,24,2.08,4,2011-09-08,2011-12-04,3343,3344
16207B,PINK HEART RED HANDBAG,merchandise,211,315.96,13,12,1.5,6,2009-12-11,2011-08-30,3163,3345
90201B,BLACK ENAMEL FLOWER RING,merchandise,107,315.65,18,14,2.95,12,2010-03-07,2011-12-04,3514,3346
47504G,ENGLISH ROSE TAPE MEASURE,merchandise,256,315.44,47,38,1.23,6,2009-12-01,2010-05-11,3013,3347
23037,CANDLE HOLDER SILVER MADELINE,merchandise,193,315.29,18,17,1.63,7,2011-06-24,2011-12-09,3219,3348
17011F,ORIGAMI SANDLEWOOD INCENSE+FLOWER,merchandise,380,315.15,15,15,0.83,10,2009-12-16,2011-05-19,2700,3349
90198A,VINTAGE ROSE BEAD BRACELET RASPBERR,merchandise,74,314.5,26,21,4.25,15,2010-02-10,2011-11-17,3708,3350
84933A,LARGE GREEN PEONY FOLDING STOOL,merchandise,131,314.35,6,5,2.4,3,2009-12-01,2010-02-01,3410,3351
22395,PAPERWEIGHT VINTAGE PAISLEY,merchandise,214,313.86,33,31,1.47,15,2010-04-13,2011-12-08,3156,3352
46000U,POLYESTER FILLER PAD 30CMx30CM,merchandise,251,313.75,51,39,1.25,22,2009-12-03,2011-12-04,3030,3353
20940,SET/6 GARDEN GNOME T-LIGHT CANDLES,merchandise,113,312.55,18,15,2.77,1,2009-12-01,2009-12-13,3485,3354
23339,EGG FRYING PAN BLUE,merchandise,150,312.0,58,43,2.08,7,2011-06-13,2011-12-08,3348,3355
85202,HANGING WOOD AND FELT HEART,merchandise,745,311.46,90,79,0.42,20,2010-01-14,2011-11-29,2181,3356
35911A,MULTICOLOUR RABBIT EGG WARMER,merchandise,260,309.65,41,38,1.19,14,2009-12-02,2011-11-04,3005,3357
84933B,LARGE PINK PEONY FOLDING STOOL,merchandise,136,309.15,6,5,2.27,2,2009-12-01,2010-01-22,3394,3358
21946,PARTY TIME DESIGN FLANNEL,merchandise,579,307.81,30,25,0.53,19,2009-12-11,2011-12-05,2378,3359
84706A,ENGLISH ROSE TABLE CLOCK,merchandise,136,307.2,6,6,2.26,3,2009-12-17,2010-02-28,3395,3360
23478,WOODLAND LARGE PINK FELT HEART,merchandise,278,307.18,10,9,1.1,3,2011-10-20,2011-12-01,2963,3361
21306,SET/4 DAISY MIRROR MAGNETS,merchandise,671,307.1,57,48,0.46,19,2009-12-03,2011-12-05,2261,3362
20688,BEAUTY SPEED EXPRESSO CUPS,merchandise,462,306.9,9,9,0.66,3,2009-12-04,2010-03-17,2538,3363
44235,ASSORTED COLOURED CIRCLE MOBILE,merchandise,821,305.94,22,16,0.37,15,2010-01-13,2011-12-07,2089,3364
90160A,PURPLE BOUDICCA LARGE BRACELET,merchandise,44,305.8,20,18,6.95,14,2010-05-21,2011-10-09,3913,3365
23575,SNACK TRAY PAISLEY PARK,merchandise,164,305.4,22,22,1.86,2,2011-11-27,2011-12-08,3310,3366
79190A,RETRO PLASTIC 70'S TRAY,merchandise,727,305.34,73,42,0.42,24,2009-12-03,2011-12-09,2194,3367
21943,CAKES AND RABBITS DESIGN FLANNEL,merchandise,387,304.83,41,37,0.79,20,2009-12-10,2011-11-11,2688,3368
90184A,AMBER CHUNKY BEAD BRACELET W STRAP,merchandise,34,304.3,12,11,8.95,8,2009-12-06,2011-11-10,3994,3369
62095B,TURQOISE ICE CREAM SUNHAT,merchandise,289,304.09,19,18,1.05,7,2010-02-01,2010-11-28,2929,3370
84838,ANT WHITE HIGH RISE BIRD BOX,merchandise,49,304.0,3,3,6.2,2,2009-12-18,2010-01-12,3870,3371
79303B,BLUE STAR BLOCK TABLE LAMP,merchandise,103,303.85,4,4,2.95,3,2010-02-03,2010-08-09,3534,3372
84760S,SMALL HANGING GLASS+ZINC LANTERN,merchandise,209,303.05,24,24,1.45,14,2010-02-14,2011-05-12,3169,3373
72753D,S/3 FLWR FAIRY SUMMER CANDLES,merchandise,144,302.4,9,9,2.1,2,2009-12-06,2010-01-17,3367,3374
90014A,SILVER/MOP ORBIT NECKLACE,merchandise,36,302.2,22,18,8.39,15,2009-12-22,2011-11-08,3966,3375
85147,JARDIN ETCHED GLASS CANDLEHLDR LONG,merchandise,61,301.95,16,14,4.95,4,2009-12-01,2010-05-02,3781,3376
90035C,"PEARL & SHELL 42""NECKL. IVORY",merchandise,28,301.0,5,5,10.75,3,2009-12-02,2011-05-13,4058,3377
84522,PINK PARTY SUNGLASSES,merchandise,179,300.45,20,19,1.68,15,2009-12-07,2011-11-22,3264,3378
84535A,ENGLISH ROSE NOTEBOOK A6 SIZE,merchandise,575,300.15,48,44,0.52,6,2009-12-02,2011-05-08,2381,3379
84673B,BLUE FLY SWAT,merchandise,420,299.46,79,65,0.71,23,2009-12-22,2011-12-05,2626,3380
23440,PAINT YOUR OWN EGGS IN CRATE,merchandise,164,299.36,5,5,1.83,2,2011-11-24,2011-12-07,3311,3381
17001,HEAVENS SCENT FRAGRANCE OILS ASSTD,merchandise,1211,299.35,23,20,0.25,10,2009-12-04,2011-02-28,1687,3382
90082A,DIAMANTE BOW BROOCH GREEN COLOUR,merchandise,47,298.45,20,16,6.35,14,2009-12-02,2011-12-07,3891,3383
82095,HEART BUTTONS JEWELLERY BOX,merchandise,39,298.35,22,21,7.65,13,2009-12-09,2011-03-30,3942,3384
21028,NINJA RABBIT BLACK,merchandise,237,297.64,40,31,1.26,20,2009-12-05,2011-12-05,3084,3385
84627,CANDY STRIPE ROSE C/COVER,merchandise,50,297.5,19,15,5.95,8,2009-12-03,2010-09-26,3857,3386
90145,SILVER HOOP EARRINGS WITH FLOWER,merchandise,50,297.5,23,16,5.95,16,2009-12-01,2011-11-29,3858,3387
23015,CORDIAL JUG,merchandise,36,297.0,15,15,8.25,5,2011-06-22,2011-11-24,3967,3388
20670,VIP HOLIDAY PURSE,merchandise,664,296.48,22,20,0.45,15,2009-12-08,2011-11-15,2272,3389
84877B,GREEN ROUND COMPACT MIRROR,merchandise,227,296.25,15,13,1.31,10,2010-03-01,2011-11-30,3119,3390
21420,OYSTER TRINKET BOX,merchandise,114,295.62,25,21,2.59,17,2010-01-04,2011-12-07,3475,3391
85179A,GREEN BITTY LIGHT CHAIN,merchandise,142,295.26,26,24,2.08,11,2009-12-03,2011-12-06,3373,3392
21697,SET 5 MINI DOUGHNUT FRIDGE MAGNET,merchandise,372,295.08,7,6,0.79,3,2009-12-07,2010-02-15,2716,3393
84533B,FAIRY CAKES ROUND NESTING BOXES,merchandise,52,293.8,19,17,5.65,4,2009-12-01,2010-03-07,3838,3394
21401,BLUE PUDDING SPOON,merchandise,1394,293.58,91,72,0.21,24,2009-12-07,2011-12-06,1537,3395
16244A,MAXWELL 2 TONE PINK 60 PAGE PHOTO A,merchandise,142,293.0,6,6,2.06,4,2009-12-06,2010-03-15,3374,3396
72801F,S/4 FESTIVE RED DINNER CANDLES,merchandise,234,292.5,25,20,1.25,2,2009-12-01,2010-01-28,3094,3397
21025,SPACE FROG,merchandise,232,292.25,36,30,1.26,16,2009-12-01,2011-11-28,3102,3398
84800S,SMALL WHITE/PINK ROSE ART FLOWER,merchandise,388,292.04,19,19,0.75,11,2010-02-19,2011-09-11,2686,3399
82011B,BATHROOM SCALES RUBBER DUCKS,merchandise,85,291.55,39,23,3.43,20,2009-12-02,2011-11-23,3636,3400
20826,SILVER APERITIF GLASS,merchandise,355,290.72,14,11,0.82,8,2009-12-01,2011-05-18,2756,3401
23410,CURIO CABINET LINEN AND LACE,merchandise,36,290.1,18,16,8.06,3,2011-09-08,2011-11-25,3968,3402
85131D,BEADED CRYSTAL HEART PINK\ON STICK,merchandise,503,289.69,32,25,0.58,16,2009-12-17,2011-12-05,2489,3403
47503G,ASS FLORAL PRINT TAPE MEASURE,merchandise,235,289.19,24,21,1.23,3,2009-12-02,2010-02-25,3090,3404
84247N,PACK/12 BLUE FOLKART CARDS,merchandise,98,289.1,39,33,2.95,20,2010-01-19,2011-11-27,3564,3405
90120A,PINK MURANO TWIST BRACELET,merchandise,68,289.0,21,14,4.25,8,2009-12-09,2010-11-17,3748,3406
84802A,WHITE ANEMONE ARTIFICIAL FLOWER,merchandise,171,288.99,21,21,1.69,11,2009-12-11,2010-12-19,3284,3407
90192,JADE DROP EARRINGS W FILIGREE,merchandise,58,287.1,19,10,4.95,12,2009-12-07,2011-12-07,3805,3408
17091B,JASMINE TEA INCENSE IN TIN,merchandise,264,286.8,43,35,1.09,10,2009-12-06,2010-09-09,2993,3409
23695,DOILY THANK YOU CARD,merchandise,703,286.62,44,41,0.41,2,2011-11-09,2011-12-08,2232,3410
84192,ASSORTED COLOUR METAL CAT,merchandise,238,286.1,38,29,1.2,17,2010-02-08,2011-12-04,3079,3411
23430,BLUE RETRO KITCHEN WALL CLOCK,merchandise,35,285.25,17,16,8.15,2,2011-11-20,2011-12-09,3980,3412
37413,ICON MUG REVOLUTIONARY,merchandise,701,283.71,79,52,0.4,11,2011-02-07,2011-12-05,2234,3413
85129B,BEADED CRYSTAL HEART GREEN SMALL,merchandise,230,283.08,36,26,1.23,18,2009-12-15,2011-12-05,3110,3414
84906,PINK BUTTERFLY CUSHION COVER,merchandise,59,283.05,18,14,4.8,11,2009-12-03,2011-05-23,3793,3415
20950,SET/6  ANGEL T-LIGHTS WHITE/GOLD,merchandise,652,282.97,65,57,0.43,6,2009-12-02,2010-11-28,2292,3416
21402,RED  EGG  SPOON,merchandise,1589,280.98,102,81,0.18,21,2009-12-03,2011-11-30,1429,3417
90196A,PURPLE GEMSTONE NECKLACE 45CM,merchandise,22,280.5,9,9,12.75,6,2009-12-06,2011-11-29,4140,3418
90010E,AMBER GLASS/SILVER BRACELET,merchandise,32,279.95,18,16,8.75,11,2009-12-06,2011-10-20,4022,3419
84625B,BLCK NEW BAROQUE CANDLESTICK CANDLE,merchandise,180,279.0,17,15,1.55,4,2009-12-04,2010-03-24,3260,3420
62096B,PURPLE/TURQ FLOWERS HANDBAG,merchandise,209,278.75,46,42,1.33,12,2010-01-07,2011-03-07,3170,3421
84510C,SET OF 4 POLKADOTS COASTERS,merchandise,224,278.62,67,49,1.24,24,2009-12-02,2011-12-01,3126,3422
90036D,"FLOWER GLASS GARLAND NECKL.36""BLACK",merchandise,35,278.25,12,11,7.95,10,2009-12-01,2011-06-13,3981,3423
20663,QUEEN OF THE SKIES HOLIDAY PURSE,merchandise,1037,277.19,15,13,0.27,10,2009-12-10,2011-10-17,1837,3424
23579,SNACK TRAY I LOVE LONDON,merchandise,149,276.15,24,22,1.85,3,2011-10-18,2011-12-08,3352,3425
84966C,GREEN KASHMIRI BOXED MIRROR,merchandise,23,276.0,2,1,12.0,2,2010-09-03,2010-11-02,4127,3426
46118,FUNKY MONKEY CUSHION COVER,merchandise,324,275.4,35,23,0.85,18,2009-12-08,2011-12-06,2827,3427
35920,FOUR RABBIT EASTER DECORATIONS,merchandise,1065,275.25,20,18,0.26,7,2010-01-27,2011-04-15,1802,3428
84977,WIRE FLOWER T-LIGHT HOLDER,merchandise,220,275.0,41,34,1.25,12,2009-12-01,2010-11-23,3132,3429
90178A,AMBER CHUNKY GLASS+BEAD NECKLACE,merchandise,23,274.85,15,14,11.95,8,2009-12-03,2011-10-20,4128,3430
85039C,S/4 BLACK MINI ROSE CANDLE IN BOWL,merchandise,417,274.57,39,27,0.66,15,2010-01-31,2011-11-28,2634,3431
84673A,PINK FLY SWAT,merchandise,457,274.01,70,57,0.6,21,2009-12-11,2011-11-24,2548,3432
21030,SPACE CADET RED,merchandise,220,273.62,39,37,1.24,16,2009-12-16,2011-11-21,3133,3433
35637C,PINK STRING CURTAIN WITH POLE,merchandise,97,273.35,16,14,2.82,11,2010-01-14,2011-11-27,3572,3434
35968,FOLK ART METAL HEART T-LIGHT HOLDER,merchandise,725,273.16,56,49,0.38,16,2009-12-02,2011-11-01,2196,3435
84429A,MEDIUM PINK BUDDHA HEAD,merchandise,92,271.4,27,22,2.95,15,2009-12-06,2011-12-08,3602,3436
90010A,MIDNIGHT BLUE GLASS/SILVER BRACELET,merchandise,31,271.0,14,12,8.74,8,2009-12-06,2011-09-14,4028,3437
84926A,WAKE UP COCKEREL TILE COASTER,merchandise,655,270.59,42,29,0.41,17,2010-03-03,2011-12-01,2285,3438
47351B,BLUE  VOILE LAMPSHADE,merchandise,98,269.9,14,11,2.75,13,2009-12-06,2011-11-06,3565,3439
72793,BLACK BOX MIRROR LANTERN,merchandise,55,268.75,10,5,4.89,6,2009-12-13,2010-10-26,3817,3440
90175D,TIGRIS EYE CHUNKY CHARM BRACELET,merchandise,30,268.5,15,11,8.95,10,2009-12-02,2011-04-10,4042,3441
90201A,PURPLE ENAMEL FLOWER RING,merchandise,91,268.45,20,16,2.95,12,2009-12-13,2011-10-20,3606,3442
21698,MOCK LOBSTER FRIDGE MAGNET,merchandise,450,268.34,48,38,0.6,18,2009-12-08,2011-12-07,2566,3443
35638B,PINK/BLUE STRING CURTAIN,merchandise,115,268.25,8,7,2.33,7,2010-04-07,2011-11-20,3465,3444
47586A,PINK FAIRY CAKE CUSHION COVER,merchandise,201,267.75,28,23,1.33,15,2010-02-04,2011-11-23,3195,3445
16202A,PASTEL PINK PHOTO ALBUM,merchandise,660,266.45,19,16,0.4,11,2009-12-17,2011-04-17,2278,3446
20847,ZINC HEART LATTICE CHARGER LARGE,merchandise,71,266.25,20,17,3.75,13,2009-12-04,2011-11-25,3720,3447
84482,BUTTONS DESIGN JEWELLERY BOX,merchandise,71,266.25,28,22,3.75,10,2009-12-06,2010-10-03,3721,3448
23481,PEARLISED IVORY HEART SMALL,merchandise,217,266.21,27,23,1.23,3,2011-10-17,2011-12-06,3147,3449
35981C,WHITE SNOW SCANDINAVIAN STOCKING,merchandise,563,266.14,60,55,0.47,5,2009-12-02,2010-10-17,2398,3450
85195,HANGING HEART BASKET,merchandise,145,265.14,16,14,1.83,11,2009-12-18,2011-03-16,3360,3451
84576,BLUE CAT BISCUIT BARREL PINK HEART,merchandise,84,264.0,21,19,3.14,11,2009-12-06,2011-07-20,3643,3452
84613C,BLUE NEW BAROQUE FLOCK CANDLESTICK,merchandise,63,262.71,12,11,4.17,8,2010-03-15,2010-12-08,3774,3453
90201C,RED ENAMEL FLOWER RING,merchandise,89,262.55,19,16,2.95,9,2010-06-08,2011-10-05,3614,3454
84806A,PINK CANDYSTUFT ARTIFICIAL FLOWER,merchandise,319,261.91,20,19,0.82,14,2010-01-24,2011-12-07,2847,3455
84623,PINK GINGHAM ROSE FLOOR CUSHION,merchandise,53,261.35,12,8,4.93,4,2009-12-02,2010-03-03,3831,3456
21196,ROUND WHITE CONFETTI IN TUBE,merchandise,158,260.7,17,16,1.65,14,2010-03-17,2011-12-07,3332,3457
22869,"NUMBER TILE COTTAGE GARDEN, 1",merchandise,133,259.35,27,24,1.95,14,2010-10-17,2011-11-29,3402,3458
90120C,GREEN MURANO TWIST BRACELET,merchandise,61,259.25,17,12,4.25,14,2009-12-04,2011-11-17,3782,3459
84924F,PSYCHEDELIC METAL SIGN CALENDAR,merchandise,973,259.15,8,8,0.27,4,2010-03-03,2011-07-29,1909,3460
90124A,PINK MURANO TWIST NECKLACE,merchandise,26,258.7,16,16,9.95,9,2010-01-28,2011-10-30,4079,3461
16254,TRANSPARENT ACRYLIC TAPE DISPENSER,merchandise,912,258.36,19,17,0.28,11,2010-01-21,2011-11-30,1982,3462
20800,LARGE GLASS SUNDAE DISH CLEAR,merchandise,996,258.2,2,2,0.26,2,2010-01-20,2010-03-17,1880,3463
77081,FLOWER WINDMILL,merchandise,219,255.51,18,17,1.17,7,2010-01-29,2010-07-01,3139,3464
84508C,BLUE CIRCLES DESIGN TEDDY,merchandise,100,255.0,36,22,2.55,17,2009-12-04,2011-11-17,3549,3465
46775E,CANDY POP CHUNKY KNITTED THROW,merchandise,15,254.25,10,8,16.95,6,2009-12-11,2010-09-12,4257,3466
23137,ZINC WIRE SWEETHEART LETTER TRAY,merchandise,80,253.24,20,18,3.17,9,2011-04-21,2011-12-07,3673,3467
90032,IVORY SHELL HEART NECKLACE,merchandise,45,253.17,21,12,5.63,13,2010-01-21,2011-10-26,3908,3468
90085,CRYSTAL STILETTO PHONE CHARM,merchandise,297,252.45,17,14,0.85,9,2009-12-01,2011-12-02,2902,3469
85033S,SET/6 SILVER REINDEER T-LIGHTS,merchandise,242,252.2,39,34,1.04,4,2009-12-01,2010-11-08,3068,3470
21341,KASBAH LANTERN WITH GLASS,merchandise,56,250.8,15,15,4.48,5,2009-12-02,2010-10-01,3813,3471
21722,SWEET PUDDING STICKER SHEET,merchandise,295,250.75,40,33,0.85,20,2009-12-07,2011-11-28,2910,3472
20836,FRENCH PAISLEY CUSHION COVER,merchandise,224,250.0,22,18,1.12,10,2010-03-02,2011-11-24,3127,3473
22954,HEN PARTY CORDON BARRIER TAPE,merchandise,200,250.0,37,28,1.25,12,2010-11-05,2011-11-24,3199,3474
84671B,CROCHET BEAR WITH BLUE STRIPES,merchandise,98,249.9,24,20,2.55,2,2009-12-01,2010-01-08,3566,3475
85089,CANDY SPOT BUNNY,merchandise,87,249.45,18,15,2.87,11,2009-12-02,2011-11-17,3626,3476
16052,TEATIME PUSH DOWN RUBBER,merchandise,810,249.35,21,18,0.31,10,2010-02-01,2011-06-09,2102,3477
79030A,"TUMBLER, ENGLISH ROSE",merchandise,151,249.15,20,18,1.65,3,2009-12-02,2010-07-22,3345,3478
45016,DECORATIVE NET CANOPY LEOPARD,merchandise,73,248.75,8,8,3.41,5,2010-03-31,2010-09-09,3712,3479
79190D,RETRO PLASTIC DAISY TRAY,merchandise,591,248.22,73,44,0.42,24,2009-12-03,2011-12-02,2360,3480
23476,WOODLAND LARGE RED FELT HEART,merchandise,198,247.5,18,18,1.25,2,2011-10-20,2011-11-30,3204,3481
23474,WOODLAND SMALL BLUE FELT HEART,merchandise,297,246.51,27,26,0.83,3,2011-10-24,2011-12-07,2903,3482
35914,PINK CHICK EGG WARMER + EGG CUP,merchandise,175,246.25,28,25,1.41,11,2009-12-02,2011-10-19,3273,3483
84924D,LA PALMIERA METAL SIGN CALENDAR,merchandise,760,246.0,12,11,0.32,9,2009-12-04,2010-11-11,2163,3484
21321,GLASS CHALICE BLUE  LARGE,merchandise,108,245.25,13,10,2.27,5,2009-12-04,2010-04-09,3509,3485
35979,SIX STRING SCANDINAVIAN HEART DECS,merchandise,83,244.85,19,19,2.95,2,2009-12-01,2010-01-24,3650,3486
90201D,GREEN ENAMEL FLOWER RING,merchandise,83,244.85,16,12,2.95,10,2010-03-07,2011-10-05,3651,3487
47578A,ENGLISH ROSE SMALL SCENTED FLOWER,merchandise,288,244.8,49,42,0.85,23,2009-12-02,2011-12-04,2934,3488
72739B,WHITE CHOCOLATE SCENT CANDLE,merchandise,351,244.35,10,10,0.7,2,2009-12-01,2010-01-25,2765,3489
47481,50CM METAL STRING WITH  7 CLIPS,merchandise,316,244.12,35,31,0.77,17,2010-01-24,2011-11-29,2857,3490
21388,IVORY HANGING DECORATION  CHICKEN,merchandise,287,243.95,27,27,0.85,4,2009-12-02,2010-03-07,2937,3491
22870,"NUMBER TILE COTTAGE GARDEN, 2",merchandise,125,243.75,19,16,1.95,13,2010-10-18,2011-11-02,3429,3492
22257,FELT FARM ANIMAL SHEEP,merchandise,322,243.14,25,23,0.76,10,2010-01-21,2011-10-30,2837,3493
35833P,4 PINK FLOCK CHRISTMAS BALLS,merchandise,162,243.0,43,32,1.5,10,2009-12-06,2011-11-24,3316,3494
90081A,LILY BROOCH AMETHYST COLOUR,merchandise,49,242.55,23,15,4.95,17,2009-12-07,2011-12-07,3871,3495
23149,ANTIQUE IVORY WIRE BOWL SMALL,merchandise,97,241.53,19,17,2.49,6,2011-05-03,2011-11-29,3573,3496
18096C,WHITE ROUND PORCELAIN TLIGHT HOLDER,merchandise,106,241.5,13,12,2.28,3,2009-12-01,2010-02-24,3518,3497
90191,SILVER LARIAT 40CM,merchandise,32,241.4,14,13,7.54,10,2010-03-23,2011-11-03,4023,3498
20616,CHERRY BLOSSOM PASSPORT COVER,merchandise,190,240.38,44,31,1.27,22,2010-01-08,2011-12-08,3234,3499
23495,SET OF 3 PANTRY WOODEN SPOONS,merchandise,192,240.0,24,21,1.25,3,2011-10-30,2011-12-07,3224,3500
46776C,WOVEN FROST CUSHION COVER,merchandise,102,238.5,17,14,2.34,11,2010-01-04,2011-12-02,3539,3501
84629,WHITE 3 FRAME BIRDS AND TREE,merchandise,24,237.8,13,12,9.91,6,2010-02-22,2011-07-26,4108,3502
17012E,ORIGAMI OPIUM INCENSE/CANDLE SET,merchandise,240,236.4,12,12,0.98,8,2009-12-16,2010-12-15,3073,3503
44217M,MULTICOLOUR FEATHERS CURTAIN,merchandise,72,236.4,3,1,3.28,1,2010-02-15,2010-02-15,3715,3504
79328,BLUE FLOCK GLASS CANDLEHOLDER,merchandise,586,235.38,11,6,0.4,5,2009-12-02,2010-07-15,2368,3505
75178,ASSTD COL BUTTERFLY/CRYSTAL W/CHIME,merchandise,475,235.19,16,11,0.5,10,2010-02-18,2011-12-06,2522,3506
20855,PINK PATCH PURSE BLUE HEART,merchandise,142,234.3,47,41,1.65,9,2009-12-03,2010-09-15,3375,3507
84597B,RETRO BROWN BALL ASHTRAY,merchandise,195,234.15,19,11,1.2,12,2009-12-09,2011-06-19,3212,3508
23567,EGG CUP HENRIETTA HEN PINK,merchandise,187,233.75,18,15,1.25,3,2011-10-14,2011-12-02,3245,3509
37483,ENGLISH ROSE MUG IN GIFT BOX,merchandise,143,232.89,10,10,1.63,2,2010-05-16,2010-06-08,3370,3510
17038,PORCELAIN BUDAH INCENSE HOLDER,merchandise,2624,232.4,30,21,0.09,18,2009-12-14,2011-11-24,946,3511
23475,WOODLAND SMALL PINK FELT HEART,merchandise,280,232.4,26,25,0.83,3,2011-10-27,2011-12-07,2958,3512
16212,FUNKY GIRLZ ASST MAGNETIC MEMO PAD,merchandise,357,232.05,30,29,0.65,11,2009-12-02,2010-11-12,2750,3513
79338,DARK PINK FLOCK GLASS CANDLEHOLDER,merchandise,547,231.99,10,8,0.42,4,2009-12-03,2010-03-02,2427,3514
23447,PINK BUNNY EASTER EGG BASKET,merchandise,158,231.9,4,4,1.47,2,2011-10-10,2011-12-07,3333,3515
23465,TUSCAN VILLA FEEDING STATION,merchandise,28,231.0,15,15,8.25,2,2011-10-04,2011-11-24,4059,3516
84926F,PSYCHEDELIC TILE COASTER,merchandise,465,230.5,30,24,0.5,16,2009-12-16,2011-12-06,2529,3517
23446,BLUE BUNNY EASTER EGG BASKET,merchandise,157,230.25,3,3,1.47,2,2011-10-10,2011-12-07,3335,3518
20736,PINK MINI TAPE MEASURE,merchandise,286,230.1,18,18,0.8,4,2009-12-02,2010-03-14,2939,3519
22877,"NUMBER TILE COTTAGE GARDEN, 9",merchandise,118,230.1,20,18,1.95,9,2010-10-18,2011-07-28,3452,3521
20906,VINTAGE NOTEBOOK BEAUTY GIRL,merchandise,78,230.1,28,25,2.95,14,2009-12-02,2011-04-03,3683,3520
84461,12 PINK HEN+CHICKS IN BASKET,merchandise,90,229.5,34,33,2.55,7,2010-01-31,2011-04-20,3610,3522
90185C,BLACK DIAMANTE EXPANDABLE RING,merchandise,54,229.5,19,17,4.25,11,2009-12-01,2011-09-23,3825,3523
20795,LARGE BLUE PROVENCAL CERAMIC BALL,merchandise,116,228.84,17,15,1.97,12,2009-12-09,2011-12-02,3461,3524
90146,FINE SILVER NECKLACE W PASTEL FLOWE,merchandise,35,228.75,13,12,6.54,8,2009-12-13,2011-10-26,3982,3525
84661A,WHITE SQUARE TABLE CLOCK,merchandise,203,228.54,25,22,1.13,12,2009-12-07,2011-12-07,3188,3526
35096A,BLUE VICTORIAN FABRIC HEART BOX,merchandise,710,228.39,19,18,0.32,4,2009-12-02,2010-03-05,2222,3527
20987,GEISHA GIRL CHOPSTICKS SET/5,merchandise,117,228.15,12,11,1.95,1,2009-12-01,2009-12-08,3455,3528
47471,RAINBOW PEGS PHOTO CLIP STRING,merchandise,383,227.53,41,35,0.59,20,2010-01-21,2011-12-05,2695,3529
23036,T-LIGHT HOLDER SILVER PETIT FOUR,merchandise,182,227.5,15,14,1.25,7,2011-06-22,2011-12-06,3254,3530
10123C,HEARTS WRAPPING TAPE,merchandise,629,227.41,46,39,0.36,14,2009-12-04,2011-03-31,2318,3531
72781,BLACK SILOUETTE CANDLE PLATE,merchandise,120,227.4,14,11,1.9,7,2009-12-17,2010-10-11,3446,3532
84927F,PSYCHEDELIC TILE HOOK,merchandise,324,227.25,51,44,0.7,17,2009-12-16,2011-12-07,2828,3533
72750D,F.FAIRY S/3 CANDLE/GLASS,merchandise,110,226.5,11,11,2.06,2,2009-12-07,2010-01-28,3497,3534
84532B,FAIRY CAKES RECTANGLUAR BOXES,merchandise,38,226.1,23,21,5.95,4,2009-12-02,2010-03-31,3950,3535
23003,TRAVEL CARD WALLET VINTAGE ROSE,merchandise,541,225.78,52,38,0.42,5,2011-02-16,2011-06-12,2436,3536
85033G,SET/6 GOLD REINDEER T-LIGHT CANDLES,merchandise,201,225.55,17,16,1.12,3,2009-12-02,2010-09-21,3196,3537
20869,GOLD FABRIC MIRROR,merchandise,459,225.49,31,30,0.49,15,2009-12-02,2011-12-08,2543,3538
TEST001,This is a test product.,merchandise,50,225.0,9,2,4.5,3,2009-12-14,2010-04-12,3859,3539
84993B,75 BLACK PETIT FOUR CASES,merchandise,534,224.28,77,57,0.42,18,2009-12-03,2011-08-08,2444,3540
22872,"NUMBER TILE COTTAGE GARDEN, 4",merchandise,115,224.25,18,16,1.95,10,2010-10-18,2011-08-21,3466,3541
44234,ASSORTED CIRCULAR MOBILE,merchandise,1161,222.93,39,28,0.19,22,2009-12-14,2011-12-09,1727,3542
84529C,YELLOW KNITTED KIDS RUCKSACK,merchandise,33,222.75,11,9,6.75,6,2009-12-16,2010-06-01,4008,3543
22874,"NUMBER TILE COTTAGE GARDEN, 6",merchandise,114,222.3,17,15,1.95,9,2010-10-18,2011-09-18,3476,3544
37508,NEW ENGLAND CERAMIC CAKE SERVER,merchandise,87,221.85,44,35,2.55,9,2009-12-02,2010-08-24,3627,3545
90014C,SILVER/BLACK ORBIT NECKLACE,merchandise,23,221.85,14,13,9.65,12,2009-12-02,2011-11-27,4129,3546
84870B,BLUE GEISHA GIRL,merchandise,59,221.25,23,22,3.75,15,2009-12-07,2011-09-02,3794,3547
84870C,GREEN GEISHA GIRL,merchandise,59,221.25,21,21,3.75,13,2009-12-17,2011-10-30,3795,3548
84219,BOX/12 MOTHER & CHICK IN BASKET/BOW,merchandise,96,220.8,26,24,2.3,3,2010-01-31,2010-03-28,3580,3549
21144,PINK POODLE HANGING DECORATION,merchandise,505,220.79,42,40,0.44,10,2009-12-03,2010-11-11,2484,3550
17090A,LAVENDER INCENSE 40 CONES IN TIN,merchandise,215,220.75,26,24,1.03,16,2009-12-10,2011-11-24,3153,3551
90070,RUBY GLASS CLUSTER BRACELET,merchandise,37,220.15,11,9,5.95,7,2010-03-03,2011-11-08,3956,3552
72739C,DARK CHOCOLATE SCENTCANDLE,merchandise,291,219.75,11,10,0.76,2,2009-12-07,2010-01-27,2928,3553
84499,BLACK FLOWER CANDLE PLATE,merchandise,294,219.66,20,16,0.75,12,2009-12-18,2011-01-04,2914,3554
16258B,DAISY ERASERS IN BAG,merchandise,1014,219.34,13,13,0.22,1,2009-12-02,2009-12-22,1860,3555
90090,PINK CRYSTAL HEART PHONE CHARM,merchandise,258,219.3,17,12,0.85,8,2009-12-01,2010-11-25,3009,3556
85168A,WHITE BAROQUE CARRIAGE CLOCK,merchandise,22,218.9,15,12,9.95,6,2009-12-02,2010-06-14,4141,3557
72225D,VANILLA SCENT CAKE CANDLE,merchandise,960,218.88,10,9,0.23,4,2010-01-15,2010-05-13,1927,3558
90058A,CRYSTAL STUD EARRINGS CLEAR DISPLAY,merchandise,576,218.88,13,12,0.38,9,2009-12-10,2011-11-14,2379,3559
90208,PAIR OF PINK FLOWER CLUSTER SLIDE,merchandise,92,218.4,12,9,2.37,8,2010-01-28,2011-11-07,3603,3560
90157,RIVIERA NECKLACE,merchandise,44,217.8,16,14,4.95,9,2010-02-11,2011-11-17,3914,3561
17013B,ORIGAMI JASMINE INCENSE IN TUBE,merchandise,255,217.6,2,2,0.85,1,2009-12-10,2009-12-16,3014,3562
90210B,CLEAR ACRYLIC FACETED BANGLE,merchandise,97,217.15,17,15,2.24,12,2009-12-10,2011-12-08,3574,3563
17011C,ORIGAMI LAVENDER INCENSE+FLOWER,merchandise,334,217.1,1,1,0.65,1,2009-12-16,2009-12-16,2805,3564
35645,VINTAGE BEAD PINK JEWEL BOX,merchandise,51,216.75,24,18,4.25,10,2009-12-09,2011-10-20,3848,3565
90185D,CRYSTAL DIAMANTE EXPANDABLE RING,merchandise,51,216.75,16,14,4.25,9,2010-04-25,2011-04-27,3849,3566
84725,FREESTYLE CANVAS ART PICTURE,merchandise,134,216.5,28,24,1.62,13,2009-12-03,2011-09-22,3400,3567
22868,"NUMBER TILE COTTAGE GARDEN, 0",merchandise,111,216.45,14,13,1.95,10,2010-10-18,2011-08-21,3494,3568
84807,RED POPPY ARTIFICIAL FLOWER,merchandise,233,215.93,7,7,0.93,4,2010-01-07,2010-05-14,3097,3569
20799,PINK MILKSHAKE GLASS,merchandise,167,215.5,13,11,1.29,5,2009-12-07,2010-06-21,3298,3570
84902,PINK KNITTED COW STUFFED TOY,merchandise,58,215.34,33,28,3.71,8,2009-12-03,2010-07-04,3806,3571
47343A,FUSCHIA FLOWER PURSE WITH BEADS,merchandise,206,215.2,23,21,1.04,12,2009-12-17,2011-08-07,3182,3572
20980,36 PENCILS TUBE POSY,merchandise,172,215.0,39,35,1.25,14,2009-12-02,2011-08-08,3282,3573
23141,TRIPLE WIRE HOOK PINK HEART,merchandise,68,215.0,18,18,3.16,7,2011-04-19,2011-12-09,3749,3574
84621,BLUE GINGHAM ROSE FLOOR CUSHION,merchandise,27,214.65,13,9,7.95,5,2009-12-14,2010-04-23,4072,3575
22875,"NUMBER TILE COTTAGE GARDEN, 7",merchandise,110,214.5,18,17,1.95,10,2010-10-18,2011-09-20,3498,3576
23580,SNACK TRAY HAPPY FOREST,merchandise,110,214.5,21,20,1.95,2,2011-11-27,2011-12-07,3499,3577
62086A,PINK RETRO BIG FLOWER BAG,merchandise,110,214.5,22,20,1.95,12,2010-03-01,2011-06-23,3500,3578
84457,SET/3 RABBITS FLOWER SKIPPPING ROPE,merchandise,252,214.2,40,37,0.85,10,2010-01-24,2011-11-09,3027,3579
90114,SUMMER DAISIES BAG CHARM,merchandise,84,214.2,19,19,2.55,9,2010-02-02,2011-12-05,3644,3580
84371,BIG PINK POODLE,merchandise,28,213.7,4,4,7.63,2,2009-12-02,2010-01-25,4060,3581
84705C,PINK FLOCK PHOTO FRAME,merchandise,160,213.6,6,5,1.33,5,2009-12-04,2011-05-03,3326,3582
21032,SPACE CADET WHITE,merchandise,169,212.98,32,28,1.26,14,2009-12-04,2011-11-30,3292,3583
22876,"NUMBER TILE COTTAGE GARDEN, 8",merchandise,109,212.55,13,12,1.95,9,2010-10-18,2011-08-21,3504,3584
51012C,"FEATHER DUSTER, COAL BLACK",merchandise,170,212.5,26,22,1.25,3,2009-12-01,2010-02-26,3289,3585
84247C,PACK/12 BLUE REINDEER CARD,merchandise,72,212.4,22,22,2.95,4,2009-12-01,2010-11-29,3716,3586
21639,ASSORTED TUTTI FRUTTI KEYRING,merchandise,249,211.65,13,12,0.85,2,2009-12-01,2010-03-03,3037,3587
85094,CANDY SPOT EGG WARMER RABBIT,merchandise,609,211.43,42,40,0.35,15,2010-02-16,2011-12-04,2342,3588
20818,GOLD TEDDY BEAR,merchandise,79,211.25,22,20,2.67,10,2009-12-02,2011-05-04,3678,3589
47593A,CAROUSEL PONIES BABY BIB,merchandise,190,210.62,42,36,1.11,16,2009-12-07,2011-03-29,3235,3590
22871,"NUMBER TILE COTTAGE GARDEN, 3",merchandise,108,210.6,12,11,1.95,9,2010-10-18,2011-10-26,3510,3591
21268,VINTAGE BLUE TINSEL REEL,merchandise,385,210.42,38,31,0.55,11,2009-12-06,2010-12-02,2693,3592
85131B,BEADED CRYSTAL HEART GREEN ON STICK,merchandise,330,210.18,24,12,0.64,12,2010-05-19,2011-12-05,2810,3593
21493,VINTAGE DESIGN GIFT TAGS,merchandise,247,209.95,22,22,0.85,2,2009-12-01,2010-09-30,3049,3594
20901,VINTAGE KEEPSAKE BOX PINK FLOWER,merchandise,33,209.55,16,14,6.35,10,2009-12-01,2011-11-14,4009,3595
84247K,"FOLK ART GREETING CARD,pack/12",merchandise,71,209.45,24,20,2.95,17,2009-12-02,2011-10-16,3722,3596
20827,GOLD APERITIF GLASS,merchandise,173,209.36,8,5,1.21,5,2009-12-01,2011-04-21,3278,3597
22889,"NUMBER TILE VINTAGE FONT, No",merchandise,167,208.98,10,8,1.25,7,2010-10-25,2011-11-15,3299,3598
22873,"NUMBER TILE COTTAGE GARDEN, 5",merchandise,107,208.65,18,17,1.95,9,2010-10-17,2011-10-26,3515,3599
35818P,"ACRYLIC JEWEL ICICLE, PINK",merchandise,549,208.62,20,18,0.38,8,2010-05-14,2011-12-05,2423,3600
47574B,ENGLISH ROSE SCENTED HANGING HEART,merchandise,49,208.25,27,25,4.25,11,2010-01-06,2011-05-18,3872,3601
90123A,PINK HEART OF GLASS BRACELET,merchandise,35,208.25,18,14,5.95,12,2009-12-13,2011-08-01,3983,3602
21367,MIRRORED WALL ART GENTS,merchandise,198,207.96,45,37,1.05,18,2010-01-12,2011-12-05,3205,3603
37485,ENGLISH ROSE TEA SET IN GIFT BOX,merchandise,49,207.69,15,10,4.24,3,2009-12-01,2010-02-22,3873,3604
85131C,BEADED CRYSTAL HEART BLUE ON STICK,merchandise,308,207.34,26,20,0.67,12,2010-01-28,2011-11-14,2880,3605
16256B,FLOWER PENCIL/RUBBER+5 MINI PENCILS,merchandise,493,207.06,20,17,0.42,7,2009-12-07,2010-06-10,2501,3606
84690,S/2 BEACH HUT STOOLS,merchandise,26,206.7,13,12,7.95,7,2009-12-02,2010-08-15,4080,3607
35817P,PINK ACRYLIC JEWEL SNOWFLAKE,merchandise,418,206.58,10,9,0.49,8,2010-05-14,2011-08-12,2633,3608
37492A,YELLOW RED FLOWER PIGGY BANK,merchandise,107,206.55,10,7,1.93,1,2009-12-01,2009-12-23,3516,3609
20814,SILVER FINCH DECORATION,merchandise,187,206.39,12,7,1.1,3,2009-12-01,2010-02-24,3246,3610
84744,S/6 SEW ON CROCHET FLOWERS,merchandise,165,206.25,29,26,1.25,16,2009-12-07,2011-11-15,3303,3612
21734,SMALL MARAKESH LANTERN ON STICK,merchandise,55,206.25,14,14,3.75,4,2009-12-02,2010-03-08,3818,3611
84882,GREEN WIRE STANDING CANDLE HOLDER,merchandise,55,206.25,27,22,3.75,16,2009-12-03,2011-11-30,3819,3613
22878,"NUMBER TILE COTTAGE GARDEN, No",merchandise,98,205.8,16,13,2.1,9,2010-10-18,2011-08-30,3567,3614
21095,SET/6 POSIES PAPER PLATES,merchandise,242,205.7,27,24,0.85,14,2009-12-17,2011-06-16,3069,3615
84805A,CREAM CLIMBING HYDRANGA ART FLOWER,merchandise,145,205.35,7,7,1.42,5,2010-03-02,2011-12-06,3361,3616
90210D,PURPLE ACRYLIC FACETED BANGLE,merchandise,131,204.65,12,10,1.56,10,2009-12-04,2011-11-10,3411,3617
90196B,BLACK GEMSTONE NECKLACE 45CM,merchandise,16,204.0,10,9,12.75,5,2009-12-06,2011-11-09,4239,3618
84927E,FLOWERS TILE HOOK,merchandise,489,203.34,24,22,0.42,13,2010-02-02,2011-07-18,2503,3619
35991,SET/6 BLACK SNOWFLAKE T-LIGHTS,merchandise,387,201.91,47,43,0.52,6,2009-12-01,2010-11-17,2689,3620
48103,DOORMAT KISS MY.......,merchandise,35,201.73,10,10,5.76,7,2009-12-18,2010-07-16,3984,3621
16202C,BEIGE PHOTO ALBUM,merchandise,94,201.3,10,10,2.14,4,2009-12-02,2010-04-08,3595,3622
84723,CHERRY BLOSSOM CANVAS ART PICTURE,merchandise,54,201.3,12,11,3.73,9,2010-02-05,2011-08-08,3826,3623
72754A,FLOWER FAIRY POTPOURRI CUSHION LILY,merchandise,292,201.24,5,4,0.69,3,2009-12-04,2010-02-24,2923,3624
35824B,"HANGING FLOWERS+MIRROR,BLUE",merchandise,527,200.26,5,4,0.38,3,2009-12-10,2010-05-14,2458,3625
16201A,PASTEL PINK PHOTO ALBUM,merchandise,100,199.8,8,7,2.0,5,2009-12-02,2010-09-09,3550,3626
84706F,RED PEONY TABLE CLOCK,merchandise,33,199.35,16,15,6.04,10,2010-02-08,2011-11-27,4010,3627
84711B,PINK OVAL SHAPE TRINKET BOX,merchandise,20,199.0,12,11,9.95,10,2010-02-18,2011-12-07,4168,3628
90124B,BLUE MURANO TWIST NECKLACE,merchandise,20,199.0,11,11,9.95,8,2009-12-13,2011-05-25,4169,3629
35833G,4 GOLD FLOCK CHRISTMAS BALLS,merchandise,126,198.0,29,23,1.57,6,2009-12-06,2010-11-25,3427,3630
21950,SET OF 6 DOTS CHOPSTICKS,merchandise,185,197.05,2,2,1.07,2,2010-02-25,2010-03-22,3251,3631
21369,MIRRORED WALL ART SPLODGES,merchandise,128,195.0,17,15,1.52,13,2009-12-23,2011-12-05,3418,3632
84927D,LA PALMIERA TILE HOOK,merchandise,949,194.61,24,22,0.21,11,2010-04-18,2011-07-25,1937,3633
17014D,ORIGAMI ROSE INCENSE CONES,merchandise,476,194.28,5,5,0.41,5,2010-01-17,2010-08-20,2520,3634
46776E,WOVEN CANDY CUSHION COVER,merchandise,93,193.95,11,9,2.09,10,2010-01-04,2011-11-28,3597,3635
21018,BIRD BOX CHRISTMAS TREE DECORATION,merchandise,228,193.8,37,30,0.85,7,2009-12-01,2010-12-14,3115,3636
47503H,ASS FLORAL PRINT SPIRIT LEVEL,merchandise,148,193.48,48,45,1.31,20,2009-12-08,2011-12-07,3355,3637
21372,MIRRORED WALL ART TABLE LAMP,merchandise,141,193.23,36,28,1.37,13,2009-12-14,2011-11-28,3378,3638
47504F,ENGLISH ROSE TORCH,merchandise,526,193.1,13,12,0.37,2,2009-12-01,2010-02-15,2460,3639
21582,KINGS CHOICE SMALL TUBE MATCHES,merchandise,117,193.05,16,15,1.65,2,2009-12-01,2010-02-21,3456,3640
90161A,ANT COPPER RED BOUDICCA BRACELET,merchandise,39,193.05,14,14,4.95,12,2009-12-06,2011-12-07,3943,3641
35921,EASTER BUNNY HANGING GARLAND,merchandise,154,192.5,26,23,1.25,8,2010-01-22,2011-04-19,3339,3642
84877D,BLUE ROUND COMPACT MIRROR,merchandise,106,192.5,15,14,1.82,8,2010-02-03,2011-09-25,3519,3643
90087,CRYSTAL SEA HORSE PHONE CHARM,merchandise,276,191.76,21,13,0.69,11,2009-12-01,2011-12-08,2967,3644
90129B,TURQUOISE GLASS TASSLE BAG CHARM,merchandise,65,191.75,18,17,2.95,14,2009-12-02,2011-12-07,3761,3645
90030B,RED KUKUI COCONUT SEED NECKLACE,merchandise,122,191.3,19,17,1.57,10,2010-03-28,2011-12-07,3440,3646
90185B,AMETHYST DIAMANTE EXPANDABLE RING,merchandise,45,191.25,13,12,4.25,8,2009-12-01,2011-09-23,3909,3647
71028B,SILVER BLUE EGG T-LIGHT HOLDER,merchandise,483,189.89,8,7,0.39,2,2009-12-01,2010-01-17,2511,3648
21400,RED PUDDING SPOON,merchandise,1027,189.54,63,54,0.18,21,2009-12-07,2011-12-04,1850,3649
79303D,LILAC FLOWER BLOCK TABLE LAMP,merchandise,64,188.8,7,5,2.95,5,2009-12-09,2010-08-09,3768,3650
90122C,TURQUOISE CRYSTAL+GLASS BRACELET,merchandise,38,188.1,15,12,4.95,11,2010-01-28,2011-10-09,3951,3651
20837,FRENCH FLORAL CUSHION COVER,merchandise,165,188.07,18,17,1.14,9,2009-12-04,2011-11-20,3304,3652
21370,MIRRORED WALL ART FOXY,merchandise,50,188.05,16,15,3.76,9,2009-12-06,2011-12-07,3860,3653
84509E,SET OF 4 CAROUSEL PLACEMATS,merchandise,133,187.31,12,11,1.41,11,2010-01-24,2011-12-07,3403,3654
21460,GREEN EASTER EGG HUNT START POST,merchandise,96,187.2,20,20,1.95,6,2010-01-29,2011-03-23,3581,3655
90016B,GOLD/M.O.P PENDANT ORBIT NECKLACE,merchandise,22,187.0,17,14,8.5,13,2009-12-16,2011-11-27,4142,3656
21543,BUTTERFLY WATER TRANSFER TATTOOS,merchandise,267,186.95,13,13,0.7,1,2009-12-01,2009-12-16,2989,3657
84893,ANT WHITE IRON BASKET,merchandise,33,186.35,15,12,5.65,4,2009-12-06,2010-03-01,4011,3658
84803A,PINK ALLIUM  ARTIFICIAL FLOWER,merchandise,109,184.21,16,16,1.69,9,2010-01-07,2010-11-18,3505,3659
90035A,"PEARL & SHELL 42""NECKL. GREEN",merchandise,17,182.75,9,7,10.75,6,2009-12-07,2011-04-13,4221,3660
16053,POPART COL BALLPOINT PEN ASST,merchandise,4298,182.58,8,8,0.04,7,2010-02-04,2010-11-16,618,3661
35819B,"ACRYLIC HANGING JEWEL,BLUE",merchandise,381,182.19,29,26,0.48,9,2010-05-13,2011-11-30,2699,3662
72799D,BLUE PILLAR CANDLE SILVER FLOCK,merchandise,65,182.15,13,12,2.8,9,2009-12-01,2010-09-29,3762,3663
85128,PLANTPOT SINGLE HOOK PISTACHIO,merchandise,165,182.09,2,2,1.1,2,2009-12-22,2010-01-12,3305,3664
37379B,BLUE CHERRY BLOSSOM CUP & SAUCER,merchandise,1122,181.5,3,3,0.16,1,2010-03-04,2010-03-23,1760,3665
84962,SET/3 COLOUR PAINTED KASHMIRI STOOL,merchandise,3,179.85,2,2,59.95,2,2010-02-22,2010-05-19,4511,3666
90210A,GREY ACRYLIC FACETED BANGLE,merchandise,78,179.7,12,12,2.3,8,2009-12-04,2011-01-13,3684,3667
23697,A PRETTY THANK YOU CARD,merchandise,438,179.64,26,26,0.41,2,2011-11-09,2011-12-08,2588,3668
84464,S/60 PINK FLUFFY CHICKS IN BOX,merchandise,82,179.1,11,10,2.18,2,2010-01-08,2010-02-19,3658,3669
16043,POP ART PUSH DOWN RUBBER,merchandise,2142,179.04,12,11,0.08,9,2009-12-16,2011-06-09,1134,3670
17084P,DRAGONS BLOOD INCENSE,merchandise,899,178.79,26,23,0.2,17,2009-12-07,2011-11-10,1999,3671
90029,NEW BAROQUE SMALL NECKLACE BLACK,merchandise,21,178.5,10,10,8.5,7,2009-12-06,2011-06-13,4154,3672
90122A,PINK CRYSTAL+GLASS BRACELET,merchandise,36,178.2,14,14,4.95,10,2010-01-28,2011-05-11,3969,3673
84985B,SET OF 72 BLACK PAPER DOILIES,merchandise,122,176.9,19,12,1.45,4,2009-12-01,2010-03-07,3441,3674
35838A,S/6 MULTICOLOUR ORNAMENETAL CANDLE,merchandise,171,176.75,18,18,1.03,3,2009-12-07,2010-09-29,3285,3675
84966A,PINK KASHMIRI BOXED MIRROR,merchandise,12,176.0,3,3,14.67,3,2010-01-19,2010-11-02,4309,3676
72812,LARGE ZINC/GLASS CANDLEHOLDER,merchandise,78,175.98,16,14,2.26,11,2009-12-11,2011-12-05,3685,3677
90014B,GOLD M.O.P. ORBIT NECKLACE,merchandise,19,175.05,15,13,9.21,12,2009-12-22,2011-10-26,4180,3678
90036C,"FLOWER GLASS GARLAND NECKL.36""BLUE",merchandise,22,174.9,8,7,7.95,6,2009-12-03,2011-10-27,4143,3679
35793,S/3 PUPPIES CHRISTMAS DECORATIONS,merchandise,101,174.05,8,7,1.72,1,2009-12-02,2009-12-11,3543,3680
75011,BLUE DAISY MOBILE,merchandise,181,172.51,15,11,0.95,11,2009-12-11,2011-11-28,3257,3681
90210C,RED   ACRYLIC FACETED BANGLE,merchandise,113,171.95,9,9,1.52,7,2009-12-04,2011-12-08,3486,3682
21368,MIRRORED WALL ART LADIES,merchandise,193,171.75,39,32,0.89,18,2010-01-12,2011-12-05,3220,3683
84706C,PINK FLOCK TABLE CLOCK,merchandise,84,170.8,4,4,2.03,2,2009-12-01,2010-01-27,3645,3684
84706B,FAIRY CAKES TABLE CLOCK,merchandise,19,170.05,8,8,8.95,3,2009-12-03,2010-02-11,4181,3685
47347B,BLUE FLOWER T-LIGHT HOLDER,merchandise,236,169.72,7,6,0.72,4,2009-12-07,2010-03-08,3086,3686
35818B,"ACRYLIC JEWEL ICICLE, BLUE",merchandise,403,168.38,8,8,0.42,7,2010-05-14,2011-11-01,2660,3687
85205A,IVORY FELT EASTER RABBIT GARLAND,merchandise,66,168.3,21,21,2.55,2,2010-02-02,2010-03-23,3759,3688
90122B,JADE CRYSTAL+GLASS BRACELET,merchandise,34,168.3,14,14,4.95,9,2009-12-06,2011-02-09,3995,3689
79403,FROSTED WHITE BASE,merchandise,197,167.45,23,19,0.85,17,2010-01-07,2011-12-02,3207,3690
90178B,PURPLE CHUNKY GLASS+BEAD NECKLACE,merchandise,14,167.3,9,9,11.95,7,2010-02-21,2010-12-17,4278,3691
90036A,FLOWER GARLAND NECKLACE RED,merchandise,21,166.95,14,10,7.95,9,2010-01-18,2011-08-05,4155,3692
22330,72 ROUND PINK DOILIES,merchandise,115,166.75,15,15,1.45,3,2009-12-01,2010-02-07,3467,3693
37506,NEW ENGLAND MILK JUG W GIFT BOX,merchandise,28,166.6,22,21,5.95,8,2009-12-02,2010-08-24,4061,3694
90119,METALIC LEAVES BAG CHARMS,merchandise,67,166.17,18,6,2.48,7,2010-06-23,2011-12-05,3756,3695
21102,"CANDLE IN JAR COLLAGE , VANILLA",merchandise,65,165.75,12,10,2.55,3,2009-12-02,2010-03-12,3763,3696
85024C,PINK SMALL JEWELLED PHOTOFRAME,merchandise,100,165.0,42,33,1.65,16,2009-12-04,2011-11-22,3551,3697
84526,GIANT BLACK SUNGLASSES,merchandise,84,163.8,31,23,1.95,12,2009-12-02,2010-11-18,3646,3698
84531B,BLUE KNITTED EGG COSY,merchandise,191,163.41,38,35,0.86,13,2010-01-14,2011-04-12,3229,3700
84531A,PINK KNITTED EGG COSY,merchandise,187,163.41,38,35,0.87,12,2010-01-24,2011-04-12,3247,3699
90159,COTE D'AZURE NECKLACE,merchandise,33,163.35,15,13,4.95,11,2009-12-06,2011-11-09,4012,3701
35809B,ENAMEL BLUE RIM TEA CONTAINER,merchandise,81,162.48,22,21,2.01,9,2009-12-02,2011-04-11,3666,3702
16207A,PINK STRAWBERRY HANDBAG,merchandise,55,162.25,19,17,2.95,14,2009-12-01,2011-11-06,3820,3703
90162B,ANT SILVER LIME GREEN BOUDICCA RING,merchandise,55,162.25,19,14,2.95,11,2010-03-01,2011-11-09,3821,3704
84529A,PINK KNITTED KIDS RUCKSACK,merchandise,24,162.0,10,9,6.75,4,2009-12-16,2010-03-28,4109,3705
47591A,CAROUSEL DES CHILD'S APRON,merchandise,98,161.7,36,32,1.65,9,2009-12-01,2010-08-24,3568,3706
90151,SILVER/NATURAL SHELL NECKLACE,merchandise,19,161.5,7,5,8.5,5,2010-04-01,2011-11-27,4182,3707
90040B,MURANO STYLE GLASS BRACELET BLACK,merchandise,46,161.0,17,17,3.5,11,2009-12-10,2011-03-04,3897,3708
23305,SET 4 PICNIC CUTLERY BLUEBERRY,merchandise,82,159.9,9,9,1.95,3,2011-10-23,2011-12-06,3659,3709
85185C,COW  SOCK PUPPET,merchandise,54,159.3,26,24,2.95,9,2009-12-02,2010-08-01,3827,3710
85165,CANDY PINK FRENCH BOUDOIR CLOCK,merchandise,16,159.2,11,9,9.95,7,2009-12-02,2010-06-06,4240,3711
90125A,PINK BERTIE GLASS BEAD BAG CHARM,merchandise,140,159.0,12,9,1.14,7,2009-12-01,2011-05-26,3381,3712
22864,MUG AND COASTER SET RED CIRCLES,merchandise,378,158.76,2,1,0.42,1,2010-06-02,2010-06-29,2703,3713
90019A,SILVER M.O.P ORBIT BRACELET,merchandise,32,158.4,17,16,4.95,11,2010-06-25,2011-11-17,4024,3714
21193,WHITE HONEYCOMB PAPER FAN,merchandise,84,158.36,14,14,1.89,5,2009-12-02,2010-04-07,3647,3715
90155,RESIN NECKLACE W PASTEL BEADS,merchandise,21,157.5,12,12,7.5,9,2009-12-02,2011-11-23,4156,3716
10123G,ARMY CAMO WRAPPING TAPE,merchandise,2246,157.18,12,12,0.07,5,2010-07-15,2010-11-29,1076,3717
16054,POPART RECT PENCIL SHARPENER ASST,merchandise,1205,156.9,37,32,0.13,11,2010-03-02,2011-12-04,1692,3718
23143,ZINC WIRE KITCHEN ORGANISER,merchandise,25,156.8,12,12,6.27,5,2011-05-04,2011-12-09,4092,3719
23468,TUSCAN VILLA BIRD TABLE,merchandise,19,156.75,11,11,8.25,2,2011-10-06,2011-11-23,4183,3720
17178,FLAT PALM T-LIGHT HOLDER,merchandise,133,156.65,24,20,1.18,10,2009-12-08,2010-09-16,3404,3721
84926C,FAIRY CAKES TILE COASTER,merchandise,125,156.25,19,17,1.25,6,2009-12-02,2010-08-05,3430,3722
21031,SPACE CADET BLACK,merchandise,127,156.16,25,23,1.23,13,2009-12-01,2011-11-16,3423,3723
23416,CHAMBRE HOOK,merchandise,123,155.07,18,18,1.26,4,2011-09-12,2011-12-08,3435,3724
82585,SWEET VALENCIA CANDLE+CUP,merchandise,131,154.63,21,18,1.18,4,2009-12-07,2010-03-02,3412,3725
21226,POCKET MIRROR WOODLAND,merchandise,123,153.75,20,17,1.25,14,2009-12-11,2011-11-25,3436,3726
90013A,MIDNIGHT BLUE VINTAGE EARRINGS,merchandise,41,153.75,10,8,3.75,7,2009-12-10,2011-11-11,3933,3727
84855,BLOKEY SILVER TOOL SET,merchandise,31,153.45,11,10,4.95,5,2009-12-01,2010-07-11,4029,3728
72140E,BEST DAD CANDLE LETTERS,merchandise,216,153.36,27,26,0.71,12,2010-03-21,2011-10-16,3149,3729
84029D,LEOPARD PRINT HOT WATER BOTTLE,merchandise,46,153.3,12,12,3.33,3,2009-12-07,2010-02-08,3898,3730
90185A,AMBER DIAMANTE EXPANDABLE RING,merchandise,36,153.0,9,8,4.25,7,2010-06-21,2011-09-23,3970,3732
90063A,WHITE VINT ART DECO CRYSTAL NECKLAC,merchandise,18,153.0,10,10,8.5,9,2010-06-17,2011-11-03,4198,3731
48175,DOOR MAT CAMOUFLAGE,merchandise,38,152.0,1,1,4.0,1,2009-12-15,2009-12-15,3952,3733
16202E,BLACK PHOTO ALBUM,merchandise,81,150.6,13,12,1.86,9,2009-12-02,2011-04-17,3667,3734
90098,NECKLACE+BRACELET PINK BUTTERFLY,merchandise,59,150.45,23,22,2.55,13,2010-01-05,2011-11-25,3796,3736
79161A,ST GEORGE SET OF 10 PARTY LIGHTS,merchandise,51,150.45,16,16,2.95,8,2010-03-10,2011-11-22,3850,3735
90093,CLEAR CRYSTAL STAR PHONE CHARM,merchandise,200,150.44,18,15,0.75,12,2009-12-01,2011-12-06,3200,3737
37471,MULTICOLOUR POLKADOT PLATE,merchandise,1384,150.4,4,4,0.11,4,2010-03-19,2011-05-18,1546,3738
21461,BLUE EASTER EGG HUNT START POST,merchandise,77,150.15,19,17,1.95,6,2010-01-29,2011-03-23,3694,3739
17011A,ORIGAMI VANILLA INCENSE+FLOWER,merchandise,254,150.0,6,6,0.59,4,2010-01-17,2010-08-20,3021,3740
82093,HEART SHAPE BUTTON FRAME,merchandise,100,150.0,7,7,1.5,2,2009-12-04,2010-01-22,3552,3741
21310,CAPIZ CHANDELIER,merchandise,5,149.75,3,3,29.95,3,2010-03-18,2011-05-24,4464,3742
84452,METAL RABBIT LADDER EASTER,merchandise,176,149.6,26,23,0.85,8,2009-12-04,2011-10-20,3272,3743
17108D,FLOWER FAIRY SUMMER BOUQUET SACHET,merchandise,355,149.1,23,17,0.42,4,2009-12-01,2010-03-28,2757,3744
90000A,RASPBERRY ANT COPPER FLOWER NECKLAC,merchandise,25,148.75,14,14,5.95,11,2009-12-01,2011-11-08,4093,3745
90000D,COPPER/OLIVE GREEN FLOWER NECKLACE,merchandise,25,148.75,13,13,5.95,10,2009-12-06,2011-10-11,4094,3746
90016A,SILVER/M.O.P PENDANT ORBIT NECKLACE,merchandise,22,148.75,9,8,6.76,8,2010-06-24,2011-10-26,4144,3747
90129C,GREEN GLASS TASSLE BAG CHARM,merchandise,50,147.5,17,16,2.95,12,2009-12-02,2011-12-07,3861,3748
84720,DOT MATRIX CANVAS ART PICTURE,merchandise,35,147.05,3,3,4.2,1,2010-03-03,2010-03-25,3985,3749
85095,THREE CANVAS LUGGAGE TAGS,merchandise,91,145.81,11,9,1.6,9,2010-08-19,2011-12-05,3607,3750
85026B,EAU DE NILE JEWELLED T-LIGHT HOLDER,merchandise,171,145.35,20,20,0.85,14,2009-12-10,2011-12-08,3286,3751
20796,SMALL BLUE PROVENCAL CERAMIC BALL,merchandise,88,145.2,13,11,1.65,11,2009-12-09,2011-11-10,3618,3752
20672,PINK TEATIME PRINT BOWL,merchandise,116,145.0,22,21,1.25,3,2009-12-07,2010-02-15,3462,3753
90186A,AMETHYST HOOP EARRING FLORAL LEAF,merchandise,49,144.55,15,14,2.95,8,2009-12-15,2011-08-05,3874,3754
84313A,PINK TV TRAY TABLE,merchandise,34,144.5,16,10,4.25,9,2009-12-15,2010-10-10,3996,3755
47518F,ICON PLACEMAT POP ART ELVIS,merchandise,900,144.3,31,22,0.16,13,2010-09-15,2011-11-29,1997,3756
35610B,BLACK CHRISTMAS FLOCK DROPLET,merchandise,179,144.07,13,13,0.8,6,2009-12-02,2010-12-13,3265,3757
90048,GREEN WITH METAL BAG CHARM,merchandise,29,143.55,6,4,4.95,5,2009-12-15,2011-07-07,4049,3758
22882,"NUMBER TILE VINTAGE FONT, 3",merchandise,99,143.25,26,18,1.45,13,2010-10-19,2011-12-05,3558,3759
21353,SILVER SLEIGHBELL  WREATH,merchandise,18,143.1,8,8,7.95,1,2009-12-01,2009-12-07,4199,3760
84564,6 SEGMENT COLOURED SNACK BOWL,merchandise,18,143.1,9,9,7.95,5,2009-12-08,2010-06-09,4200,3761
90036E,"FLOWER GLASS GARLD NECKL36""AMETHYST",merchandise,18,143.1,11,10,7.95,10,2009-12-21,2011-10-20,4201,3762
82587,TEXRIO TOMATOES CANDLE+CUP,merchandise,118,142.94,32,26,1.21,6,2009-12-06,2010-05-13,3453,3763
90123B,TURQUOISE HEART OF GLASS BRACELET,merchandise,24,142.8,11,8,5.95,9,2010-03-07,2011-08-01,4110,3764
90123C,GREEN HEART OF GLASS BRACELET,merchandise,24,142.8,9,7,5.95,8,2010-04-26,2011-08-01,4111,3765
35980C,REDWHITE STRIPE SCANDINAVIAN HEART,merchandise,375,142.5,28,28,0.38,9,2009-12-14,2010-10-13,2708,3766
84877A,PINK ROUND COMPACT MIRROR,merchandise,46,142.5,14,14,3.1,7,2009-12-17,2011-04-06,3899,3767
82553,POP'S GREASY SPOON METAL SIGN,merchandise,86,141.9,20,14,1.65,3,2009-12-02,2010-02-18,3629,3768
23694,PAISLEY PARK CARD,merchandise,348,141.84,24,23,0.41,2,2011-11-14,2011-12-08,2770,3769
37422,WHITE WITH BLACK CATS BOWL,merchandise,344,141.68,27,14,0.41,6,2009-12-03,2010-05-24,2780,3770
90018A,SILVER M.O.P ORBIT DROP EARRINGS,merchandise,33,140.25,16,15,4.25,10,2010-05-28,2011-11-07,4013,3772
84617,NEW BAROQUE BLACK BOXES,merchandise,11,140.25,7,7,12.75,6,2009-12-07,2011-11-14,4333,3771
21003,ROSE DU SUD CUSHION COVER,merchandise,22,139.7,11,10,6.35,10,2010-03-02,2011-09-07,4145,3773
90124C,GREEN MURANO TWIST NECKLACE,merchandise,14,139.3,8,7,9.95,8,2010-06-27,2011-10-23,4279,3774
90180B,PURPLE AMETHYST NECKLACE W TASSEL,merchandise,14,139.3,10,10,9.95,8,2009-12-13,2011-12-04,4280,3775
10120,DOGGY RUBBER,merchandise,663,139.23,62,52,0.21,20,2009-12-01,2011-12-04,2274,3776
90086,CRYSTAL FROG PHONE CHARM,merchandise,190,139.18,19,12,0.73,12,2010-03-03,2011-12-08,3236,3777
20968,GREEN FLORAL FELTCRAFT SHOULDER BAG,merchandise,37,138.75,14,14,3.75,1,2009-12-01,2009-12-20,3957,3778
23304,SET 4 PICNIC CUTLERY CHERRY,merchandise,71,138.45,9,9,1.95,3,2011-10-30,2011-12-06,3723,3779
81952V,ROUND PURPLE CLOCK WITH SUCKER,merchandise,451,138.25,34,27,0.31,14,2009-12-16,2011-11-27,2558,3780
23417,BATHROOM HOOK,merchandise,140,137.76,21,21,0.98,4,2011-09-07,2011-12-08,3382,3781
72754B,F FAIRY POTPOURRI CUSHIONS LAVENDER,merchandise,170,137.54,8,8,0.81,2,2009-12-01,2010-01-08,3290,3782
90123D,WHITE HEART OF GLASS BRACELET,merchandise,23,136.85,8,7,5.95,7,2010-05-27,2011-04-10,4130,3783
35824P,"HANGING FLOWERS+MIRROR,PINK",merchandise,324,136.44,3,2,0.42,2,2010-03-22,2010-04-23,2829,3784
90214A,"LETTER ""A"" BLING KEY RING",merchandise,127,135.71,45,27,1.07,18,2009-12-02,2011-12-08,3424,3785
90036B,"FLOWER GLASS GARLAND NECKL.36""GREEN",merchandise,17,135.15,9,8,7.95,7,2010-01-18,2011-08-01,4222,3786
90002A,FLOWER BURST SILVER RING OPAL,merchandise,36,135.0,14,14,3.75,8,2009-12-07,2010-11-04,3971,3787
20952,PORCELAIN CHERUB BELL SMALL,merchandise,321,134.82,20,19,0.42,9,2009-12-10,2010-11-23,2843,3788
90081C,LILY BROOCH OLIVE COLOUR,merchandise,27,133.65,13,13,4.95,10,2010-06-03,2011-12-07,4073,3789
84231,EASTER BUNNY WITH BASKET ON BACK,merchandise,204,132.6,34,28,0.65,8,2010-01-24,2011-11-04,3186,3790
79192A,RETRO PLASTIC 70'S TRAY,merchandise,106,132.5,30,26,1.25,12,2009-12-02,2011-02-02,3520,3791
71496A,A4 WALL TIDY BLUE OFFICE,merchandise,240,132.24,8,8,0.55,8,2010-03-01,2011-11-02,3074,3792
45013,FOLDING SHOE TIDY,merchandise,48,132.0,8,8,2.75,6,2010-05-12,2011-10-23,3880,3793
22885,"NUMBER TILE VINTAGE FONT, 6",merchandise,93,131.55,17,13,1.41,10,2010-10-21,2011-11-24,3598,3794
37467,PIG MUG IN TWO COLOUR DESIGNS,merchandise,212,131.44,28,28,0.62,13,2009-12-07,2011-10-10,3159,3795
77079,DOLPHIN WINDMILL,merchandise,62,131.44,11,10,2.12,5,2010-03-03,2011-06-12,3778,3796
84527,FLAMES SUNGLASSES PINK LENSES,merchandise,71,131.25,19,19,1.85,11,2010-03-30,2011-11-25,3724,3799
82011A,"BATHROOM SCALES, TROPICAL BEACH",merchandise,35,131.25,23,19,3.75,14,2010-02-11,2011-11-13,3986,3798
90003D,CRYSTAL PAIR HEART HAIR SLIDES,merchandise,35,131.25,15,15,3.75,9,2009-12-01,2011-11-07,3987,3800
90013C,GREEN VINTAGE EARRINGS,merchandise,35,131.25,10,10,3.75,8,2009-12-01,2011-11-29,3988,3801
48179,DOOR MAT SWEET HOME,merchandise,28,131.25,6,6,4.69,1,2009-12-01,2009-12-15,4062,3797
84555A,YELLOW VW BEETLE CERAMIC MONEY BOX,merchandise,46,130.9,15,13,2.85,5,2010-02-02,2010-06-13,3900,3802
84874B,BLUE TRAVEL FIRST AID KIT,merchandise,79,130.35,28,26,1.65,15,2009-12-02,2011-08-02,3679,3803
84925E,FLOWERS WALL THERMOMETER,merchandise,75,130.05,3,3,1.73,2,2009-12-02,2010-01-12,3703,3804
20899,VINTAGE NOTEBOOK RED ROSE,merchandise,44,129.8,12,12,2.95,5,2009-12-09,2010-05-16,3915,3805
17011D,ORIGAMI ROSE INCENSE+FLOWER,merchandise,207,129.3,2,2,0.62,2,2009-12-16,2010-08-20,3178,3806
84228,HEN HOUSE WITH CHICK STANDING,merchandise,322,129.24,23,19,0.4,8,2010-02-02,2011-11-29,2838,3807
20821,GOLDIE LOOKING MIRROR,merchandise,26,128.7,10,10,4.95,9,2010-05-13,2011-11-23,4081,3808
16119,FUNKY GIRL ADDRESS BOOK,merchandise,271,128.21,7,7,0.47,1,2009-12-10,2009-12-22,2978,3809
90175B,PINK GLASS CHUNKY CHARM BRACELET,merchandise,15,127.8,7,6,8.52,5,2009-12-21,2010-07-28,4258,3810
90013D,PURPLE VINTAGE EARRINGS,merchandise,34,127.5,8,7,3.75,5,2010-01-13,2010-09-24,3997,3812
90063B,BLACK VINT ART DEC CRYSTAL NECKLACE,merchandise,15,127.5,9,8,8.5,8,2010-08-18,2011-11-03,4259,3813
84782B,BLACK 3 TIER GLASS PLATE STAND,merchandise,10,127.5,6,6,12.75,5,2009-12-15,2010-06-06,4351,3811
85018C,S/6 PAPER BOXES CURIOUS IMAGES,merchandise,36,127.2,4,4,3.53,3,2009-12-09,2010-11-24,3972,3814
85179C,PINK BITTY LIGHT CHAIN,merchandise,77,126.85,10,10,1.65,6,2009-12-03,2011-12-08,3695,3816
46137D,GREEN CHENILLE SHAGGY RUG,merchandise,43,126.85,3,2,2.95,2,2010-02-14,2010-03-19,3926,3815
23303,SET 4 PICNIC CUTLERY FONDANT,merchandise,65,126.75,6,6,1.95,3,2011-10-26,2011-12-05,3764,3817
82607E,GLASS BONBON JAR. D'AMANDES,merchandise,101,126.25,25,18,1.25,7,2009-12-03,2010-10-31,3544,3818
84255B,ORANGE COCKTAIL GLASS LAMP,merchandise,60,126.0,14,11,2.1,4,2009-12-03,2010-03-09,3790,3819
84622,PINK GINGHAM ROSE CUSHION COVER,merchandise,21,124.95,7,7,5.95,3,2009-12-01,2010-02-01,4157,3820
84709A,SILVER OVAL JEWELLED MIRROR,merchandise,21,124.95,11,11,5.95,5,2010-06-10,2010-10-26,4158,3821
35816P,"ACRYLIC JEWEL ANGEL,PINK",merchandise,292,124.88,7,7,0.43,4,2010-02-18,2011-08-16,2924,3822
10080,GROOVY CACTUS INFLATABLE,merchandise,303,124.61,26,23,0.41,11,2009-12-02,2011-11-21,2892,3823
84661C,PINK SQUARE TABLE CLOCK,merchandise,137,124.55,12,12,0.91,7,2010-01-21,2011-12-06,3389,3824
90125D,PURPLE BERTIE GLASS BEAD BAG CHARM,merchandise,102,124.2,11,9,1.22,5,2009-12-01,2011-05-26,3540,3825
84927A,WAKE UP COCKEREL TILE HOOK,merchandise,218,124.17,25,22,0.57,15,2010-02-05,2011-08-09,3144,3826
90162C,ANT SILVER FUSCHIA BOUDICCA RING,merchandise,42,123.9,16,10,2.95,12,2010-03-01,2011-10-30,3930,3827
35015,JACOBS LADDER SMALL,merchandise,2064,123.84,38,35,0.06,9,2009-12-02,2010-11-07,1177,3828
22881,"NUMBER TILE VINTAGE FONT, 2",merchandise,89,123.75,15,9,1.39,10,2010-10-25,2011-11-15,3615,3830
17191A,ROSE FLOWER CANDLE+INCENSE 16X16CM,merchandise,33,123.75,12,9,3.75,9,2009-12-09,2011-12-04,4014,3829
90173,PAIR BUTTERFLY HAIR CLIPS,merchandise,33,123.75,7,7,3.75,6,2010-04-29,2011-05-19,4015,3831
20816,GOLD FLOWER CUSHION COVER,merchandise,24,123.6,7,5,5.15,6,2010-02-04,2011-04-28,4112,3832
22850,BREAD BIN DINER STYLE BLACK,merchandise,8,123.6,1,1,15.45,1,2010-10-17,2010-10-17,4389,3833
84559D,3D SHEET OF SEA WORLD STICKERS,merchandise,145,123.25,29,23,0.85,10,2009-12-01,2010-11-15,3362,3834
21087,SET/6 POSIES PAPER CUPS,merchandise,220,123.22,20,19,0.56,10,2010-02-16,2011-04-19,3134,3835
84367,LA STREGA CANVAS PICTURE,merchandise,73,122.55,7,6,1.68,5,2009-12-09,2010-08-04,3713,3836
79308B,MOSAIC CANDLE DISH BLUE PURPLE,merchandise,144,122.4,2,1,0.85,1,2010-06-02,2010-06-29,3368,3837
16168S,FUNKY MONKEY GIFT BAG SMALL,merchandise,1274,121.86,7,4,0.1,3,2009-12-10,2010-02-05,1636,3838
79532,MOSAIC GLASS BALL CANDLEHOLDER,merchandise,97,121.25,18,15,1.25,5,2010-06-07,2010-10-05,3575,3839
85166A,WHITE METAL BAROQUE PHOTO FRAME,merchandise,72,120.0,8,8,1.67,2,2009-12-02,2010-01-18,3717,3840
35911B,PINK/FLOWER RABBIT EGG WARMER,merchandise,57,119.7,13,12,2.1,8,2009-12-11,2011-02-16,3809,3841
23463,VINTAGE ZINC WATERING CAN,merchandise,12,119.4,7,7,9.95,3,2011-10-16,2011-12-09,4310,3842
84656,WHITE ROSE C/COVER,merchandise,20,119.0,12,12,5.95,5,2009-12-01,2010-05-20,4170,3843
90214C,"LETTER ""C"" BLING KEY RING",merchandise,115,118.79,35,21,1.03,14,2009-12-03,2011-12-08,3468,3844
21228,"POCKET MIRROR ""GLAMOROUS""",merchandise,95,118.75,29,25,1.25,13,2009-12-09,2011-03-09,3586,3845
84872A,TEATIME FUNKY FLOWER BACKPACK FOR 2,merchandise,7,118.65,6,6,16.95,5,2010-03-05,2011-07-26,4409,3846
35933,PINK STOCKING CHRISTMAS DECORATION,merchandise,312,118.56,23,20,0.38,10,2009-12-01,2011-11-06,2867,3847
90214S,"LETTER ""S"" BLING KEY RING",merchandise,114,118.5,35,26,1.04,11,2009-12-02,2011-12-08,3477,3848
22883,"NUMBER TILE VINTAGE FONT, 4",merchandise,86,117.9,12,9,1.37,10,2010-10-25,2011-10-09,3630,3849
22884,"NUMBER TILE VINTAGE FONT, 5",merchandise,86,117.9,19,14,1.37,12,2010-10-21,2011-11-30,3631,3850
44242B,PINK FEATHERS CURTAIN,merchandise,106,117.78,8,8,1.11,6,2009-12-06,2011-09-26,3521,3851
35824C,"HANGING FLOWERS+MIRROR,CLEAR",merchandise,235,117.05,8,8,0.5,3,2009-12-03,2010-04-08,3091,3852
84858A,NATURAL RIVIERA HANDBAG,merchandise,52,116.7,7,7,2.24,4,2010-03-03,2010-09-15,3839,3853
72038P,PRICE'S CANDLE PEACH,merchandise,1050,116.5,9,9,0.11,7,2009-12-02,2010-08-27,1822,3854
16206B,RED PURSE WITH PINK HEART,merchandise,96,116.4,16,14,1.21,8,2010-01-31,2011-01-26,3582,3855
90144,SILVER DROP EARRINGS WITH FLOWER,merchandise,31,116.25,11,11,3.75,8,2010-01-07,2011-06-02,4030,3856
84751B,BLACK MEDIUM GLASS CAKE STAND,merchandise,38,115.86,19,18,3.05,11,2010-02-23,2011-04-08,3953,3857
90030C,BROWN KUKUI COCONUT SEED NECKLACE,merchandise,81,115.65,10,10,1.43,6,2010-03-28,2011-11-25,3668,3858
20848,ZINC HEART LATTICE CHARGER SMALL,merchandise,39,115.05,12,10,2.95,11,2009-12-10,2011-11-06,3944,3859
23185,FRENCH STYLE STORAGE JAR JAM,merchandise,317,114.85,30,27,0.36,8,2011-03-04,2011-12-06,2854,3860
90065A,WHITE VINTAGE CRYSTAL BRACELET,merchandise,17,114.75,7,7,6.75,7,2009-12-13,2011-06-26,4223,3861
17090D,VANILLA INCENSE 40 CONES IN TIN,merchandise,95,113.95,28,21,1.2,16,2009-12-13,2011-07-11,3587,3862
46776D,WOVEN SUNSET CUSHION COVER,merchandise,23,113.85,9,7,4.95,7,2009-12-04,2011-09-18,4131,3863
90214K,"LETTER ""K"" BLING KEY RING",merchandise,110,113.5,45,23,1.03,17,2009-12-07,2011-12-08,3501,3864
85190,PINK FLOWER HANGING HEART,merchandise,133,113.05,14,14,0.85,4,2009-12-16,2010-03-17,3405,3865
82607C,GLASS BONBON JAR. SUPERFINES,merchandise,90,112.5,21,16,1.25,4,2009-12-03,2010-03-03,3611,3866
84462,3 PINK HEN+CHICKS IN BASKET,merchandise,99,112.35,13,13,1.13,6,2010-02-02,2011-04-14,3559,3867
44236,PINK/PURPLE CIRCLE CURTAIN,merchandise,64,112.32,12,9,1.76,8,2010-01-24,2011-08-21,3769,3868
20896,VINTAGE NOTEBOOK PINK FLOWER,merchandise,38,112.1,13,13,2.95,6,2009-12-09,2010-08-18,3954,3869
71510,SQUARE METAL CANDLEHOLDER BASE,merchandise,177,112.05,17,11,0.63,12,2009-12-17,2011-11-24,3270,3870
17014A,ORIGAMI VANILLA INCENSE CONES,merchandise,247,111.81,9,9,0.45,8,2010-01-17,2011-06-27,3050,3871
71495B,CD WALL TIDY RED FLOWERS,merchandise,300,111.6,12,8,0.37,11,2010-01-28,2011-11-24,2899,3872
21412,VINTAGE GOLD TINSEL REEL,merchandise,233,111.3,42,33,0.48,6,2009-12-01,2010-11-21,3098,3873
84288B,SET/2 BLUE  NOODLE BASKETS,merchandise,57,111.15,21,19,1.95,7,2009-12-01,2010-06-07,3810,3874
84493,BLUE/PINK NEST STRIPE BOX,merchandise,1142,111.12,5,5,0.1,4,2010-06-13,2010-09-27,1743,3875
90170,DAISY HAIR BAND,merchandise,67,110.55,10,10,1.65,9,2010-02-10,2011-11-07,3757,3876
20693,FLORAL DINOSAUR GREEN,merchandise,26,110.5,12,10,4.25,4,2009-12-02,2010-03-14,4082,3877
90024D,NEW BAROQUE B'FLY NECKLACE PINK,merchandise,13,110.5,11,11,8.5,9,2009-12-13,2011-04-10,4298,3878
72133,COLUMBIAN CANDLE RECTANGLE,merchandise,105,110.37,27,24,1.05,17,2009-12-13,2011-12-02,3525,3879
22886,"NUMBER TILE VINTAGE FONT, 7",merchandise,82,110.1,14,8,1.34,10,2010-10-25,2011-12-01,3660,3880
23496,PANTRY KITCHEN THERMOMETER,merchandise,88,110.0,22,21,1.25,3,2011-10-30,2011-12-08,3619,3881
78026,SEAGRASS S/3 SQU LAUNDRY BOX,merchandise,11,110.0,1,1,10.0,1,2010-09-03,2010-09-03,4334,3882
84886,BLUE METAL WALL SHELF,merchandise,11,109.45,8,8,9.95,3,2010-05-26,2010-07-01,4335,3883
23578,SNACK TRAY RED GINGHAM,merchandise,56,109.2,11,11,1.95,2,2011-11-27,2011-12-08,3814,3884
72134,COLUMBIAN  CUBE CANDLE,merchandise,320,109.16,20,15,0.34,13,2009-12-13,2011-10-30,2845,3885
90129D,AMBER GLASS TASSLE BAG CHARM,merchandise,37,109.15,12,12,2.95,9,2009-12-16,2011-10-19,3958,3886
90129E,PURPLE GLASS TASSLE BAG CHARM,merchandise,37,109.15,10,10,2.95,9,2009-12-16,2011-10-05,3959,3887
90073,VINTAGE ENAMEL & CRYSTAL EARRINGS,merchandise,22,108.9,7,7,4.95,6,2009-12-02,2011-12-07,4146,3888
90158,ST TROPEZ NECKLACE,merchandise,22,108.9,11,11,4.95,7,2010-06-06,2011-11-17,4147,3889
22880,"NUMBER TILE VINTAGE FONT, 1",merchandise,81,108.15,14,10,1.34,10,2010-10-25,2011-11-15,3669,3890
90199A,5 STRAND GLASS NECKLACE BLACK,merchandise,17,107.95,9,9,6.35,7,2010-02-18,2011-11-03,4224,3891
90199B,5 STRAND GLASS NECKLACE AMETHYST,merchandise,17,107.95,12,12,6.35,7,2010-01-28,2011-11-03,4225,3892
90214L,"LETTER ""L"" BLING KEY RING",merchandise,114,107.94,29,20,0.95,12,2009-12-06,2011-12-08,3478,3893
84899F,YELLOW PURPLE DAISY FELT PURSE KIT,merchandise,86,107.5,23,20,1.25,11,2009-12-01,2010-10-19,3632,3894
90211B,JET BLACK LAS VEGAS NECKLACE 45CM,merchandise,18,107.1,8,8,5.95,6,2009-12-13,2011-11-03,4202,3895
79144B,PAINTED LIGHTBULB STAR+ MOON,merchandise,263,106.86,40,36,0.41,17,2009-12-04,2011-11-28,2996,3896
23477,WOODLAND LARGE BLUE FELT HEART,merchandise,85,106.25,8,8,1.25,2,2011-10-20,2011-11-30,3637,3897
90194,SILVER LARIAT BLACK STONE EARRINGS,merchandise,25,106.25,14,14,4.25,13,2009-12-10,2011-10-19,4095,3898
90129F,RED GLASS TASSLE BAG CHARM,merchandise,36,106.2,14,14,2.95,12,2009-12-16,2011-12-07,3973,3899
90186B,CRYSTAL HOOP EARRING FLORAL LEAF,merchandise,36,106.2,13,13,2.95,9,2009-12-17,2011-11-29,3974,3900
90108,BLUE BLOSSOM HAIR CLIP,merchandise,101,106.05,13,12,1.05,10,2010-01-15,2011-09-23,3545,3901
16169D,WRAP WINTER FOREST,merchandise,250,105.0,9,9,0.42,1,2009-12-01,2009-12-13,3032,3902
22987,WRAP SUMMER ROSE DESIGN,merchandise,250,105.0,10,10,0.42,7,2010-09-07,2011-09-02,3033,3903
84921,CREAM AND PINK FLOWERS PONY,merchandise,28,105.0,14,13,3.75,11,2009-12-13,2011-10-19,4063,3905
23574,PACKING CHARGE,merchandise,14,105.0,14,9,7.5,6,2011-07-06,2011-12-07,4281,3904
84199,GLOW IN DARK DOLPHINS,merchandise,511,104.79,62,58,0.21,20,2009-12-01,2011-12-06,2480,3906
84458,S/3 RABBIT FLOWER/EGG/CARROT ROPE,merchandise,123,104.55,19,17,0.85,3,2010-01-18,2010-03-21,3437,3907
23151,ZINC SWEETHEART SOAP DISH,merchandise,59,104.41,19,18,1.77,7,2011-05-05,2011-12-09,3797,3908
21118,SHOPPING BAG DOORSTOP,merchandise,69,104.25,7,7,1.51,2,2009-12-02,2010-01-11,3742,3910
20698,LITTLE PINK MONSTER SOFT TOY,merchandise,43,104.25,18,17,2.42,10,2010-01-17,2011-11-23,3927,3909
90049,IVORY GOLD METAL BAG CHARM,merchandise,19,104.07,5,3,5.48,4,2010-05-23,2011-11-23,4184,3911
90206C,CRYSTAL DIAMANTE STAR BROOCH,merchandise,21,103.95,11,9,4.95,6,2010-02-18,2011-11-29,4159,3912
84705B,FAIRY CAKES PHOTO FRAME,merchandise,83,103.75,2,2,1.25,1,2009-12-08,2009-12-23,3652,3913
10138,ASSORTED COLOUR JUMBO PEN,merchandise,247,103.74,16,14,0.42,5,2009-12-02,2010-04-20,3051,3914
35607A,PINK FLUFFY CHRISTMAS DECORATION,merchandise,545,103.55,28,27,0.19,9,2009-12-11,2010-12-16,2429,3915
90036F,"FLOWER GLASS GARLD NECKL36""TURQUOIS",merchandise,13,103.35,4,4,7.95,3,2010-06-07,2011-03-23,4299,3916
84679,CLASSICAL ROSE TABLE LAMP,merchandise,14,103.3,4,4,7.38,3,2010-03-02,2011-12-06,4282,3917
84247H,PACK/12 DECOUPAGE CARD,merchandise,35,103.25,14,12,2.95,7,2009-12-22,2010-06-17,3989,3918
85185F,LION SOCK PUPPET,merchandise,35,103.25,17,16,2.95,4,2009-12-02,2010-03-08,3990,3919
90129A,PINK GLASS TASSLE BAG CHARM,merchandise,35,103.25,15,14,2.95,10,2009-12-14,2011-06-26,3991,3920
35096B,RED VICTORIAN FABRIC HEART BOX,merchandise,288,102.63,21,20,0.36,4,2009-12-03,2010-03-05,2935,3921
22887,"NUMBER TILE VINTAGE FONT, 8",merchandise,78,102.3,14,10,1.31,10,2010-10-25,2011-12-05,3686,3922
84613A,PINK NEW BAROQUE FLOCK CANDLESTICK,merchandise,22,102.3,10,9,4.65,9,2010-02-23,2011-02-02,4148,3923
21089,SET/6 GREEN SPRING PAPER CUPS,merchandise,318,102.28,36,32,0.32,14,2010-01-15,2011-08-17,2850,3924
90024E,NEW BAROQUE B'FLY NECKLACE MONTANA,merchandise,12,102.0,7,7,8.5,6,2009-12-11,2010-08-18,4311,3925
90030A,SPOTTED WHITE NATURAL SEED NECKLACE,merchandise,77,101.75,8,8,1.32,5,2010-03-28,2011-11-28,3696,3926
84873A,FUNKY FLOWER PICNIC BAG FOR 4,merchandise,6,101.7,5,5,16.95,5,2010-03-05,2011-06-01,4434,3927
81950B,FLOWER BLUE CLOCK WITH SUCKER,merchandise,196,101.64,23,21,0.52,12,2009-12-03,2011-08-17,3211,3928
84249A,"GREETING CARD,SQUARE, DOUGHNUTS",merchandise,238,101.6,20,18,0.43,11,2010-02-04,2011-10-31,3080,3929
90040C,MURANO STYLE GLASS BRACELET GOLD,merchandise,29,101.5,10,10,3.5,8,2009-12-04,2011-12-04,4050,3930
35910A,MULTICOLOUR EASTER RABBIT,merchandise,52,101.4,12,12,1.95,9,2009-12-13,2011-03-28,3840,3931
16248B,BLUE HOLE PUNCH,merchandise,81,101.25,12,12,1.25,8,2010-09-20,2011-10-30,3670,3932
90060F,FIRE POLISHED GLASS NECKL GREEN,merchandise,17,101.15,7,7,5.95,7,2009-12-06,2010-08-13,4226,3933
84549,CROCHET WHITE RABBIT KEYRING,merchandise,64,100.8,9,9,1.57,8,2009-12-08,2011-07-28,3770,3934
85050,FRENCH ENAMEL SOAP DISH WITH LID,merchandise,48,100.8,1,1,2.1,1,2010-05-11,2010-05-11,3881,3935
72821,CUPID SCENTED CANDLE IN GLASS,merchandise,61,100.65,14,13,1.65,7,2010-01-31,2011-02-10,3783,3936
17084J,LOVE POTION MASALA INCENSE,merchandise,479,100.59,19,17,0.21,15,2009-12-01,2011-09-13,2515,3937
75172,PAINTED SEA SHELL METAL WINDCHIME,merchandise,97,100.31,11,11,1.03,7,2010-06-23,2011-07-04,3576,3938
90190B,GOLD/AMBER DROP EARRINGS W LEAF,merchandise,34,100.3,6,6,2.95,5,2009-12-03,2011-06-13,3998,3939
72753C,S/3 FLWR FAIRY ROSE CANDLES,merchandise,42,99.9,5,5,2.38,2,2009-12-06,2010-01-20,3931,3940
84575A,PINK DOG CANNISTER,merchandise,24,98.8,13,13,4.12,10,2010-02-21,2011-04-19,4113,3941
47592B,SCOTTIES DESIGN CHILD'S OVERALL,merchandise,47,98.7,18,15,2.1,8,2009-12-03,2010-07-21,3892,3942
16161G,WRAP BAD HAIR DAY,merchandise,975,97.5,33,31,0.1,17,2010-01-19,2011-11-24,1904,3943
20957,PORCELAIN HANGING BELL SMALL,merchandise,67,97.15,12,12,1.45,7,2010-04-11,2010-11-08,3758,3944
17007B,S/3 POT POURI CUSHIONS BLUE COLOURS,merchandise,46,96.6,6,6,2.1,6,2009-12-14,2011-06-08,3901,3945
20861,GOLD COSMETIC BAG PINK STAR,merchandise,46,96.6,15,15,2.1,8,2009-12-03,2010-12-10,3902,3946
90199D,5 STRAND GLASS NECKLACE AMBER,merchandise,15,95.25,9,9,6.35,7,2009-12-17,2011-10-09,4260,3947
84967A,PINK KASHMIRI OCCASIONAL TABLE,merchandise,2,94.95,2,2,47.48,2,2010-07-07,2010-10-24,4540,3948
72606A,BROWN ANTIQUE CUBE CANDLE,merchandise,226,94.92,18,18,0.42,8,2010-01-11,2010-10-05,3123,3949
90125C,TURQUOISE BERTIE GLASS BEAD CHARM,merchandise,88,94.8,6,5,1.08,4,2009-12-01,2011-05-26,3620,3950
90214E,"LETTER ""E"" BLING KEY RING",merchandise,95,94.75,33,25,1.0,14,2009-12-10,2011-12-08,3588,3951
72740A,LARGE STRAWBERRY CHOCOLATE CANDLE,merchandise,56,94.7,5,5,1.69,2,2009-12-07,2010-01-05,3815,3952
20697,LITTLE GREEN MONSTER SOFT TOY,merchandise,39,94.05,19,17,2.41,13,2009-12-13,2011-11-23,3945,3953
90137,PINK COMBO MINI CRYSTALS NECKLACE,merchandise,19,94.05,8,8,4.95,5,2009-12-10,2010-11-07,4185,3954
90002C,FLOWER BURST SILVER RING MIDN'T BLU,merchandise,25,93.75,11,8,3.75,7,2009-12-02,2010-08-18,4096,3955
90003C,MIDNIGHT BLUE PAIR HEART HAIR SLIDE,merchandise,25,93.75,10,10,3.75,8,2009-12-01,2011-09-23,4097,3956
17084A,TRANQUILITY MASALA INCENSE,merchandise,442,92.82,18,14,0.21,13,2010-02-04,2011-09-13,2583,3957
35610A,PINK CHRISTMAS FLOCK DROPLET,merchandise,138,92.82,8,8,0.67,3,2010-08-12,2010-12-15,3386,3958
35966,FOLKART CHRISTMAS TREE T-LIGHT HOLD,merchandise,244,92.72,20,20,0.38,7,2009-12-15,2011-08-24,3063,3959
84867A,PINK BABY GIRLS PHOTO ALBUM,merchandise,15,92.25,3,3,6.15,2,2010-01-07,2010-03-09,4261,3960
90214J,"LETTER ""J"" BLING KEY RING",merchandise,83,92.23,30,19,1.11,12,2009-12-02,2011-12-05,3653,3961
21343,GOLD JEWELERY BOX,merchandise,20,92.0,3,3,4.6,2,2009-12-09,2010-02-11,4171,3962
71406C,BLACK ORANGE SQUEEZER,merchandise,219,91.98,31,21,0.42,17,2009-12-06,2011-11-29,3140,3963
20664,TROPICAL HOLIDAY PURSE,merchandise,31,91.45,16,11,2.95,9,2009-12-15,2010-12-21,4031,3964
90177D,DROP DIAMANTE EARRINGS PURPLE,merchandise,31,91.45,10,9,2.95,8,2009-12-10,2011-10-09,4032,3965
90040D,MURANO STYLE GLASS BRACELET PINK,merchandise,26,91.0,10,9,3.5,5,2009-12-04,2010-09-14,4083,3966
84388,WISE MAN STAR SHAPE EGG PAN,merchandise,71,90.69,22,21,1.28,7,2009-12-01,2011-04-19,3725,3967
90003B,ROSE COLOUR PAIR HEART HAIR SLIDES,merchandise,24,90.0,9,9,3.75,7,2009-12-01,2011-09-23,4114,3968
90150,BLUE SHELL+SILVER NECKLACE,merchandise,12,90.0,7,7,7.5,7,2009-12-06,2010-09-24,4312,3969
90163A,PINK ROSEBUD & PEARL NECKLACE,merchandise,12,90.0,5,5,7.5,5,2010-02-28,2011-11-08,4313,3970
17013C,ORIGAMI LAVENDER INCENSE IN TUBE,merchandise,213,89.46,2,2,0.42,2,2009-12-16,2010-03-03,3157,3971
79191D,RETRO PLASTIC DAISY TRAY,merchandise,105,89.25,31,28,0.85,18,2009-12-07,2011-12-09,3526,3972
84437A,S/6 PINK EASTER DECS IN BOX,merchandise,105,89.25,17,17,0.85,4,2010-01-12,2010-04-09,3527,3973
90042C,FRESHWATER PEARL BRACELET IVORY,merchandise,35,89.25,8,8,2.55,4,2010-06-13,2010-11-28,3992,3977
90094,NECKLACE+BRACELET SET FRUIT SALAD,merchandise,35,89.25,21,20,2.55,11,2010-06-27,2011-12-05,3993,3978
90023,FILIGREE DIAMANTE EARRINGS,merchandise,21,89.25,11,7,4.25,9,2009-12-01,2011-11-27,4160,3976
84614A,PINK BAROQUE FLOCK CANDLE HOLDER,merchandise,15,89.25,7,7,5.95,7,2010-02-18,2010-12-03,4262,3974
84765,SILVER ROCOCO CANDELABRA,merchandise,7,89.25,4,4,12.75,3,2009-12-02,2010-03-15,4410,3975
90133,TEAL/FUSCHIA COL BEAD NECKLACE,merchandise,18,89.1,7,7,4.95,5,2010-04-18,2011-11-17,4203,3979
90156,RESIN BRACELET W PASTEL BEADS,merchandise,18,89.1,7,7,4.95,5,2010-08-12,2011-09-04,4204,3980
20660,VIP LUGGAGE TAG,merchandise,71,88.75,26,22,1.25,7,2009-12-01,2010-08-01,3726,3981
22879,"NUMBER TILE VINTAGE FONT, 0",merchandise,71,88.65,10,7,1.25,9,2010-10-25,2011-09-29,3727,3982
21337,SILVER WASHBAG,merchandise,30,88.5,9,7,2.95,4,2009-12-02,2010-11-30,4043,3983
90214M,"LETTER ""M"" BLING KEY RING",merchandise,80,88.48,29,19,1.11,12,2009-12-06,2011-12-05,3674,3984
35638A,PINK AND BLACK STRING CURTAIN,merchandise,39,88.05,6,6,2.26,6,2010-01-25,2011-11-20,3946,3985
84721,MANHATTAN CANVAS ART PICTURE,merchandise,20,87.8,2,2,4.39,1,2009-12-03,2009-12-04,4172,3986
35271S,GOLD PRINT PAPER BAG,merchandise,433,87.79,18,17,0.2,5,2009-12-05,2010-12-02,2601,3987
35822B,"ACRYLIC BEAD CHAIN, BLUE",merchandise,229,87.02,1,1,0.38,1,2010-01-27,2010-01-27,3112,3988
84424A,FOUR PICTURE WHITE GLASS FRAME,merchandise,23,86.25,10,10,3.75,5,2010-06-09,2010-10-24,4132,3989
84465,15 PINK FLUFFY CHICKS IN BOX,merchandise,29,85.55,20,18,2.95,7,2010-02-04,2011-11-04,4051,3990
90162A,ANT SILVER TURQUOISE BOUDICCA RING,merchandise,29,85.55,10,8,2.95,7,2010-01-24,2011-11-07,4052,3991
90190C,SILVER/AMETHYST DROP EARRINGS LEAF,merchandise,29,85.55,10,10,2.95,7,2009-12-15,2011-11-29,4053,3992
90164A,PINK ROSEBUD PEARL BRACELET,merchandise,21,85.35,7,7,4.06,6,2010-06-11,2011-12-02,4161,3993
90026D,GLASS BEAD HOOP NECKLACE AMETHYST,merchandise,10,85.0,8,6,8.5,8,2010-06-07,2011-11-18,4352,3994
17027A,INCENSE BAZAAR CANNABIS,merchandise,228,84.84,2,1,0.37,2,2010-02-04,2010-03-10,3116,3995
46775A,BUBBLE GUM CHUNKY KNITTED THROW,merchandise,5,84.75,4,3,16.95,3,2009-12-11,2010-02-24,4465,3996
46775B,BERRIES CHUNKY KNITTED THROW,merchandise,5,84.75,4,3,16.95,1,2009-12-02,2009-12-10,4466,3997
90088,CRYSTAL KEY+LOCK PHONE CHARM,merchandise,99,84.15,12,8,0.85,6,2009-12-01,2010-11-25,3560,3998
72783,BLACK SIL'T SQU CANDLE PLATE,merchandise,40,84.0,7,7,2.1,6,2009-12-01,2011-12-08,3937,3999
90000B,MIDNIGHT BLUE COPPER FLOWER NECKLAC,merchandise,14,83.3,9,9,5.95,8,2009-12-11,2011-06-13,4283,4000
23442,12 HANGING EGGS HAND PAINTED,merchandise,40,83.2,7,7,2.08,2,2011-11-15,2011-12-07,3938,4001
90039D,FIRE POLISHED GLASS BRACELET GREEN,merchandise,22,82.5,5,4,3.75,5,2010-02-18,2011-08-01,4149,4002
90069,RUBY GLASS CLUSTER NECKLACE,merchandise,11,82.5,5,5,7.5,4,2009-12-10,2011-11-03,4336,4003
35838B,S/6 SILVER ORNAMENETAL CANDLE,merchandise,97,82.45,22,21,0.85,4,2009-12-09,2010-09-26,3577,4004
35913B,WHITE/PINK CHICK EASTER DECORATION,merchandise,97,82.45,19,17,0.85,10,2010-01-07,2011-11-06,3578,4005
21699,SET 5 MINI CHOCOLATE FRIDGE MAGNETS,merchandise,108,82.44,3,2,0.76,3,2009-12-15,2010-02-15,3511,4006
16051,TEATIME PENCIL W STAMP ASST,merchandise,938,82.2,3,3,0.09,3,2009-12-10,2010-06-09,1949,4007
35609A,PINK FEATHER CHRISTMAS DECORATION,merchandise,427,82.19,18,17,0.19,6,2009-12-03,2010-11-30,2615,4008
72779,SET/6 BLACK ROSE T-LIGHT CANDLES,merchandise,48,81.12,15,14,1.69,6,2009-12-02,2010-05-05,3882,4009
90121B,VINTAGE ROSE BEAD BRACELET BLUE,merchandise,19,80.75,9,8,4.25,2,2009-12-01,2010-01-28,4186,4010
90164B,WHITE  ROSEBUD PEARL BRACELET,merchandise,30,80.7,8,8,2.69,4,2010-01-13,2011-11-30,4044,4011
17011E,ORIGAMI OPIUM SCENT INCENSE+FLOWER,merchandise,124,80.6,1,1,0.65,1,2009-12-16,2009-12-16,3432,4012
90040A,MURANO STYLE GLASS BRACELET RED,merchandise,23,80.5,10,10,3.5,7,2009-12-04,2011-03-07,4133,4013
90166,PINK & WHITE ROSEBUD RING,merchandise,19,80.15,11,7,4.22,8,2010-02-18,2011-11-14,4187,4014
90162D,ANT SILVER PURPLE BOUDICCA RING,merchandise,27,79.65,11,7,2.95,8,2010-01-24,2011-10-30,4074,4015
84795E,RIO PINK STRIPE HAMMOCK,merchandise,10,79.5,5,3,7.95,5,2009-12-02,2010-08-01,4353,4016
23464,VINTAGE ZINC WATERING CAN SMALL,merchandise,16,79.2,6,6,4.95,3,2011-10-16,2011-12-09,4241,4017
90096,NECKLACE+BRACELET SET BLUE BLOSSOM,merchandise,31,79.05,11,10,2.55,10,2010-01-05,2011-11-13,4033,4018
90115,SUMMER BUTTERFLIES BAG CHARM,merchandise,31,79.05,11,11,2.55,6,2009-12-06,2010-11-26,4034,4019
72709,IVORY SCULPTED RND CANDLE,merchandise,92,78.2,13,10,0.85,11,2010-04-19,2011-11-13,3604,4020
35931,PINK STAR CHRISTMAS DECORATION,merchandise,156,78.12,15,14,0.5,6,2009-12-01,2010-11-12,3338,4021
84596I,WRAP SWEETS LIGHT PINK SMALL BOWL,merchandise,71,78.11,9,9,1.1,2,2010-03-03,2010-04-11,3728,4022
35265,COLOURFUL FLOWER FRUIT BOWL,merchandise,20,78.05,15,14,3.9,10,2010-05-25,2011-10-02,4173,4023
71495A,CD WALL TIDY BLUE OFFICE,merchandise,213,77.94,9,5,0.37,7,2010-02-09,2011-11-24,3158,4024
84914A,PINK ROSE PICNIC RUG,merchandise,3,77.85,2,2,25.95,1,2010-05-11,2010-05-25,4512,4025
90092,BLUE CRYSTAL BOOT PHONE CHARM,merchandise,91,77.35,7,6,0.85,4,2009-12-01,2010-06-23,3608,4027
21450,DISTRESSED CANDLE STICK WHITE,merchandise,13,77.35,3,3,5.95,1,2009-12-03,2009-12-20,4300,4026
22888,NUMBER TILE VINTAGE FONT 9,merchandise,66,77.14,10,9,1.17,8,2010-11-04,2011-11-24,3760,4028
90183A,AMBER DROP EARRINGS W LONG BEADS,merchandise,26,76.7,6,6,2.95,4,2010-11-10,2011-12-07,4084,4029
90202D,PINK ENAMEL FLOWER HAIR TIE,merchandise,26,76.7,5,5,2.95,5,2010-02-10,2011-09-23,4085,4030
37509,NEW ENGLAND MUG W GIFT BOX,merchandise,30,76.5,14,14,2.55,8,2010-03-22,2010-12-06,4045,4031
84923,PINK BUTTERFLY HANDBAG W BOBBLES,merchandise,9,76.5,5,5,8.5,3,2010-02-04,2010-10-13,4374,4032
90024B,NEW BAROQUE B'FLY NECKLACE RED,merchandise,9,76.5,6,6,8.5,5,2009-12-01,2011-09-23,4375,4033
90028,NEW BAROQUE LARGE NECKLACE BLK/WHIT,merchandise,9,76.5,5,5,8.5,5,2010-05-21,2011-09-29,4376,4034
35815P,"ACRYLIC JEWEL SNOWFLAKE, PINK",merchandise,168,75.88,7,7,0.45,5,2010-10-18,2011-09-26,3295,4035
23467,VINTAGE ZINC PLANTER,merchandise,23,75.67,5,5,3.29,3,2011-10-17,2011-12-07,4134,4036
37479P,CUBIC MUG FLOCK PINK ON BROWN,merchandise,127,75.45,22,17,0.59,11,2010-06-11,2011-11-08,3425,4037
62043B,BLUE CHECK BAG W HANDLE 34X20CM,merchandise,54,75.16,10,8,1.39,5,2010-04-30,2011-05-19,3828,4038
16161E,WRAP BOUDOIR,merchandise,750,75.0,9,8,0.1,3,2009-12-07,2010-02-22,2174,4039
37399,"ASS RETROSPOOF MUGS,SPORTS",merchandise,143,75.0,6,6,0.52,1,2009-12-13,2009-12-22,3371,4040
84030C,KNITTED RAINBOW HOT WATER BOTTLE,merchandise,20,75.0,5,4,3.75,2,2009-12-06,2010-03-05,4174,4041
90013B,BLACK VINTAGE EARRINGS,merchandise,20,75.0,5,5,3.75,3,2010-03-12,2010-11-26,4175,4042
90176D,DIAMANTE NECKLACE PURPLE,merchandise,10,75.0,6,6,7.5,6,2010-08-18,2011-11-03,4354,4043
84757,ENCHANTED GARDEN WROUGHT IRON TABLE,merchandise,5,74.75,4,4,14.95,2,2010-05-16,2010-06-06,4467,4044
81952B,ROUND BLUE CLOCK WITH SUCKER,merchandise,248,74.6,16,14,0.3,6,2010-01-13,2011-07-26,3044,4045
90116,FRUIT SALAD BAG CHARM,merchandise,44,74.36,11,11,1.69,10,2010-02-02,2011-12-02,3916,4046
46138B,BLUE CHENILLE SHAGGY CUSHION COVER,merchandise,59,74.35,19,12,1.26,14,2010-01-12,2011-11-13,3798,4047
90099,NECKLACE+BRACELET SET BLUE HIBISCUS,merchandise,29,73.95,17,16,2.55,8,2009-12-07,2011-12-06,4054,4048
35610C,WHITE CHRISTMAS FLOCK DROPLET,merchandise,91,73.91,6,6,0.81,4,2010-08-12,2010-12-13,3609,4049
47369A,PINK GREEN EMBROIDERY COSMETIC BAG,merchandise,25,73.75,10,10,2.95,7,2010-03-08,2011-11-14,4098,4050
84593,CROCHET ROSE DES CLOTHES HANGER,merchandise,25,73.75,7,7,2.95,5,2009-12-06,2011-03-07,4099,4051
90067A,PINK VINTAGE VICTORIAN EARRINGS,merchandise,25,73.75,8,8,2.95,7,2009-12-01,2011-11-15,4100,4052
15030,FAN BLACK FRAME,merchandise,254,73.66,26,23,0.29,17,2009-12-13,2011-12-06,3022,4053
79331,PINK FLOCK GLASS CANDLEHOLDER,merchandise,60,73.6,9,8,1.23,8,2010-02-10,2011-04-07,3791,4054
90112,PINK DOLLY HAIR CLIPS,merchandise,70,73.5,15,13,1.05,10,2009-12-07,2010-11-14,3734,4055
16151A,FLOWERS HANDBAG blue and orange,merchandise,52,72.5,5,5,1.39,3,2010-04-30,2011-05-25,3841,4056
35916C,PINK FELT HANGING HEART W FLOWER,merchandise,85,72.25,9,9,0.85,5,2009-12-01,2011-08-21,3638,4057
84454,WOBBLING METAL CHICKEN EASTER,merchandise,85,72.25,13,11,0.85,4,2009-12-07,2010-04-09,3639,4059
84753A,PINK EAU DE COLOGNE BOTTLE,merchandise,85,72.25,15,14,0.85,3,2009-12-04,2010-02-19,3640,4060
84427B,BLACK GLASS TV DOUBLE P/FRAME 15X10,merchandise,17,72.25,5,5,4.25,3,2009-12-04,2010-03-07,4227,4058
35937,CERISE+GOLD CHRISTMAS STOCKING DEC,merchandise,188,71.44,17,16,0.38,5,2009-12-15,2010-10-18,3240,4061
84925C,FAIRY CAKES  WALL THERMOMETER,merchandise,28,71.4,10,10,2.55,5,2009-12-02,2010-05-11,4064,4062
90060D,FIRE POLISHED GLASS NECKL BRONZE,merchandise,12,71.4,7,6,5.95,5,2009-12-06,2010-12-15,4314,4063
90212B,JET BLACK LAS VEGAS BRACELET ROUND,merchandise,19,71.25,7,7,3.75,4,2010-08-09,2010-12-08,4188,4064
16256C,HEARTS PENCIL/RUBBER+5 MINI PENCILS,merchandise,169,70.98,10,8,0.42,5,2009-12-13,2010-05-23,3293,4065
84086B,YELLOW/BLUE RETRO RADIO,merchandise,24,70.8,12,7,2.95,10,2010-05-16,2011-12-06,4115,4066
47369B,BLUE GREEN EMBROIDERY COSMETIC BAG,merchandise,23,70.69,10,10,3.07,7,2009-12-13,2011-11-28,4135,4067
90005A,JADE GREEN ENAMEL HAIR COMB,merchandise,36,70.2,7,5,1.95,7,2010-01-25,2010-10-18,3975,4068
16020C,CLEAR STATIONERY BOX SET,merchandise,82,69.7,24,22,0.85,12,2009-12-07,2011-04-07,3661,4069
20820,SILVER LOOKING MIRROR,merchandise,14,69.3,8,6,4.95,8,2009-12-17,2011-03-01,4284,4070
72140F,HAPPY ANNIVERSARY CANDLE LETTERS,merchandise,175,69.18,14,14,0.4,7,2009-12-01,2010-11-24,3274,4071
90042A,FRESHWATER PEARL BRACELET GOLD,merchandise,27,68.85,7,6,2.55,5,2009-12-02,2011-04-13,4075,4072
90205C,LARGE CRYSTAL DIAMANTE HAIRSLIDE,merchandise,46,68.7,5,5,1.49,4,2010-09-29,2011-09-23,3903,4073
71215,METAL BASE FOR CANDLES,merchandise,178,68.52,12,10,0.38,8,2009-12-09,2011-05-26,3268,4074
84251G,"GREETING CARD, OVERCROWDED POOL.",merchandise,360,68.4,34,32,0.19,17,2010-01-15,2011-12-08,2738,4075
79144C,PAINTED LIGHTBULB RAINBOW DESIGN,merchandise,171,68.22,23,19,0.4,11,2010-01-07,2011-10-18,3287,4076
84425A,WHITE GLASS TV TRIPLE FRAME,merchandise,16,68.0,8,8,4.25,4,2009-12-04,2010-05-13,4242,4077
90001D,ANTIQUE OLIVE GREEN FLOWER EARRINGS,merchandise,16,68.0,7,7,4.25,5,2009-12-06,2011-10-09,4243,4079
90018B,GOLD M.O.P ORBIT DROP EARRINGS,merchandise,16,68.0,10,10,4.25,9,2009-12-16,2011-10-26,4244,4080
84857A,SILVER MONTE CARLO HANDBAG,merchandise,8,68.0,3,2,8.5,2,2010-02-03,2010-05-21,4390,4078
90026A,GLASS BEAD HOOP NECKLACE BLACK,merchandise,8,68.0,6,6,8.5,5,2010-03-19,2011-06-13,4391,4081
84510E,SET OF 4 GREEN CAROUSEL COASTERS,merchandise,128,67.8,13,12,0.53,11,2010-02-16,2011-12-06,3419,4082
84548,CROCHET BEAR RED/BLUE  KEYRING,merchandise,41,67.65,12,11,1.65,9,2009-12-03,2011-07-03,3934,4083
47420,ASSORTED COLOUR SUCTION CUP HOOK,merchandise,356,67.64,29,23,0.19,17,2009-12-02,2011-12-04,2752,4084
84803B,WHITE ALLIUM  ARTIFICIAL FLOWER,merchandise,40,67.6,10,10,1.69,5,2010-02-04,2011-03-18,3939,4085
84926B,SCOTTS ROSES TILE COASTER,merchandise,54,67.5,10,8,1.25,4,2009-12-02,2010-04-18,3829,4087
47341B,BLUE TABLE RUN FLOWER,merchandise,48,67.5,14,13,1.41,9,2009-12-09,2011-11-30,3883,4086
90002B,FLOWER BURST SILVER RING ROSE,merchandise,18,67.5,7,7,3.75,4,2009-12-02,2010-07-28,4205,4088
90038A,GLASS AND PAINTED BEADS BRACELET TO,merchandise,18,67.5,4,4,3.75,4,2010-06-13,2011-09-06,4206,4089
90072,RUBY DROP CHANDELIER EARRINGS,merchandise,18,67.5,5,4,3.75,5,2009-12-02,2011-09-23,4207,4090
35819P,"ACRYLIC HANGING JEWEL,PINK",merchandise,95,66.55,7,7,0.7,3,2011-09-16,2011-11-13,3589,4091
40002,WHITE BAMBOO RIBS LAMPSHADE,merchandise,78,66.3,1,1,0.85,1,2009-12-18,2009-12-18,3687,4092
71143,SILVER BOOK MARK WITH BEADS,merchandise,78,66.3,13,10,0.85,9,2009-12-07,2011-06-29,3688,4093
84455,SET OF 3 RABBIT CARROTS EASTER,merchandise,78,66.3,16,15,0.85,4,2010-01-14,2010-04-09,3689,4094
72369A,PINK CLEAR GLASS CANDLE PLATE,merchandise,53,66.25,8,8,1.25,7,2009-12-03,2011-11-28,3832,4095
90089,PINK CRYSTAL SKULL PHONE CHARM,merchandise,88,66.22,11,11,0.75,8,2009-12-03,2011-12-08,3621,4096
47598,NEW ENGLAND EGG WARMER,merchandise,120,66.0,23,17,0.55,7,2009-12-04,2010-06-23,3447,4097
85072,OCCASIONS GIFT CARD ASSORTMENT,merchandise,120,66.0,1,1,0.55,1,2009-12-10,2009-12-10,3448,4098
79329,PINK FLOCK GLASS CANDLEHOLDER,merchandise,100,65.94,7,7,0.66,5,2009-12-02,2011-04-10,3553,4099
90179C,BLACK FINE BEAD NECKLACE W TASSEL,merchandise,11,65.45,7,7,5.95,4,2010-07-29,2010-12-06,4337,4100
47016,LIGHT DECORATION BATTERY OPERATED,merchandise,31,65.1,5,4,2.1,4,2009-12-07,2011-11-01,4035,4101
84705A,ENGLISH ROSE PHOTO FRAME,merchandise,14,65.1,7,5,4.65,5,2009-12-02,2010-04-07,4285,4102
20835,FRENCH LATTICE CUSHION COVER,merchandise,78,64.98,8,8,0.83,5,2010-03-03,2011-11-10,3690,4103
90056,CHUNKY CRACKED GLAZE NECKLACE IVORY,merchandise,6,64.5,1,1,10.75,1,2010-06-21,2010-06-21,4435,4104
90046,WHITE WITH METAL BAG CHARM,merchandise,13,64.35,7,6,4.95,5,2010-03-26,2011-07-07,4301,4105
47348A,FUSCHIA VOILE POINTY SHOE DEC,merchandise,104,63.96,16,12,0.61,9,2010-04-11,2011-09-01,3532,4106
79534,MULTICOLOUR GLASS PLATE,merchandise,116,63.8,16,14,0.55,9,2009-12-02,2010-10-05,3463,4107
90064B,BLACK VINTAGE  CRYSTAL EARRINGS,merchandise,17,63.75,9,8,3.75,8,2010-04-20,2011-10-09,4228,4111
85018A,S/6 PAPER BOXES ROMANTIC IMAGES,merchandise,15,63.75,10,10,4.25,6,2009-12-16,2010-08-13,4263,4109
85018B,S/6 PAPER BOXES BLOSSOM IMAGES,merchandise,15,63.75,10,10,4.25,6,2009-12-16,2010-11-03,4264,4110
20791,BLUE TILED SET OF 3 DRAWERS,merchandise,5,63.75,1,1,12.75,1,2010-01-14,2010-01-14,4468,4108
90204,PAIR OF ENAMEL BUTTERFLY HAIRCLIP,merchandise,19,63.65,9,9,3.35,5,2010-11-19,2011-11-09,4189,4112
21489,BLUE WHITE SCARF HOT WATER BOTTLE,merchandise,16,63.2,6,6,3.95,1,2009-12-01,2009-12-14,4245,4113
90131,PINK/AMETHYST/GOLD NECKLACE,merchandise,9,62.55,4,4,6.95,4,2009-12-01,2011-03-23,4377,4114
90214G,"LETTER ""G"" BLING KEY RING",merchandise,69,62.25,21,13,0.9,12,2009-12-13,2011-12-07,3743,4115
20667,CHERRY BLOSSOM PURSE,merchandise,21,61.95,9,6,2.95,7,2009-12-17,2011-05-31,4162,4116
17136A,BLUE STONES ON WIRE FOR CANDLE,merchandise,743,61.78,34,28,0.08,19,2009-12-03,2011-11-03,2182,4117
72051S,BAG OF SILVER STONES,merchandise,145,60.9,19,18,0.42,12,2010-03-01,2011-04-13,3363,4118
90212C,PURPLE LAS VEGAS BRACELET ROUND,merchandise,16,60.0,5,5,3.75,5,2009-12-13,2011-09-06,4246,4122
90078,PINK/WHITE GLASS DEMI CHOKER,merchandise,8,60.0,4,4,7.5,3,2010-02-16,2010-12-13,4392,4119
90176C,DIAMANTE NECKLACE,merchandise,8,60.0,4,4,7.5,4,2010-03-07,2011-08-22,4393,4120
90189A,SILVER 2 STRAND NECKLACE-LEAF CHARM,merchandise,8,60.0,5,5,7.5,5,2010-02-16,2011-11-18,4394,4121
90021,LASER CUT MULTI STRAND NECKLACE,merchandise,5,59.75,4,4,11.95,3,2010-08-18,2011-04-27,4469,4123
90018C,SILVER BLACK ORBIT DROP EARRINGS,merchandise,14,59.5,7,7,4.25,6,2010-05-28,2011-09-23,4286,4124
90026B,GLASS BEAD HOOP NECKLACE MONTANA,merchandise,7,59.5,6,4,8.5,6,2009-12-13,2011-03-31,4411,4125
90026C,GLASS BEAD HOOP NECKLACE GREEN,merchandise,7,59.5,5,5,8.5,5,2009-12-10,2011-11-09,4412,4126
35654,VINTAGE BEAD FILLED PINK CUSHION,merchandise,12,59.4,5,4,4.95,5,2010-01-05,2010-08-04,4315,4127
84251F,"GREETING CARD, RITA",merchandise,312,59.28,31,26,0.19,10,2009-12-01,2010-09-20,2868,4128
35909A,RABBIT EASTER DECORATION,merchandise,20,59.0,5,5,2.95,5,2010-02-23,2011-04-26,4176,4129
35607B,BLACK FEATHER CHRISTMAS DECORATION,merchandise,310,58.9,16,15,0.19,10,2009-12-11,2011-09-15,2873,4130
35973,GERANIUM FOLKART HEART DECORATION,merchandise,47,58.75,12,11,1.25,3,2009-12-09,2010-03-21,3893,4131
81985A,"ICON ALARM CLOCK,FUSCHIA  PIN UP",merchandise,23,58.65,7,7,2.55,6,2009-12-07,2010-08-22,4136,4132
85023C,PINK LARGE JEWELED PHOTOFRAME,merchandise,23,58.65,11,10,2.55,6,2010-01-18,2010-06-06,4137,4133
90037B,TINY CRYSTAL BRACELET GREEN,merchandise,23,58.65,5,5,2.55,4,2010-03-16,2011-02-03,4138,4134
90214D,"LETTER ""D"" BLING KEY RING",merchandise,65,58.21,19,11,0.9,15,2009-12-03,2011-12-08,3765,4135
35594,WOODEN CHRISTMAS TREE 3 HANGING,merchandise,138,57.96,21,18,0.42,6,2009-12-02,2010-10-29,3387,4136
44241C,BLUE BUTTERFLY ON SPRING,merchandise,68,57.8,7,7,0.85,5,2010-01-25,2010-08-04,3750,4137
84899E,YELLOW BROWN BEAR FELT PURSE KIT,merchandise,46,57.5,14,11,1.25,6,2009-12-01,2010-05-06,3904,4138
35821B,"JEWELLED DECORATION,BLUE",merchandise,150,57.0,3,3,0.38,2,2009-12-10,2010-04-08,3349,4139
84226,HEN HOUSE W FAMILY IN BARN & NEST,merchandise,75,56.61,17,17,0.75,8,2010-02-28,2011-06-08,3704,4140
17129C,SKY BLUE COLOUR GLASS GEMS IN BAG,merchandise,84,56.28,10,7,0.67,4,2010-01-04,2010-05-04,3648,4141
84875A,PINK SQUARE COMPACT MIRROR,merchandise,15,56.25,11,10,3.75,7,2009-12-02,2010-11-30,4265,4142
90002E,FLOWER BURST SILVER RING GREEN,merchandise,15,56.25,8,7,3.75,5,2009-12-02,2010-08-18,4266,4143
47344B,BLUE FLOWER DES PURSE,merchandise,54,56.16,10,10,1.04,8,2009-12-17,2011-06-02,3830,4144
35817B,"ACRYLIC JEWEL SNOWFLAKE,BLUE",merchandise,142,56.13,2,2,0.4,2,2009-12-03,2010-05-14,3376,4145
85023A,CRYSTAL LARGE JEWELLED PHOTO FRAME,merchandise,22,56.1,10,9,2.55,5,2009-12-04,2010-04-19,4150,4146
90100,NECKLACE+BRACELET SET PINK DAISY,merchandise,22,56.1,9,7,2.55,7,2009-12-07,2011-02-24,4151,4147
35001B,HAND OPEN SHAPE BLACK,merchandise,16,55.84,5,5,3.49,3,2009-12-17,2010-03-16,4247,4148
85080,PADDED RED HEART DECORATION,merchandise,113,55.76,22,19,0.49,5,2009-12-02,2010-09-26,3487,4149
84562B,BLUE/WHITE RIBBED MELAMINE JUG,merchandise,7,55.65,5,5,7.95,2,2009-12-02,2010-01-05,4413,4150
84891B,GREEN WIRE GOBLET CANDLEHOLDER,merchandise,7,55.65,5,5,7.95,4,2010-05-30,2010-11-18,4414,4151
46115B,GREEN POP ART MAO CUSHION COVER,merchandise,292,55.48,22,19,0.19,9,2010-05-11,2011-03-04,2925,4152
85151,WELCOME METAL SIGN,merchandise,44,55.0,8,8,1.25,1,2009-12-02,2009-12-14,3917,4153
90043,COPPER AND BRASS BAG CHARM,merchandise,10,54.51,6,5,5.45,5,2009-12-17,2011-10-17,4355,4154
84539,KNITTED RABBIT DOLL,merchandise,33,54.45,9,9,1.65,8,2009-12-07,2011-07-10,4016,4155
90019B,GOLD M.O.P ORBIT BRACELET,merchandise,11,54.45,7,6,4.95,7,2010-03-23,2011-10-09,4338,4156
90138,WHITE/PINK MINI CRYSTALS NECKLACE,merchandise,11,54.45,5,5,4.95,4,2009-12-10,2011-04-26,4339,4157
90084,PINK CRYSTAL GUITAR PHONE CHARM,merchandise,64,54.4,9,8,0.85,5,2009-12-01,2011-03-06,3771,4158
90065B,BLACK VINT ART DEC CRYSTAL BRACELET,merchandise,8,54.0,6,4,6.75,6,2009-12-13,2011-11-09,4395,4159
79406,FROSTED WHITE BASE,merchandise,245,53.9,15,14,0.22,14,2009-12-04,2011-11-03,3061,4160
90211A,DIAMOND LAS VEGAS NECKLACE 45CM,merchandise,9,53.55,5,5,5.95,4,2010-03-22,2011-11-23,4378,4161
90130A,WHITE STONE/CRYSTAL EARRINGS,merchandise,18,53.1,6,6,2.95,5,2010-03-07,2011-11-24,4208,4162
90168,2 DAISIES HAIR COMB,merchandise,18,53.1,3,3,2.95,3,2009-12-01,2011-09-23,4209,4163
90190A,SILVER/CRYSTAL DROP EARRINGS W LEAF,merchandise,18,53.1,8,8,2.95,5,2009-12-02,2011-06-13,4210,4164
35816B,"ACRYLIC JEWEL ANGEL,BLUE",merchandise,137,52.93,2,2,0.39,2,2010-02-18,2010-05-14,3390,4165
35910B,PINK FLOWERS RABBIT EASTER,merchandise,27,52.65,6,6,1.95,4,2010-01-07,2011-11-06,4076,4166
90214R,"LETTER ""R"" BLING KEY RING",merchandise,52,52.52,19,15,1.01,11,2009-12-06,2011-12-08,3842,4167
84845C,CARNATION SQUARE HANDY TIN,merchandise,42,52.5,14,14,1.25,7,2009-12-06,2010-08-18,3932,4168
90039C,FIRE POLISHED GLASS BRACELET BLACK,merchandise,14,52.5,3,3,3.75,3,2009-12-10,2011-02-09,4287,4169
78027,SEAGRASS S/2 CORNER LAUNDRY,merchandise,4,51.9,3,3,12.97,3,2010-04-27,2010-09-03,4489,4170
84845D,GERANIUM SQUARE HANDY TIN,merchandise,41,51.25,11,11,1.25,5,2009-12-06,2010-10-21,3935,4171
84402B,PURPLE DRESS JEWELLERY STAND,merchandise,62,51.14,4,4,0.82,2,2010-11-17,2011-07-21,3779,4172
35840,FLAT GLASS  BAUBLE WHITE FLOCK,merchandise,36,51.0,5,5,1.42,1,2009-12-08,2009-12-18,3976,4174
20964,POLYESTER FILLER PAD 60x40cm,merchandise,20,51.0,6,6,2.55,5,2009-12-01,2011-05-06,4177,4173
84612B,SET/4 BLACK  BAROQUE FLOCK COASTER,merchandise,20,51.0,4,4,2.55,3,2010-01-08,2010-10-26,4178,4175
90165B,WHITE ROSEBUD  PEARL EARRINGS,merchandise,20,51.0,6,5,2.55,6,2009-12-22,2010-12-23,4179,4179
90016C,SILVER/BLACK PENDANT ORBIT NECKLACE,merchandise,6,51.0,4,4,8.5,4,2010-06-24,2010-10-17,4436,4176
90024C,NEW BAROQUE B'FLY NECKLACE GREEN,merchandise,6,51.0,5,5,8.5,5,2009-12-03,2011-02-20,4437,4178
90020,FILIGREE DIAMANTE CHAIN,merchandise,4,51.0,2,2,12.75,2,2009-12-17,2010-05-04,4490,4177
85069,CREAM SWEETHEART DOUBLE SHELF,merchandise,3,50.85,1,1,16.95,1,2009-12-11,2009-12-11,4513,4180
20958,PORCELAIN HANGING BELL LARGE,merchandise,26,50.7,9,9,1.95,7,2010-03-26,2010-11-19,4086,4181
72083A,STRAWBERY SWIRL FLARE CANDLE,merchandise,24,50.4,7,7,2.1,2,2010-02-24,2010-03-31,4116,4182
22657,HEN & 2 CHICKS IN BASKET,merchandise,59,50.15,7,7,0.85,3,2010-01-31,2010-03-21,3799,4183
90177C,DROP DIAMANTE EARRINGS CRYSTAL,merchandise,17,50.15,6,6,2.95,6,2009-12-10,2011-09-23,4229,4184
90125B,AQUA BERTIE GLASS BEAD BAG CHARM,merchandise,31,50.1,6,6,1.62,5,2009-12-08,2011-12-02,4036,4185
90214H,"LETTER ""H"" BLING KEY RING",merchandise,50,50.02,23,14,1.0,11,2009-12-01,2011-12-07,3862,4186
37462B,"PET MUG, BUDGIE",merchandise,119,49.98,5,4,0.42,4,2010-01-07,2010-10-12,3451,4187
90019C,SILVER BLACK ORBIT BRACELET,merchandise,10,49.5,7,7,4.95,7,2009-12-03,2011-11-27,4356,4188
90079,VINTAGE ENAMEL & CRYSTAL NECKLACE,merchandise,10,49.5,5,5,4.95,5,2010-03-07,2011-10-09,4357,4189
90142D,MOP PENDANT SHELL NECKLACE,merchandise,10,49.5,4,4,4.95,3,2010-11-24,2011-10-23,4358,4190
90206A,GOLD DIAMANTE STAR BROOCH,merchandise,10,49.5,6,5,4.95,6,2009-12-17,2011-11-27,4359,4191
84537B,FAIRY CAKES GIFT BAG,merchandise,117,49.14,11,10,0.42,4,2009-12-03,2010-03-15,3457,4192
90214N,"LETTER ""N"" BLING KEY RING",merchandise,49,48.77,18,11,1.0,12,2009-12-06,2011-12-08,3875,4193
90038C,GLASS AND BEADS BRACELET IVORY,merchandise,13,48.75,3,3,3.75,3,2010-06-13,2011-03-07,4302,4194
90039B,FIRE POLISHED GLASS BRACELET MONTAN,merchandise,13,48.75,3,3,3.75,3,2010-02-18,2011-05-12,4303,4195
90051,CRACKED GLAZE NECKLACE RED,merchandise,7,48.65,4,4,6.95,3,2010-11-10,2011-10-09,4415,4196
90214P,"LETTER ""P"" BLING KEY RING",merchandise,58,48.5,18,13,0.84,9,2009-12-07,2011-12-08,3807,4197
90214B,"LETTER ""B"" BLING KEY RING",merchandise,48,48.48,16,13,1.01,8,2009-12-09,2011-12-05,3884,4198
90104,PURPLE FRANGIPANI HAIRCLIP,merchandise,57,48.45,11,11,0.85,4,2010-06-21,2010-12-21,3811,4199
72771B,BURG FLOCK GOLD CUP/CANDLE,merchandise,115,48.3,6,6,0.42,1,2009-12-11,2009-12-13,3469,4200
90031,BILI NUT AND WOOD NECKLACE,merchandise,48,48.0,5,5,1.0,4,2011-07-18,2011-11-25,3885,4201
84599,CANDY STRIPE ROSE FLOOR CUSHION,merchandise,6,47.7,2,2,7.95,2,2010-01-14,2010-02-22,4438,4202
84608,ORNATE EDWARDIAN CANDLE HOLDER,merchandise,6,47.7,4,4,7.95,2,2009-12-04,2010-01-15,4439,4203
21347,GOTHIC CARRIAGE LANTERN,merchandise,8,47.6,4,4,5.95,3,2009-12-02,2010-04-01,4396,4204
90179A,AMBER FINE BEAD NECKLACE W TASSEL,merchandise,8,47.6,5,5,5.95,3,2010-10-10,2011-11-03,4397,4205
72129,COLUMBIAN CANDLE ROUND,merchandise,73,47.45,17,16,0.65,9,2009-12-18,2010-09-29,3714,4206
20895,VINTAGE NOTEBOOK FRENCH LETTER,merchandise,16,47.2,4,3,2.95,3,2009-12-08,2010-02-02,4248,4207
35909B,PINK FLOWERS RABBIT EASTER,merchandise,16,47.2,6,6,2.95,6,2009-12-06,2011-06-14,4249,4208
84227,HEN HOUSE W CHICK IN NEST,merchandise,112,47.04,13,13,0.42,4,2010-02-18,2011-03-14,3491,4210
35603C,SET/16 WHITE SHINY & MATT BAUBLES,merchandise,80,47.04,22,19,0.59,5,2009-12-02,2010-11-09,3675,4209
16201B,PASTEL BLUE PHOTO ALBUM,merchandise,24,46.8,2,2,1.95,1,2009-12-02,2009-12-02,4117,4211
20988,TRELLIS FLOWER CHOPSTICKS SET/5,merchandise,24,46.8,9,8,1.95,3,2009-12-02,2010-02-28,4118,4212
84857B,BLUE MONTE CARLO HANDBAG,merchandise,24,46.8,1,1,1.95,1,2011-07-21,2011-07-21,4119,4213
84582,PINK CROCHET CAT WITH SCARF,merchandise,11,46.75,9,9,4.25,4,2009-12-01,2010-03-26,4340,4214
84705D,CHERRY BLOSSOM PHOTO FRAME,merchandise,10,46.5,3,3,4.65,3,2009-12-02,2010-06-30,4360,4215
47341A,FUSCHIA TABLE RUN FLOWER,merchandise,29,46.25,7,7,1.59,6,2010-09-13,2011-06-08,4055,4216
84626,CANDY STRIPE ROSE QUILT,merchandise,1,45.95,1,1,45.95,1,2009-12-09,2009-12-09,4576,4217
18097A,PINK TALL PORCELAIN T-LIGHT HOLDER,merchandise,18,45.9,12,10,2.55,7,2010-03-05,2011-06-22,4211,4218
90037A,TINY CRYSTAL BRACELET RED,merchandise,18,45.9,4,4,2.55,4,2010-04-07,2010-11-22,4212,4219
72024U,LILAC VOTIVE CANDLE,merchandise,218,45.78,10,10,0.21,8,2009-12-02,2011-06-27,3145,4220
90012B,BLACK DROP CRYSTAL NECKLACE,merchandise,13,45.35,3,3,3.49,3,2009-12-03,2011-11-13,4304,4221
16161C,WRAP SPEED DEMONS,merchandise,450,45.0,2,2,0.1,1,2009-12-01,2009-12-22,2567,4222
84746,PINK EASTER HENS+FLOWER,merchandise,12,45.0,8,6,3.75,6,2009-12-07,2011-07-01,4316,4223
21685,MEDINA STAMPED METAL TRAY,merchandise,3,44.85,2,2,14.95,1,2009-12-01,2009-12-02,4514,4224
90074,BLACK DIAMOND CLUSTER NECKLACE,merchandise,5,44.75,4,4,8.95,4,2010-03-07,2011-09-29,4470,4225
90135A,ORANGE/FUSCHIA STONES NECKLACE,merchandise,9,44.55,2,2,4.95,2,2010-04-19,2010-06-17,4379,4226
90197D,AMBER GLASS BRACELET HEART CHARMS,merchandise,9,44.55,4,4,4.95,3,2010-02-02,2010-04-07,4380,4227
85081,PADDED HOLLY CHRISTMAS DECORATION,merchandise,100,44.49,20,20,0.44,5,2009-12-09,2010-10-07,3554,4228
35085E,IVORY ROSE LAMPSHADE,merchandise,39,44.25,9,7,1.13,5,2009-12-01,2010-07-14,3947,4229
84586L,"PINK ROSES/GINGHAM PATCH RABBIT 8""",merchandise,15,44.25,9,9,2.95,2,2009-12-06,2010-01-31,4267,4230
90130B,TURQ STONE/CRYSTAL EARRINGS,merchandise,15,44.25,4,4,2.95,4,2010-08-18,2011-11-29,4268,4231
90177B,DROP DIAMANTE EARRINGS BLACK DIAMON,merchandise,15,44.25,5,5,2.95,5,2009-12-10,2011-06-13,4269,4232
84447,6 RABBIT CHAIN EASTER,merchandise,52,44.2,7,7,0.85,3,2010-01-27,2010-03-23,3843,4233
84251B,"GREETING CARD, STICKY GORDON",merchandise,231,43.89,22,19,0.19,16,2010-03-08,2011-09-25,3106,4234
84292B,BLUE COL METAL FOLDING CHAIR,merchandise,7,43.85,4,4,6.26,3,2010-01-04,2010-04-29,4416,4235
79063C,"RETRO PILL BOX KEY CHAIN,THE KING",merchandise,235,43.65,14,13,0.19,8,2011-03-09,2011-12-08,3092,4236
35916A,YELLOW FELT HANGING HEART W FLOWER,merchandise,51,43.35,7,7,0.85,6,2010-01-28,2011-08-21,3851,4237
90037C,TINY CRYSTAL BRACELET BLUE,merchandise,17,43.35,4,4,2.55,3,2010-03-07,2010-07-13,4230,4238
90101,WHITE FRANGIPANI NECKLACE,merchandise,17,43.35,5,4,2.55,5,2010-11-18,2011-11-10,4231,4239
35822P,"ACRYLIC BEAD CHAIN, PINK",merchandise,114,43.32,1,1,0.38,1,2010-01-27,2010-01-27,3479,4240
79026B,"S/4 ICON COASTER,ELVIS LIVES",merchandise,51,43.11,22,17,0.85,10,2009-12-03,2011-05-18,3852,4241
72796B,S/3 FRENCH VANILLA SQU CANDLE,merchandise,26,42.9,11,11,1.65,6,2009-12-02,2010-07-04,4087,4242
90059D,DIAMANTE HAIR GRIP PACK/2 PERIDOT,merchandise,26,42.9,5,5,1.65,5,2009-12-15,2011-09-23,4088,4243
90214I,"LETTER ""I"" BLING KEY RING",merchandise,44,42.52,12,10,0.97,6,2009-12-09,2011-12-08,3918,4244
72724,SET/6 CHRISTMAS ICICLE T-LIGHTS,merchandise,34,42.5,9,9,1.25,1,2009-12-01,2009-12-10,3999,4245
90024A,NEW BAROQUE B'FLY NECKLACE BLACK,merchandise,5,42.5,4,4,8.5,4,2010-01-28,2010-11-05,4471,4246
90214T,"LETTER ""T"" BLING KEY RING",merchandise,43,42.23,12,9,0.98,6,2009-12-06,2011-12-05,3928,4247
90050,CRACKED GLAZE NECKLACE IVORY,merchandise,6,41.7,2,2,6.95,2,2011-05-23,2011-11-09,4440,4248
84611B,BLACK NEW BAROQUE FLOCK BOX,merchandise,7,41.65,4,4,5.95,4,2010-01-07,2010-11-15,4417,4249
90060C,FIRE POLISHED GLASS NECKL SILVER,merchandise,7,41.65,3,3,5.95,3,2009-12-06,2010-07-04,4418,4250
90152C,BLUE/NAT SHELL NECKLACE W PENDANT,merchandise,7,41.65,4,4,5.95,4,2010-04-01,2011-02-14,4419,4251
90179B,PURPLE FINE BEAD NECKLACE W TASSEL,merchandise,7,41.65,5,5,5.95,4,2009-12-06,2010-10-24,4420,4252
85184B,SET 4 EASTER DECOUPAGE OVAL BOXES,merchandise,14,41.3,7,7,2.95,3,2009-12-09,2010-03-22,4288,4253
23448,CREAM BUNNY EASTER EGG BASKET,merchandise,25,41.25,3,3,1.65,2,2011-10-10,2011-11-30,4101,4254
72798C,SET/4 GARDEN ROSE DINNER CANDLE,merchandise,25,41.25,11,10,1.65,8,2009-12-01,2011-02-03,4102,4256
90059C,DIAMANTE HAIR GRIP PACK/2 MONTANA,merchandise,25,41.25,7,6,1.65,6,2009-12-15,2011-11-07,4103,4257
37477B,"FLOWER FAIRY MUG+COASTER,LAVENDER",merchandise,11,41.25,8,6,3.75,6,2009-12-02,2010-11-22,4341,4255
90064A,WHITE VINTAGE CRYSTAL EARRINGS,merchandise,11,41.25,4,4,3.75,3,2010-08-18,2011-05-11,4342,4258
35644,PAIR PINK/BLACK COATHANGERS,merchandise,21,40.95,7,6,1.95,4,2010-02-03,2010-11-21,4163,4259
35071,ASSORTED SANTA CHRISTMAS DECORATION,merchandise,48,40.8,5,5,0.85,1,2009-12-01,2009-12-08,3886,4260
44228,CANNABIS LEAF BEAD CURTAIN,merchandise,48,40.8,3,3,0.85,3,2010-11-18,2011-08-23,3887,4261
84798C,WHITE FOXGLOVE ARTIIFCIAL FLOWER,merchandise,16,40.8,3,3,2.55,2,2010-01-05,2010-02-04,4250,4262
90174,BUTTERFLY HAIR BAND,merchandise,16,40.8,4,4,2.55,3,2011-02-09,2011-09-23,4251,4263
17014C,ORIGAMI LAVENDER INCENSE CONES,merchandise,96,40.32,1,1,0.42,1,2009-12-05,2009-12-05,3583,4264
20994,JAZZ HEARTS SPIRAL NOTEPAD,merchandise,47,39.95,12,12,0.85,2,2009-12-01,2010-01-25,3894,4265
20860,GOLD COSMETICS BAG WITH BUTTERFLY,merchandise,19,39.9,10,10,2.1,6,2010-04-08,2010-11-08,4190,4266
47013A,WINE BOTTLE DRESSING LT.BLUE,merchandise,141,39.87,25,21,0.28,10,2009-12-16,2011-04-19,3379,4267
79065A,TEATIME ROUND CAKE TINS,merchandise,4,39.8,1,1,9.95,1,2009-12-02,2009-12-02,4491,4268
84551,CROCHET DOG KEYRING,merchandise,24,39.6,6,6,1.65,4,2009-12-08,2011-06-14,4120,4269
90059E,DIAMANTE HAIR GRIP PACK/2 RUBY,merchandise,24,39.6,7,5,1.65,6,2009-12-15,2011-11-07,4121,4270
20870,OPULENT VELVET CANDLE IN BOX,merchandise,26,39.3,4,4,1.51,1,2009-12-01,2009-12-13,4089,4271
82545A,COGNAC AUX OEUFS METAL 1 HOOK,merchandise,31,38.75,11,11,1.25,7,2010-01-14,2010-10-21,4037,4272
35963,FOLKART ZINC CLIP ON ANGEL WINGS,merchandise,101,38.38,11,10,0.38,9,2009-12-16,2010-09-22,3546,4273
90042B,FRESHWATER PEARL BRACELET PINK,merchandise,15,38.25,5,4,2.55,4,2009-12-02,2010-11-24,4270,4274
20905,VINTAGE KEEPSAKE BOX BEAUTY GIRL,merchandise,6,38.1,3,3,6.35,1,2009-12-02,2009-12-11,4441,4275
23038,T-LIGHT HOLDER SILVER SAUCER,merchandise,41,38.03,6,4,0.93,4,2011-07-11,2011-12-05,3936,4276
37379A,PINK CHERRY BLOSSOM CUP & SAUCER,merchandise,30,37.5,5,5,1.25,5,2009-12-17,2011-01-19,4046,4278
79413,GLASS WINE GLASS DECORATIONS,merchandise,30,37.5,9,7,1.25,4,2009-12-04,2010-05-04,4047,4279
35233,PASTA ENAMEL/BRASS CONTAINER,merchandise,10,37.5,8,8,3.75,5,2009-12-08,2010-05-18,4361,4277
90003E,GREEN PAIR HEART HAIR SLIDES,merchandise,10,37.5,3,3,3.75,3,2010-02-16,2011-09-23,4362,4280
90038B,GLASS AND PAINTED BEADS BRACELET OL,merchandise,10,37.5,2,2,3.75,2,2010-09-05,2011-03-07,4363,4281
90140,PINK SWEETIE NECKLACE,merchandise,5,37.5,3,2,7.5,3,2009-12-13,2010-03-07,4472,4282
90176A,CLASSIC DIAMANTE NECKLACE JET,merchandise,5,37.5,3,3,7.5,3,2010-03-07,2011-11-03,4473,4283
84705F,RED PEONY PHOTO FRAME,merchandise,8,37.2,5,4,4.65,3,2009-12-02,2010-04-18,4398,4284
82069,BEECH WOOD P/FRAME,merchandise,5,36.25,2,2,7.25,2,2009-12-16,2010-05-05,4474,4285
16162M,THE KING GIFT BAG 25x24x12cm,merchandise,86,36.12,12,10,0.42,7,2010-06-14,2011-11-27,3633,4286
37489A,YELLOW/PINK FLOWER DESIGN BIG MUG,merchandise,44,35.88,21,21,0.82,15,2009-12-13,2011-11-21,3919,4287
90075,MONTANA DIAMOND CLUSTER NECKLACE,merchandise,4,35.8,3,3,8.95,3,2010-03-07,2010-11-14,4492,4288
90169,DAISY HAIR COMB,merchandise,14,35.7,3,3,2.55,2,2010-04-07,2011-09-23,4289,4291
90060B,FIRE POLISHED GLASS NECKL GOLD,merchandise,6,35.7,4,4,5.95,4,2009-12-13,2010-12-15,4442,4289
90152B,BLUE/GREEN SHELL NECKLACE W PENDANT,merchandise,6,35.7,4,4,5.95,4,2009-12-06,2010-12-03,4443,4290
90027D,GLASS BEAD HOOP EARRINGS AMETHYST,merchandise,12,35.4,6,6,2.95,4,2009-12-09,2010-12-20,4317,4292
90067B,BROWN VINTAGE VICTORIAN EARRINGS,merchandise,12,35.4,2,2,2.95,2,2009-12-01,2010-08-18,4318,4293
90134,OLD ROSE COMBO BEAD NECKLACE,merchandise,12,35.4,2,2,2.95,2,2009-12-01,2010-07-16,4319,4294
35815B,"ACRYLIC JEWEL SNOWFLAKE,BLUE",merchandise,93,35.34,2,2,0.38,1,2009-12-10,2009-12-15,3599,4295
90083,CRYSTAL CZECH CROSS PHONE CHARM,merchandise,44,34.94,8,6,0.79,5,2009-12-03,2011-12-06,3920,4296
84745B,BLUE HANGING GINGHAM EASTER HEN,merchandise,83,34.86,17,15,0.42,12,2009-12-03,2011-04-27,3654,4297
84868B,BLUE BABY BOY'S MEMORY BOX,merchandise,5,34.75,4,4,6.95,3,2010-01-26,2010-05-09,4475,4298
79063D,"RETRO PILL BOX , REVOLUTIONARY",merchandise,188,34.72,10,9,0.18,6,2011-02-17,2011-11-27,3241,4299
84546,CROCHET POODLE KEYRING,merchandise,21,34.65,3,3,1.65,3,2010-03-01,2010-07-14,4164,4300
90059F,DIAMANTE HAIR GRIP PACK/2 LT ROSE,merchandise,21,34.65,5,5,1.65,5,2010-06-30,2011-11-07,4165,4301
90141A,GREEN PENDANT TRIPLE SHELL NECKLACE,merchandise,7,34.65,4,4,4.95,4,2009-12-06,2011-07-18,4421,4302
90141C,TURQ PENDANT TRIPLE SHELL NECKLACE,merchandise,7,34.65,4,4,4.95,4,2009-12-06,2011-07-18,4422,4303
90141E,ORANGE PENDANT TRIPLE SHELL NECKLAC,merchandise,7,34.65,3,3,4.95,3,2009-12-06,2011-07-18,4423,4304
35955,SMALL FOLKART CHRISTMAS TREE DEC,merchandise,135,34.62,4,4,0.26,2,2009-12-01,2010-05-13,3397,4305
72715,SPHERICAL IVORY CANDLE,merchandise,82,34.44,12,8,0.42,5,2010-02-16,2010-08-26,3662,4306
44265,M/COLOUR POM-POM CURTAIN,merchandise,8,34.0,4,4,4.25,4,2009-12-08,2011-02-10,4399,4307
37112,YELLOW BIRDS FELT DES FOODCOVER,merchandise,9,33.75,4,4,3.75,2,2010-01-04,2010-02-02,4381,4308
90066A,PINK VINTAGE VICTORIAN CHOKER,merchandise,5,33.75,2,2,6.75,2,2010-07-19,2010-10-07,4476,4309
17014E,ORIGAMI OPIUM INCENSE CONES,merchandise,93,33.3,4,4,0.36,3,2010-05-20,2010-08-20,3600,4310
37348,SET OF 4 PASTEL STACKING MUGS,merchandise,13,33.15,6,5,2.55,4,2009-12-02,2010-03-31,4305,4311
47013C,WINE BOTTLE DRESSING DARK BLUE,merchandise,138,33.05,22,18,0.24,11,2009-12-04,2011-06-20,3388,4312
20879,TREE OF NOAH FESTIVE SCENTED CANDLE,merchandise,50,32.5,8,8,0.65,1,2009-12-10,2009-12-15,3863,4313
37489B,BLUE/YELLOW FLOWER DESIGN BIG MUG,merchandise,39,32.37,17,17,0.83,12,2010-02-12,2011-11-21,3948,4314
35916B,BLUE FELT HANGING HEART WITH FLOWER,merchandise,37,31.45,5,5,0.85,4,2009-12-01,2011-08-21,3960,4315
20953,PORCELAIN CHERUB BELL LARGE,merchandise,19,31.35,7,7,1.65,3,2010-03-25,2010-10-24,4191,4316
78034B,BLUE NETTING STORAGE HANGER,merchandise,16,31.2,9,9,1.95,8,2010-06-16,2011-10-02,4252,4317
37489D,PINK/GREEN FLOWER DESIGN BIG MUG,merchandise,47,30.81,20,20,0.66,14,2010-01-14,2011-12-05,3895,4318
90103,PURPLE FRANGIPANI NECKLACE,merchandise,12,30.6,5,5,2.55,5,2010-01-17,2011-11-23,4320,4319
90165A,PINK ROSEBUD PEARL EARRINGS,merchandise,12,30.6,2,2,2.55,2,2010-01-13,2010-05-26,4321,4320
16050,TEATIME PENCIL WITH RUBBER,merchandise,122,30.5,4,4,0.25,2,2010-03-07,2010-04-16,3442,4321
90126A,PINK BERTIE MOBILE PHONE CHARM,merchandise,18,30.42,3,3,1.69,3,2009-12-06,2010-08-04,4213,4322
84745A,PINK HANGING GINGHAM EASTER HEN,merchandise,72,30.24,15,13,0.42,10,2009-12-03,2011-04-27,3718,4323
47563B,WAVELINE SURF IRONING BOARD COVER,merchandise,8,30.0,6,6,3.75,4,2010-02-14,2010-11-28,4400,4324
90022,EDWARDIAN DROP EARRINGS JET BLACK,merchandise,8,30.0,4,4,3.75,4,2010-12-21,2011-12-07,4401,4325
90163B,WHITE ROSEBUD & PEARL NECKLACE,merchandise,4,30.0,2,2,7.5,2,2010-03-12,2011-04-26,4493,4326
21767,FRENCH STYLE WIRE DOOR CABINET,merchandise,1,29.95,1,1,29.95,1,2009-12-01,2009-12-01,4577,4327
90136,PALE PINK/AMETHYST STONE NECKLACE,merchandise,3,29.85,2,2,9.95,2,2010-12-15,2011-04-26,4515,4328
90001B,ANTIQUE MID BLUE FLOWER EARRINGS,merchandise,7,29.75,4,4,4.25,3,2010-05-04,2011-08-25,4424,4329
90059A,DIAMANTE HAIR GRIP PACK/2 CRYSTAL,merchandise,18,29.7,3,3,1.65,3,2010-09-09,2011-09-23,4214,4330
90081B,LILY BROOCH WHITE/SILVER COLOUR,merchandise,6,29.7,2,2,4.95,2,2010-10-19,2010-11-09,4444,4331
90135,ORANGE/WHT/FUSCHIA STONES NECKLACE,merchandise,6,29.7,1,1,4.95,1,2011-04-26,2011-04-26,4445,4332
90141B,IVORY PENDANT TRIPLE SHELL NECKLACE,merchandise,6,29.7,2,2,4.95,2,2011-05-23,2011-07-18,4446,4333
90197B,BLACK GLASS BRACELET W HEART CHARMS,merchandise,6,29.7,2,2,4.95,2,2010-10-11,2011-01-25,4447,4334
35598A,DUSTY PINK CHRISTMAS TREE 60CM,merchandise,10,29.5,3,3,2.95,2,2009-12-07,2011-11-20,4364,4335
84450B,YELLOW RABBIT SAT EASTER,merchandise,70,29.4,7,7,0.42,3,2010-01-14,2010-04-01,3735,4336
40005B,BLUE ORGANDY ROUND LAMPSHADE W BEA,merchandise,34,28.9,13,11,0.85,10,2010-03-25,2011-11-22,4000,4337
90126C,AMBER BERTIE MOBILE PHONE CHARM,merchandise,17,28.73,2,2,1.69,2,2010-06-23,2010-08-04,4232,4338
44089C,LILAC GAUZE BUTTERFLY LAMPSHADE,merchandise,68,28.56,18,14,0.42,9,2010-02-04,2011-09-23,3751,4339
37462E,"PET MUG, GOLDFISH",merchandise,81,28.27,9,9,0.35,9,2010-02-01,2011-11-28,3671,4340
84456,SET OF 3 RABBIT EGG EASTER,merchandise,33,28.05,12,12,0.85,5,2009-12-04,2010-04-09,4017,4341
90059B,DIAMANTE HAIR GRIP PACK/2 BLACK DIA,merchandise,17,28.05,4,4,1.65,4,2010-09-09,2011-11-07,4233,4342
85079,EMBROIDERED REINDEER DECORATION,merchandise,18,28.0,6,6,1.56,1,2009-12-03,2009-12-13,4215,4343
84415B,BLUE FLOCK CUSHION COVER,merchandise,10,27.5,3,3,2.75,3,2010-09-27,2011-06-08,4365,4344
21267,VINTAGE PINK TINSEL REEL,merchandise,13,27.3,4,3,2.1,1,2009-12-02,2009-12-07,4306,4345
90214O,"LETTER ""O"" BLING KEY RING",merchandise,31,27.23,13,11,0.88,6,2009-12-09,2011-12-05,4038,4346
21097,SET/6 GREEN SPRING  PAPER PLATE,merchandise,32,27.2,7,5,0.85,4,2010-01-15,2010-06-21,4025,4347
23702,High Resolution Image,merchandise,4,27.0,3,3,6.75,2,2011-10-19,2011-11-16,4494,4348
84864A,PINK PAISLEY PHOTO ALBUM,merchandise,4,27.0,3,3,6.75,3,2010-02-08,2010-08-19,4495,4349
90181A,AMBER GLASS/SHELL/PEARL NECKLACE,merchandise,3,26.85,3,2,8.95,3,2010-06-17,2011-11-03,4516,4350
90011B,BLACK CRYSTAL DROP EARRINGS,merchandise,9,26.55,4,4,2.95,4,2009-12-03,2011-09-06,4382,4351
90202B,WHITE ENAMEL FLOWER HAIR TIE,merchandise,9,26.55,3,3,2.95,3,2010-07-23,2011-09-23,4383,4352
90202C,GREEN ENAMEL FLOWER HAIR TIE,merchandise,9,26.55,4,4,2.95,4,2010-02-10,2011-09-23,4384,4353
37491C,GREEN/BLUE CERAMIC CANDLE HOLDER,merchandise,16,26.4,7,7,1.65,7,2009-12-11,2011-07-18,4253,4354
90205A,LARGE MINT DIAMANTE HAIRSLIDE,merchandise,16,26.4,6,6,1.65,4,2011-07-07,2011-11-02,4254,4355
84876C,SILVER HEART COMPACT MIRROR,merchandise,7,26.25,4,4,3.75,3,2009-12-13,2010-03-07,4425,4356
90039A,FIRE POLISHED GLASS BRACELET RED,merchandise,7,26.25,2,2,3.75,2,2010-02-18,2011-05-12,4426,4357
10124A,SPOTS ON RED BOOKCOVER TAPE,merchandise,62,26.04,18,18,0.42,12,2010-03-19,2011-11-06,3780,4358
90001C,ANTIQUE OPAL WHITE FLOWER EARRINGS,merchandise,6,25.5,5,5,4.25,5,2009-12-11,2011-10-20,4448,4359
90024F,NEW BAROQUE B'FLY NECKLACE CRYSTAL,merchandise,3,25.5,2,2,8.5,2,2010-06-07,2011-02-20,4517,4360
35597D,PINK/WHITE CHRISTMAS TREE 30CM,merchandise,58,25.28,7,7,0.44,5,2009-12-04,2011-09-01,3808,4361
84251J,"GREETING CARD, THE BLACK CAT",merchandise,60,25.2,4,4,0.42,4,2009-12-01,2010-04-11,3792,4362
84251C,"GREETING CARD, TWO SISTERS.",merchandise,132,25.08,14,13,0.19,10,2009-12-14,2011-04-03,3407,4363
17013F,ORIGAMI SANDLEWOOD INCENSE IN TUBE,merchandise,61,25.05,4,4,0.41,4,2010-01-31,2010-08-20,3784,4364
90139,FLOWER BROOCH 4 ASSORTED COLOURS,merchandise,5,24.75,3,3,4.95,2,2009-12-02,2010-03-21,4477,4365
35633B,BLUE TINSEL GARLAND,merchandise,130,24.7,12,12,0.19,4,2009-12-04,2010-11-28,3414,4366
35596,WOOD XMAS TREE 9 FIG SHELVES,merchandise,29,24.65,4,4,0.85,1,2010-10-12,2010-10-22,4056,4367
37468,HARDMAN MUG 3 ASSORTED,merchandise,63,24.57,12,11,0.39,6,2011-04-12,2011-10-19,3775,4368
47504J,ENGLISH ROSE SET/3 GARDEN TOOLS,merchandise,3,23.85,2,2,7.95,1,2009-12-11,2009-12-11,4518,4369
84575B,BROWN DOG CANNISTER W BONE,merchandise,4,23.8,3,3,5.95,3,2009-12-09,2010-02-15,4496,4370
90152A,SILVER/NAT SHELL NECKLACE W PENDANT,merchandise,4,23.8,4,4,5.95,4,2010-04-29,2011-09-30,4497,4371
90214F,"LETTER ""F"" BLING KEY RING",merchandise,29,23.77,13,11,0.82,6,2009-12-10,2011-12-07,4057,4372
35591T,TURQUOISE CHRISTMAS TREE,merchandise,19,23.75,9,9,1.25,6,2010-09-05,2011-11-20,4192,4373
35597B,BLACKCHRISTMAS TREE 30CM,merchandise,19,23.75,6,6,1.25,5,2009-12-13,2010-12-06,4193,4374
17014F,ORIGAMI SANDLEWOOD INCENSE CONES,merchandise,61,23.7,4,4,0.39,3,2010-01-21,2010-08-20,3785,4375
90012A,MIDNIGHT BLUE DROP CRYSTAL NECKLACE,merchandise,8,23.6,2,2,2.95,1,2011-10-06,2011-10-11,4402,4376
90177E,DROP DIAMANTE EARRINGS GREEN,merchandise,8,23.6,3,3,2.95,3,2009-12-10,2011-09-23,4403,4377
90182C,BLACK 3 BEAD DROP EARRINGS,merchandise,8,23.6,2,2,2.95,2,2009-12-13,2011-09-23,4404,4378
90202A,PURPLE ENAMEL FLOWER HAIR TIE,merchandise,8,23.6,3,3,2.95,3,2010-02-10,2011-09-23,4405,4379
18010,ASSORTED FRAGRANCE BATH CONFETTI,merchandise,56,23.52,6,6,0.42,2,2009-12-01,2010-01-28,3816,4380
47552A,DOTS IRONING BOARD COVER,merchandise,12,23.4,11,11,1.95,6,2009-12-10,2010-06-17,4322,4381
37491D,PURPLE/BLUE CERAMIC CANDLE HOLDER,merchandise,14,23.1,5,5,1.65,5,2010-02-17,2011-07-18,4290,4382
85225,BLING KEY RING STAND,merchandise,19,22.5,11,10,1.18,10,2009-12-13,2011-12-07,4194,4385
90128B,BLUE LEAVES AND BEADS PHONE CHARM,merchandise,18,22.5,5,5,1.25,5,2010-01-24,2010-12-03,4216,4386
84415A,PINK FLOCK SUEDE CUSHION COVER,merchandise,14,22.5,3,3,1.61,2,2010-09-27,2011-06-24,4291,4384
37477C,"FLOWER FAIRY MUG+COASTER,ROSE",merchandise,6,22.5,1,1,3.75,1,2010-11-23,2010-11-23,4449,4383
90176B,DIAMANTE NECKLACE BLACK,merchandise,3,22.5,2,2,7.5,2,2010-11-05,2011-11-03,4519,4387
90176E,DIAMANTE NECKLACE GREEN,merchandise,3,22.5,2,2,7.5,2,2011-08-22,2011-10-09,4520,4388
90189B,GOLD 2 STRAND NECKLACE-LEAF CHARMS,merchandise,3,22.5,2,2,7.5,2,2010-02-16,2010-04-29,4521,4389
35611B,BLACK ASSORTED DROPLET DECORATION,merchandise,59,22.42,2,2,0.38,2,2009-12-04,2010-11-23,3800,4390
35652,VINTAGE BEAD CHAISE LONG JEWEL BOX,merchandise,18,21.5,2,2,1.19,2,2009-12-16,2010-03-08,4217,4391
84387A,BIRD ON BRANCH CANVAS SCREEN,merchandise,11,21.45,1,1,1.95,1,2011-07-21,2011-07-21,4343,4392
21387,IVORY HANGING DECORATION  RABBIT,merchandise,25,21.25,4,4,0.85,2,2010-02-23,2010-03-01,4104,4393
90128A,PINK LEAVES AND BEADS PHONE CHARM,merchandise,17,21.25,5,5,1.25,5,2010-01-24,2010-11-24,4234,4394
90214Y,"LETTER ""Y"" BLING KEY RING",merchandise,63,21.15,5,4,0.34,3,2010-11-03,2011-12-06,3776,4395
23692,WRAP A PRETTY THANK YOU,merchandise,50,21.0,2,2,0.42,1,2011-11-09,2011-11-30,3864,4396
90052,CRACKED GLAZE NECKLACE BROWN,merchandise,3,20.85,1,1,6.95,1,2009-12-22,2009-12-22,4522,4397
90027B,GLASS BEAD HOOP EARRINGS MONTANA,merchandise,7,20.65,4,3,2.95,2,2009-12-09,2010-03-21,4427,4398
90177A,CLASSIC DIAMANTE EARRINGS JET,merchandise,7,20.65,2,2,2.95,2,2009-12-10,2011-09-23,4428,4399
72771C,BLACK FLOCK GOLD CANDLE,merchandise,49,20.58,4,4,0.42,1,2009-12-10,2009-12-13,3876,4400
79172D,PURPLE TINT ACRYLIC FLOWER VASE,merchandise,24,20.4,4,4,0.85,4,2010-03-08,2010-10-31,4122,4401
90118,PINK DAISY BAG CHARM,merchandise,8,20.4,3,3,2.55,2,2010-11-16,2011-09-23,4406,4402
84529B,BLUE KNITTED KID'S RUCKSACK,merchandise,3,20.25,2,2,6.75,2,2010-02-14,2010-03-28,4523,4403
35603B,S/16 BLACK SHINY/MAT BAUBLES,merchandise,48,20.16,1,1,0.42,1,2009-12-18,2009-12-18,3888,4404
44091C,MULTICOLOUR CRUSOE CHECK LAMPSHADE,merchandise,48,20.16,10,10,0.42,8,2009-12-17,2010-08-04,3889,4405
90187B,GREEN DROP EARRINGS W BEAD CLUSTER,merchandise,6,20.1,2,2,3.35,2,2010-03-21,2011-06-13,4450,4406
17091F,SANDALWOOD INCENSE IN TIN,merchandise,16,20.0,6,6,1.25,2,2009-12-06,2010-01-10,4255,4407
78056,CAMOUFLAGE BACKPACK ON WHEELS,merchandise,2,19.9,1,1,9.95,1,2009-12-02,2009-12-02,4541,4408
90034,WHITE SILVER NECKLACE SHELL GLASS,merchandise,2,19.9,2,2,9.95,2,2009-12-13,2010-01-28,4542,4409
22351,DOTCOMGIFTSHOP TEA TOWEL,merchandise,12,19.8,1,1,1.65,1,2011-02-18,2011-02-18,4323,4410
46307,ROSES BLUE BASE CUSHION COVER,merchandise,12,19.8,4,4,1.65,3,2010-02-16,2010-06-17,4324,4411
84550,CROCHET LILAC/RED BEAR KEYRING,merchandise,12,19.8,4,4,1.65,4,2009-12-11,2011-11-25,4325,4412
84570B,WHITE SATIN DRESS JEWEL STAND,merchandise,4,19.8,2,2,4.95,2,2009-12-15,2010-01-20,4498,4413
37488A,YELLOW PINK FLOWER DESIGN BIG BOWL,merchandise,31,19.77,5,4,0.64,4,2010-02-23,2011-04-13,4039,4414
37487B,YELLOW/ORANGE FLOWER DESIGN PLATE,merchandise,68,19.72,2,2,0.29,1,2011-04-11,2011-04-13,3752,4415
37489C,GREEN/BLUE FLOWER DESIGN BIG MUG,merchandise,26,19.5,10,10,0.75,8,2009-12-06,2011-09-14,4090,4417
20680,PINK FLOWERS CHILDS UMBRELLA,merchandise,6,19.5,4,4,3.25,2,2009-12-10,2010-01-22,4451,4416
79062D,"RETRO TIN ASHTRAY,REVOLUTIONARY",merchandise,52,19.4,4,4,0.37,3,2011-02-17,2011-08-16,3844,4418
84450A,PINK RABBIT SITTING EASTER,merchandise,46,19.32,4,4,0.42,3,2009-12-16,2010-02-03,3905,4419
84340,LARGE FIBRE OPTIC CHRISTMAS TREE,merchandise,15,19.08,6,5,1.27,1,2009-12-01,2009-12-17,4271,4420
81950V,FLOWER PURPLE CLOCK WITH SUCKER,merchandise,32,18.8,10,10,0.59,8,2009-12-03,2011-07-13,4026,4421
84030B,KNITTED POM POM HOT WATER BOTTLE,merchandise,5,18.75,3,2,3.75,2,2010-02-09,2010-03-05,4478,4422
84732B,CUTE BIRD CEATURE SCREEN,merchandise,28,18.48,6,6,0.66,6,2009-12-17,2011-08-18,4065,4423
72796A,S/3 ENGLISH LAVENDER SQU CANDLE,merchandise,11,18.15,5,5,1.65,4,2009-12-02,2010-04-29,4344,4424
84311,CAMOFLAGE CUSHION COVER,merchandise,11,18.15,1,1,1.65,1,2010-02-09,2010-02-09,4345,4425
71050,SMALL SINGLE FLAME CANDLE HOLDER,merchandise,51,17.85,8,7,0.35,6,2010-06-08,2011-12-02,3853,4428
44092C,PURPLE/COPPER HANGING LAMPSHADE,merchandise,21,17.85,8,6,0.85,7,2009-12-18,2011-10-20,4166,4427
18097B,BLUE TALL PORCELAIN T-LIGHT HOLDER,merchandise,7,17.85,3,3,2.55,2,2009-12-02,2010-01-17,4429,4426
90095,NECKLACE+BRACELET SET PINK BLOSSOM,merchandise,7,17.85,2,2,2.55,2,2010-04-21,2010-06-27,4430,4430
84614C,BLUE BAROQUE FLOCK CANDLE HOLDER,merchandise,3,17.85,1,1,5.95,1,2010-01-05,2010-01-05,4524,4429
90011C,GREEN CRYSTAL DROP EARRINGS,merchandise,6,17.7,1,1,2.95,1,2010-01-13,2010-01-13,4452,4431
90027A,GLASS BEAD HOOP EARRINGS BLACK,merchandise,6,17.7,3,3,2.95,3,2010-03-21,2010-12-20,4453,4432
90130D,RED STONE/CRYSTAL EARRINGS,merchandise,6,17.7,1,1,2.95,1,2010-03-12,2010-03-12,4454,4433
90128C,GREEN LEAVES AND BEADS PHONE CHARM,merchandise,14,17.5,3,3,1.25,3,2010-06-23,2010-11-24,4292,4434
20887,BOX OF 6 PEBBLE CANDLES,merchandise,5,17.25,4,4,3.45,1,2009-12-01,2009-12-10,4479,4435
90001A,ANTIQUE RASPBERRY FLOWER EARRINGS,merchandise,4,17.0,3,3,4.25,3,2010-05-21,2011-06-13,4499,4436
72805,VANILLA CANDLE IN EMBOSSED ZINC POT,merchandise,10,16.9,3,3,1.69,3,2009-12-06,2010-02-07,4366,4437
21511,VINTAGE COLLAGE  GREETING  CARD,merchandise,40,16.8,2,1,0.42,2,2010-04-13,2010-05-21,3940,4438
72785A,S/4 CONTEMPORY PINK ROSEBUD CANDLES,merchandise,8,16.8,4,4,2.1,3,2009-12-11,2010-02-19,4407,4439
37491B,BLUE/YELLOW CERAMIC CANDLE HOLDER,merchandise,10,16.5,5,5,1.65,5,2010-01-25,2011-07-18,4367,4440
44089A,PINK GAUZE BUTTERFLY LAMPSHADE,merchandise,39,16.38,12,11,0.42,9,2010-02-04,2011-11-27,3949,4441
90214V,"LETTER ""V"" BLING KEY RING",merchandise,22,15.98,9,7,0.73,9,2010-02-03,2011-12-05,4152,4442
20891,LARGE GLASS ROSE SCENTED CANDLE,merchandise,2,15.9,1,1,7.95,1,2010-01-21,2010-01-21,4543,4443
84630,FLOWERS AND BIRDS WALL PLAQUE,merchandise,2,15.9,1,1,7.95,1,2010-01-21,2010-01-21,4544,4444
35932,PINK CHRISTMAS TREE DECORATION,merchandise,37,15.63,10,10,0.42,6,2009-12-04,2010-11-12,3961,4445
10124G,ARMY CAMO BOOKCOVER TAPE,merchandise,37,15.54,9,9,0.42,9,2010-05-19,2011-11-06,3962,4446
37481,CUBIC MUG TEATIME CAKES,merchandise,6,15.3,1,1,2.55,1,2010-06-06,2010-06-06,4455,4447
90037D,TINY CRYSTALS BRACELET BLACK,merchandise,6,15.3,1,1,2.55,1,2010-06-23,2010-06-23,4456,4448
90076,MONTANA DIAMOND CLUSTER EARRINGS,merchandise,6,15.3,1,1,2.55,1,2011-05-08,2011-05-08,4457,4449
17174,ASSTD RASTA KEY-CHAINS,merchandise,36,15.12,7,7,0.42,5,2010-02-01,2011-11-24,3977,4450
84206A,3 BLACK CATS W HEARTS BLANK CARD,merchandise,79,15.01,9,9,0.19,6,2009-12-06,2011-11-25,3680,4451
23449,SET OF 6 EASTER RAINBOW CHICKS,merchandise,12,15.0,1,1,1.25,1,2011-11-15,2011-11-15,4326,4453
90127A,PINK BEADS+HAND PHONE CHARM,merchandise,12,15.0,1,1,1.25,1,2010-11-21,2010-11-21,4327,4454
20890,SMALL GLASS ROSE SCENTED CANDLE,merchandise,4,15.0,1,1,3.75,1,2010-01-21,2010-01-21,4500,4452
21475,SWEETHEART CREAM STEEL FOLDIN CHAIR,merchandise,1,14.95,1,1,14.95,1,2009-12-16,2009-12-16,4578,4455
84567,FROSTED GLASS WITH SILVER SURROUND,merchandise,9,14.85,1,1,1.65,1,2010-01-20,2010-01-20,4385,4457
35650,VINTAGE BEAD PINK JEWEL STAND,merchandise,3,14.85,3,3,4.95,3,2010-06-03,2011-08-01,4525,4456
90141D,ROSE PENDANT TRIPLE SHELL NECKLACE,merchandise,3,14.85,1,1,4.95,1,2011-07-18,2011-07-18,4526,4458
SP1002,KID'S CHALKBOARD/EASEL,merchandise,5,14.75,2,2,2.95,1,2010-10-07,2010-10-07,4480,4459
90102,WHITE FRANGIPANI HAIR CLIP,merchandise,17,14.45,3,3,0.85,3,2010-06-27,2011-06-07,4235,4460
62074B,ELEPHANT CLIP W SUCTION CUP,merchandise,34,14.28,11,8,0.42,10,2009-12-13,2011-07-12,4001,4461
84868A,PINK BABY GIRL'S MEMORY BOX,merchandise,2,13.9,2,2,6.95,1,2010-01-26,2010-01-31,4545,4462
16245A,PINK MINI STATIONERY SET W CASE,merchandise,11,13.75,7,7,1.25,5,2010-03-10,2010-07-12,4346,4463
35597A,DUSTY PINK CHRISTMAS TREE 30CM,merchandise,11,13.75,4,4,1.25,3,2010-09-06,2010-12-06,4347,4464
90171,DAISY RING,merchandise,11,13.75,2,2,1.25,1,2010-02-16,2010-02-28,4348,4465
35936,CERISE+GOLD CHRISTMAS TREE DEC,merchandise,36,13.68,9,8,0.38,5,2009-12-11,2010-10-17,3978,4466
21525,BEWARE OF THE CAT DOORMAT,merchandise,2,13.5,2,1,6.75,1,2009-12-18,2009-12-18,4546,4467
62097B,BLUE STRIPES SHOULDER BAG,merchandise,11,13.37,4,3,1.22,3,2010-06-16,2011-05-23,4349,4468
35443,RASTA IN BATH W SPLIFF ASHTRAY,merchandise,15,12.75,9,9,0.85,9,2009-12-06,2011-11-24,4272,4471
44092B,BLUE WHITE PLASTIC RINGS LAMPSHADE,merchandise,15,12.75,6,4,0.85,6,2010-07-18,2011-09-05,4273,4472
20812,EMBOSSED FLOWER TRELLIS PHOTO FRAME,merchandise,5,12.75,3,3,2.55,2,2009-12-01,2010-01-28,4481,4469
85083,KISS REINDEER SCANDINAVIAN STOCKING,merchandise,5,12.75,2,2,2.55,1,2009-12-03,2009-12-10,4482,4475
90033,IVORY SHELL HEART EARRINGS,merchandise,5,12.75,2,2,2.55,2,2010-11-09,2011-05-08,4483,4477
72752B,"F.FAIRY,CANDLE IN GLASS,LAVENDER",merchandise,3,12.75,2,2,4.25,1,2009-12-04,2009-12-11,4527,4473
85115B,S/4 BLACK DISCO PARTITION PANEL,merchandise,3,12.75,1,1,4.25,1,2010-06-09,2010-06-09,4528,4476
21772,VINTAGE METAL CAKE STAND CREAM,merchandise,1,12.75,1,1,12.75,1,2010-01-05,2010-01-05,4579,4470
84648,NEW BAROQUE WALL MIRROR,merchandise,1,12.75,1,1,12.75,1,2009-12-01,2009-12-01,4580,4474
35751C,PURPLE CURRENT CANDLE RING,merchandise,31,12.61,2,2,0.41,1,2009-12-01,2009-12-02,4040,4478
79149B,SILICON STAR BULB  BLUE,merchandise,30,12.6,12,11,0.42,10,2009-12-04,2011-12-06,4048,4479
35918B,BLUE FLORIBUNDA EGG WARMER,merchandise,10,12.5,5,5,1.25,2,2009-12-02,2010-02-23,4368,4480
51012L,"FEATHER DUSTER, LIGHT PINK",merchandise,10,12.5,6,5,1.25,1,2009-12-03,2009-12-11,4369,4481
44242A,LILAC FEATHERS CURTAIN,merchandise,14,11.98,2,2,0.86,2,2010-03-25,2011-07-10,4293,4482
85185E,DUCK SOCK PUPPET,merchandise,4,11.8,2,2,2.95,1,2009-12-03,2009-12-15,4501,4483
90027C,GLASS BEAD HOOP EARRINGS GREEN,merchandise,4,11.8,2,2,2.95,2,2010-03-03,2010-11-14,4502,4484
84814B,RHOMBUS CRYSTAL PERFUME BOTTLE,merchandise,6,11.7,2,2,1.95,1,2009-12-01,2009-12-06,4458,4485
37491A,YELLOW/PINK CERAMIC CANDLE HOLDER,merchandise,7,11.55,5,5,1.65,4,2010-02-17,2010-07-01,4431,4486
84743C,ORANGE FELT VASE + FLOWERS,merchandise,9,11.25,5,5,1.25,3,2010-03-12,2011-03-31,4386,4487
90025E,BAROQUE BUTTERFLY EARRINGS MONTANA,merchandise,3,11.25,3,3,3.75,2,2010-03-07,2010-05-21,4529,4488
17011B,ORIGAMI JASMINE INCENSE+FLOWER,merchandise,19,11.1,2,2,0.58,2,2010-05-30,2010-08-20,4195,4489
72785B,S/4 CONTEMPORY RED ROSEBUD CANDLES,merchandise,9,10.9,3,3,1.21,2,2009-12-11,2010-01-29,4387,4490
84732D,CUTE RABBIT CEATURE SCREEN,merchandise,15,10.89,6,6,0.73,4,2009-12-17,2011-08-18,4274,4491
17084G,MOON INCENSE,merchandise,50,10.5,2,2,0.21,1,2009-12-02,2009-12-07,3865,4494
16169A,WRAP CHRISTMAS DECOUPAGE,merchandise,25,10.5,1,1,0.42,1,2010-04-29,2010-04-29,4105,4492
16169G,WRAP ROMANTIC DECOUPAGE,merchandise,25,10.5,1,1,0.42,1,2009-12-10,2009-12-10,4106,4493
21496,WOODLAND CREATURES  WRAP,merchandise,25,10.5,1,1,0.42,1,2009-12-17,2009-12-17,4107,4495
90041,PEARL AND CHERRY QUARTZ BRACLET,merchandise,3,10.5,2,2,3.5,2,2010-07-11,2011-05-25,4530,4496
20939,ORANGE CANDLE,merchandise,12,10.2,1,1,0.85,1,2009-12-11,2009-12-11,4328,4497
90214Z,"LETTER ""Z"" BLING KEY RING",merchandise,17,9.73,5,5,0.57,5,2009-12-10,2011-12-05,4236,4498
81953P,ROUND ARTICULATED PINK CLOCK W/SUCK,merchandise,33,9.57,6,5,0.29,4,2010-02-24,2011-07-21,4018,4499
20822,SILVER WINE GOBLET,merchandise,2,9.3,1,1,4.65,1,2010-02-01,2010-02-01,4547,4500
72708,SCULPTED ROUND IVORY CANDLE,merchandise,44,9.24,5,5,0.21,3,2009-12-10,2010-08-23,3921,4502
23441,HAND PAINTED HANGING EASTER EGG,merchandise,22,9.24,3,3,0.42,2,2011-11-23,2011-12-07,4153,4501
18098B,BLUE PORCELAIN B'FLY OIL BURNER,merchandise,3,8.85,3,3,2.95,2,2009-12-13,2010-02-24,4531,4503
35598C,WHITE CHRISTMAS TREE 60CM,merchandise,3,8.85,3,3,2.95,2,2009-12-18,2011-11-24,4532,4504
71496B,A4 WALL TIDY RED FLOWERS,merchandise,15,8.67,6,6,0.58,5,2010-04-20,2011-11-02,4275,4505
84572,6 HOOK JEWEL STAND LILAC DRESS,merchandise,1,8.49,1,1,8.49,1,2009-12-02,2009-12-02,4581,4506
90188,DROP EARRINGS W FLOWER & LEAF,merchandise,3,7.65,3,3,2.55,3,2010-07-20,2011-11-18,4533,4507
44091A,BLUE CRUSOE CHECK LAMPSHADE,merchandise,18,7.56,6,6,0.42,4,2010-03-26,2011-07-20,4218,4508
20942,SET/6 GINGERBREAD TREE T-LIGHTS,merchandise,6,7.5,4,4,1.25,1,2009-12-01,2009-12-22,4459,4509
46037A,PINK CANVAS DES CUSHION COVER,merchandise,6,7.5,2,2,1.25,2,2010-05-25,2010-08-12,4460,4510
82011E,"BATHROOM SCALES, FAG BREAK",merchandise,2,7.5,2,2,3.75,1,2010-02-11,2010-02-11,4548,4511
84366,VENDETTA CANVAS PICTURE,merchandise,2,7.5,2,2,3.75,2,2010-02-02,2010-05-13,4549,4512
90025A,BAROQUE BUTTERFLY EARRINGS BLACK,merchandise,2,7.5,2,2,3.75,2,2011-04-10,2011-10-09,4550,4513
90025C,BAROQUE BUTTERFLY EARRINGS GREEN,merchandise,2,7.5,2,2,3.75,2,2010-05-21,2010-10-24,4551,4514
90025D,BAROQUE BUTTERFLY EARRINGS PINK,merchandise,2,7.5,2,2,3.75,2,2010-02-16,2010-05-21,4552,4515
90025F,BAROQUE BUTTERFLY EARRINGS CRYSTAL,merchandise,2,7.5,2,2,3.75,2,2010-03-07,2011-10-20,4553,4516
90111,BLUE HIBISCUS  HAIR CLIP,merchandise,7,7.35,6,6,1.05,4,2009-12-07,2010-03-08,4432,4517
35001P,HAND OPEN SHAPE PINK,merchandise,2,6.98,2,2,3.49,1,2009-12-14,2009-12-17,4554,4518
85230C,ROSE SCENTED VOTIVE CANDLE,merchandise,24,6.96,1,1,0.29,1,2009-12-10,2009-12-10,4123,4519
85230D,VANILLA SCENTED VOTIVE CANDLE,merchandise,24,6.96,1,1,0.29,1,2009-12-10,2009-12-10,4124,4520
21852,EMPIRE TEDDY,merchandise,1,6.95,1,1,6.95,1,2009-12-18,2009-12-18,4582,4521
37484,ENGLISH ROSE TEA FOR ONE GIFT BOX,merchandise,1,6.75,1,1,6.75,1,2009-12-08,2009-12-08,4583,4522
48173A,DOOR MAT BLUE FLOCK,merchandise,1,6.75,1,1,6.75,1,2010-01-26,2010-01-26,4584,4523
90187A,BLUE DROP EARRINGS W BEAD CLUSTER,merchandise,2,6.7,1,1,3.35,1,2010-03-21,2010-03-21,4555,4524
20678,LARGE BLACK DIAMANTE HAIRSLIDE,merchandise,4,6.6,1,1,1.65,1,2011-09-23,2011-09-23,4503,4525
20858,SILVER PURSE GOLD PINK BUTTERFLY,merchandise,4,6.6,1,1,1.65,1,2009-12-14,2009-12-14,4504,4526
90082C,DIAMANTE BOW BROOCH WHITE COLOUR,merchandise,1,6.35,1,1,6.35,1,2010-02-10,2010-02-10,4585,4527
79140,ASS WINDPROOF MARIJUANA LIGHTERS,merchandise,15,6.3,2,2,0.42,2,2010-02-01,2010-06-01,4276,4528
20673,STRAWBERRIES PRINT BOWL,merchandise,5,6.25,2,2,1.25,1,2009-12-01,2009-12-03,4484,4529
37408,ASSORTED DESIGN GEISHA GIRL MUGS,merchandise,5,6.25,1,1,1.25,1,2009-12-04,2009-12-04,4485,4530
82072,WHITE WOOD SINGLE P/FRAME,merchandise,5,6.25,3,3,1.25,3,2010-02-07,2010-08-27,4486,4531
90214W,"LETTER ""W"" BLING KEY RING",merchandise,14,5.98,3,3,0.43,3,2010-06-07,2011-12-05,4294,4532
37409,ASSORTED DESIGN FLOWER MUGS,merchandise,7,5.95,3,3,0.85,3,2010-01-14,2010-04-11,4433,4533
72751A,"F.FAIRY S/3 SML CANDLE,LILY/VALLEY",merchandise,1,5.95,1,1,5.95,1,2009-12-04,2009-12-04,4586,4534
72751B,"F.FAIRY S/3 SML CANDLE, LAVENDER",merchandise,1,5.95,1,1,5.95,1,2009-12-04,2009-12-04,4587,4535
72751C,"F.FAIRY S/3 SML CANDLE, ROSE",merchandise,1,5.95,1,1,5.95,1,2010-02-07,2010-02-07,4588,4536
90000C,OPAL WHITE/SILVER FLOWER NECKLACE,merchandise,1,5.95,1,1,5.95,1,2009-12-13,2009-12-13,4589,4537
18098A,PINK PORCELAIN B'FLY OIL BURNER,merchandise,2,5.9,2,2,2.95,1,2009-12-14,2009-12-17,4556,4538
20882,MODERN CHRISTMAS TREE CANDLE,merchandise,2,5.9,1,1,2.95,1,2009-12-13,2009-12-13,4557,4539
35821P,"JEWELLED DECORATION,PINK",merchandise,2,5.9,2,2,2.95,1,2009-12-02,2009-12-15,4558,4540
35823P,"ACRYLIC BEAD GARLAND,PINK",merchandise,2,5.9,2,2,2.95,2,2010-02-21,2010-07-15,4559,4541
79303A,WHITE ROHMBIC BLOCK TABLE LAMP,merchandise,2,5.9,1,1,2.95,1,2010-01-26,2010-01-26,4560,4542
84247J,PACK/12 RUSSIAN DOLL CARDS,merchandise,2,5.9,2,2,2.95,1,2009-12-02,2009-12-03,4561,4543
90011A,MIDNIGHT BLUE CRYSTAL DROP EARRINGS,merchandise,2,5.9,2,2,2.95,2,2010-11-29,2011-11-24,4562,4544
90130C,GREEN STONE/CRYSTAL EARRINGS,merchandise,2,5.9,2,2,2.95,1,2010-04-08,2010-04-27,4563,4545
90183C,BLACK DROP EARRINGS W LONG BEADS,merchandise,2,5.9,2,2,2.95,2,2010-03-07,2011-03-04,4564,4546
35051B,PINK BEADED CONE CHRISTMAS,merchandise,14,5.88,2,2,0.42,1,2009-12-01,2009-12-07,4295,4547
85186B,BUNNY BUNCH OF FLOWERS,merchandise,14,5.88,2,2,0.42,1,2010-03-17,2010-03-21,4296,4548
35537,CANDLE RING W/CLEAR BEADS,merchandise,13,5.46,3,3,0.42,3,2009-12-06,2010-05-19,4307,4549
21838,DADDY MOUSE RED GINGHAM BOW TIE,merchandise,1,5.45,1,1,5.45,1,2009-12-02,2009-12-02,4590,4550
35751D,PINK CURRENT CANDLE RING,merchandise,28,5.32,1,1,0.19,1,2009-12-02,2009-12-02,4066,4551
84201B,HAPPY BIRTHDAY CARD STRIPEY TEDDY,merchandise,28,5.32,6,6,0.19,6,2009-12-06,2011-11-25,4067,4552
16010,FOLDING CAMPING SCISSOR W/KNIF & S,merchandise,44,5.28,4,4,0.12,4,2010-01-17,2011-03-28,3922,4553
16215,FUNKY GIRLZ MAGNETIC TO DO LIST,merchandise,8,5.2,3,3,0.65,1,2009-12-03,2009-12-03,4408,4554
71101A,ANGEL ON KNEES METAL POLE 100CM H,merchandise,6,5.1,1,1,0.85,1,2009-12-13,2009-12-13,4461,4555
90054,CRACKED GLAZE EARRINGS RED,merchandise,2,5.1,2,2,2.55,2,2010-09-13,2011-10-09,4565,4556
84942,KASHMIR FOLKART HEART DISHES,merchandise,3,5.07,3,3,1.69,2,2009-12-16,2010-01-24,4534,4557
79151B,"SILICON CUBE 25W, BLUE",merchandise,12,5.04,2,2,0.42,2,2010-12-05,2011-11-28,4329,4558
37451,CERAMIC CAKE TEAPOT WITH CHERRY,merchandise,1,4.95,1,1,4.95,1,2010-02-07,2010-02-07,4591,4559
85043,RED HEART CANDY POP LIGHTS,merchandise,1,4.95,1,1,4.95,1,2010-01-04,2010-01-04,4592,4560
85232C,RUSSIAN FOLKART STACKING TINS,merchandise,1,4.95,1,1,4.95,1,2010-01-15,2010-01-15,4593,4561
90214U,"LETTER ""U"" BLING KEY RING",merchandise,13,4.73,2,2,0.36,2,2010-11-03,2011-12-05,4308,4562
45014,FOLDING SHIRT TIDY,merchandise,1,4.65,1,1,4.65,1,2010-07-15,2010-07-15,4594,4563
81953B,ROUND BLUE CLOCK WITH SUCKER,merchandise,14,4.64,6,5,0.33,4,2010-05-09,2011-07-18,4297,4564
79157B,UBO-LIGHT TRIOBASE BLUE,merchandise,5,4.25,3,3,0.85,3,2010-02-07,2011-12-06,4487,4567
79157V,UBO-LIGHT TRIOBASE PURPLE,merchandise,5,4.25,3,3,0.85,2,2011-10-09,2011-11-03,4488,4568
21409,SPOTTY COCKEREL DOORSTOP,merchandise,1,4.25,1,1,4.25,1,2010-01-18,2010-01-18,4595,4565
72752A,"F.FAIRY,CANDLE IN GLASS,LILY/VALLEY",merchandise,1,4.25,1,1,4.25,1,2009-12-04,2009-12-04,4596,4566
20877,MODERN CHRISTMAS BAUBLE CANDLE,merchandise,10,4.2,3,3,0.42,1,2009-12-10,2009-12-17,4370,4569
20884,MODERN CHRISTMAS TREE CANDLE,merchandise,2,4.2,2,2,2.1,1,2009-12-10,2009-12-13,4566,4570
84255A,PINK GLASS COCKTAIL LAMP,merchandise,2,4.2,2,2,2.1,2,2009-12-13,2010-01-21,4567,4571
90125E,AMBER BERTIE GLASS BEAD BAG CHARM,merchandise,2,4.2,2,2,2.1,2,2009-12-02,2011-05-26,4568,4572
37432,MUG PINK AND PURPLE ARABIC DESIGN,merchandise,6,3.9,1,1,0.65,1,2009-12-08,2009-12-08,4462,4573
72084B,CHOCOLATE ICE CREAM CANDLE,merchandise,2,3.9,1,1,1.95,1,2010-03-26,2010-03-26,4569,4574
40046C,PINK BUTTERFLY PAPER LAMPSHADE,merchandise,3,3.75,3,3,1.25,1,2009-12-06,2009-12-16,4535,4577
90128D,PURPLE LEAVES AND BEADS PHONE CHAR,merchandise,3,3.75,2,2,1.25,2,2010-06-21,2010-11-24,4536,4580
35974,S/6 CHRISTMAS TREE PLACE SETTING,merchandise,1,3.75,1,1,3.75,1,2009-12-16,2009-12-16,4597,4575
37438,FUNKY FLOWER COFFEE POT,merchandise,1,3.75,1,1,3.75,1,2009-12-13,2009-12-13,4598,4576
90004A,JADE GREEN PAIR ENAMEL HAIR SLIDES,merchandise,1,3.75,1,1,3.75,1,2009-12-15,2009-12-15,4599,4578
90025B,BAROQUE BUTTERFLY EARRINGS RED,merchandise,1,3.75,1,1,3.75,1,2010-03-07,2010-03-07,4600,4579
84731,3 BIRDS CANVAS SCREEN,merchandise,3,3.69,3,3,1.23,3,2010-04-27,2011-07-31,4537,4581
21081,SET/20 POSIES PAPER NAPKINS,merchandise,4,3.4,4,4,0.85,2,2009-12-01,2010-01-31,4505,4582
35995,SET/6 BLACK GLITTER REINDEER CANDLE,merchandise,4,3.36,4,4,0.84,1,2009-12-01,2009-12-14,4506,4583
20683,RAIN GIRL CHILDS UMBRELLA,merchandise,1,3.25,1,1,3.25,1,2009-12-11,2009-12-11,4601,4584
23630,SET 10 CARDS HANGING BAUBLES 17080,merchandise,1,2.99,1,1,2.99,1,2011-09-22,2011-09-22,4602,4585
20885,BOX OF 3 PEBBLE CANDLES,merchandise,1,2.95,1,1,2.95,1,2009-12-22,2009-12-22,4603,4586
62097A,PINK STRIPES SHOULDER BAG,merchandise,1,2.95,1,1,2.95,1,2009-12-11,2009-12-11,4604,4587
79301,FEATHER HEART LIGHTS,merchandise,1,2.95,1,1,2.95,1,2010-01-21,2010-01-21,4605,4588
90011E,AMBER CRYSTAL DROP EARRINGS,merchandise,1,2.95,1,1,2.95,1,2010-03-21,2010-03-21,4606,4589
90091,CRYSTAL DRAGONFLY PHONE CHARM,merchandise,3,2.55,2,2,0.85,2,2010-05-10,2010-10-11,4538,4599
21036,SET/2 TEA TOWELS MODERN VINTAGE,merchandise,1,2.55,1,1,2.55,1,2009-12-14,2009-12-14,4607,4590
35999,S/6 SCANDINAVIAN HEART T-LIGHT,merchandise,1,2.55,1,1,2.55,1,2009-12-13,2009-12-13,4608,4591
47554,S/3 COLOURS FLOCK TEA TOWELS,merchandise,1,2.55,1,1,2.55,1,2009-12-06,2009-12-06,4609,4592
47556,SET/2 SPOTTY + ROSE TEA TOWELS,merchandise,1,2.55,1,1,2.55,1,2009-12-02,2009-12-02,4610,4593
47569,ENGLISH ROSE DESIGN SHOPPING BAG,merchandise,1,2.55,1,1,2.55,1,2009-12-02,2009-12-02,4611,4594
71434B,"BLACK RND BULLET""KEEP CLEAN"" BIN",merchandise,1,2.55,1,1,2.55,1,2010-03-10,2010-03-10,4612,4595
85171,S/2 HYACINTH BULB CANDLES,merchandise,1,2.55,1,1,2.55,1,2009-12-07,2009-12-07,4613,4596
90055,CRACKED GLAZE EARRINGS BROWN,merchandise,1,2.55,1,1,2.55,1,2011-02-11,2011-02-11,4614,4597
90077,BLACK DIAMOND CLUSTER EARRINGS,merchandise,1,2.55,1,1,2.55,1,2010-03-07,2010-03-07,4615,4598
17028J,INCENSE BAZAAR PEACH,merchandise,6,2.52,1,1,0.42,1,2011-01-31,2011-01-31,4463,4600
21225,POCKET MIRROR BUTTERFLY,merchandise,2,2.5,2,2,1.25,1,2009-12-11,2009-12-21,4570,4601
90071,RUBY GLASS CLUSTER EARRINGS,merchandise,2,2.5,2,2,1.25,2,2010-03-21,2011-10-09,4571,4602
90127B,BLUE BEADS+HAND PHONE CHARM,merchandise,2,2.5,2,2,1.25,2,2010-02-19,2010-09-09,4572,4603
84250M,"GREETING CARD, BLACKPOOL ROCK",merchandise,12,2.28,1,1,0.19,1,2010-01-08,2010-01-08,4330,4604
20620,RED SPOTTY PASSPORT COVER,merchandise,1,2.1,1,1,2.1,1,2009-12-02,2009-12-02,4616,4605
17061,ASSORTED SHAPED STENCIL FOR HENNA,merchandise,52,2.08,1,1,0.04,1,2009-12-07,2009-12-07,3845,4606
85192S,HANGING SPRING FLOWER HEART SMALL,merchandise,3,1.95,2,2,0.65,1,2010-02-07,2010-02-08,4539,4610
35945,GOLD CHRISTMAS STOCKING DECORATION,merchandise,1,1.95,1,1,1.95,1,2009-12-18,2009-12-18,4617,4607
46138D,GREEN CHENILLE SHAGGY C/COVER,merchandise,1,1.95,1,1,1.95,1,2010-03-25,2010-03-25,4618,4608
84814A,HEXAGONAL CRYSTAL PERFUME BOTTLE,merchandise,1,1.95,1,1,1.95,1,2010-03-26,2010-03-26,4619,4609
84201C,HAPPY BIRTHDAY CARD TEDDY/CAKE,merchandise,10,1.9,3,3,0.19,2,2010-08-23,2011-08-28,4371,4611
84206C,CHAMPAGNE TRAY BLANK CARD,merchandise,10,1.9,4,4,0.19,4,2009-12-06,2011-11-25,4372,4612
84206B,CAT WITH SUNGLASSES BLANK CARD,merchandise,9,1.71,2,2,0.19,2,2010-08-24,2011-11-20,4388,4613
20881,MODERN CHRISTMAS TREE CANDLE,merchandise,2,1.7,1,1,0.85,1,2009-12-10,2009-12-10,4573,4614
35837,SET OF SIX SILVER+RED FLOCK BAUBLES,merchandise,2,1.7,1,1,0.85,1,2009-12-10,2009-12-10,4574,4615
72754D,F FAIRY POTPOURRI CUSHIONS SUMMER,merchandise,1,1.69,1,1,1.69,1,2009-12-02,2009-12-02,4620,4616
10109,BENDY COLOUR PENCILS,merchandise,4,1.68,1,1,0.42,1,2009-12-03,2009-12-03,4507,4617
21585,SWALLOW SMALL TUBE MATCHES,merchandise,1,1.65,1,1,1.65,1,2010-08-01,2010-08-01,4621,4618
23664,FLOWER SHOP DESIGN MUG,merchandise,1,1.65,1,1,1.65,1,2011-11-11,2011-11-11,4622,4619
72796C,S/3 ROSE GARDEN SCENT SQU CANDLE,merchandise,1,1.65,1,1,1.65,1,2010-01-17,2010-01-17,4623,4620
85024A,CRYSTAL SMALL JEWELLED PHOTOFRAME,merchandise,1,1.65,1,1,1.65,1,2009-12-04,2009-12-04,4624,4621
35980B,RED TOP SCANDINAVIAN HEART,merchandise,4,1.52,2,2,0.38,2,2009-12-18,2010-05-16,4508,4622
35950,FOLKART HEART CHRISTMAS DECORATIONS,merchandise,1,1.25,1,1,1.25,1,2010-03-03,2010-03-03,4625,4623
35976B,WHITE SCANDINAVIAN HEART CHRISTMAS,merchandise,1,1.25,1,1,1.25,1,2009-12-06,2009-12-06,4626,4624
37326,FAIRY DESIGN MUGS,merchandise,1,1.25,1,1,1.25,1,2010-03-29,2010-03-29,4627,4625
84845A,HOLLYHOCK SQUARE HANDY TIN,merchandise,1,1.25,1,1,1.25,1,2009-12-06,2009-12-06,4628,4626
TEST002,This is a test product.,merchandise,1,1.0,1,1,1.0,1,2009-12-18,2009-12-18,4629,4627
20721,OWLS CHARLOTTE BAG,merchandise,1,0.85,1,1,0.85,1,2009-12-07,2009-12-07,4630,4628
84205C,HAPPY BIRTHDAY GINGER CAT CARD,merchandise,2,0.38,1,1,0.19,1,2010-03-03,2010-03-03,4575,4630
35930,PINK HEART CHRISTMAS DECORATION,merchandise,1,0.38,1,1,0.38,1,2009-12-16,2009-12-16,4631,4629
PADS,PADS TO MATCH ALL CUSHIONS,merchandise,17,0.02,17,15,0.0,9,2010-01-19,2011-09-25,4237,4631
